TransactionID,CustomerID,AccountID,CardID,MerchantID,DateKey,Amount,Currency,Status,Channel,TransactionType
TX00001,CUST0358,ACC0358,CARD0181,MERCH0112,2025-01-05 07:42:20,78.33,USD,Approved,POS,Transfer
TX00002,CUST0146,ACC0146,CARD0393,MERCH0014,2025-12-19 20:01:45,323.31,EUR,Approved,Web,Purchase
TX00003,CUST0917,ACC0917,CARD1050,MERCH0091,2025-04-04 03:18:01,595.86,CAD,Approved,POS,Transfer
TX00004,CUST0511,ACC0511,CARD0769,MERCH0153,2025-05-13 08:56:17,79.83,USD,Approved,POS,Purchase
TX00005,CUST0888,ACC0888,CARD1075,MERCH0077,2025-12-07 10:19:37,331.28,CAD,Approved,POS,Purchase
TX00006,CUST0047,ACC0047,CARD1155,MERCH0085,2025-03-20 15:42:11,111.9,USD,Approved,Web,Purchase
TX00007,CUST0822,ACC0822,CARD0401,MERCH0109,2025-01-08 07:45:15,194.35,EUR,Approved,POS,Transfer
TX00008,CUST0029,ACC0029,CARD1338,MERCH0031,2025-05-29 10:45:49,11.96,USD,Approved,POS,Withdrawal
TX00009,CUST0978,ACC0978,CARD0425,MERCH0122,2025-04-01 04:45:31,127.23,EUR,Approved,Mobile App,Purchase
TX00010,CUST0081,ACC0081,CARD0730,MERCH0107,2025-10-16 01:49:13,15.91,USD,Approved,POS,Purchase
TX00011,CUST0440,ACC0440,CARD0867,MERCH0054,2025-12-22 19:15:06,51.92,EUR,Approved,POS,Purchase
TX00012,CUST0399,ACC0399,CARD0020,MERCH0133,2025-09-28 02:31:28,130.49,GBP,Approved,POS,Purchase
TX00013,CUST0190,ACC0190,CARD0710,MERCH0141,2025-01-11 15:17:21,251.89,GBP,Approved,POS,Purchase
TX00014,CUST0008,ACC0008,CARD0122,MERCH0156,2025-03-06 04:32:30,128.45,USD,Approved,Mobile App,Withdrawal
TX00015,CUST0401,ACC0401,CARD0512,MERCH0043,2025-06-21 22:36:37,417.78,GBP,Approved,POS,Purchase
TX00016,CUST0316,ACC0316,CARD1057,MERCH0089,2025-05-30 04:56:09,254.37,EUR,Approved,Web,Purchase
TX00017,CUST0164,ACC0164,CARD0525,MERCH0115,2025-05-26 23:01:02,30.48,INR,Approved,Web,Withdrawal
TX00018,CUST0176,ACC0176,CARD1355,MERCH0099,2025-07-28 12:52:45,78.89,EUR,Approved,ATM,Refund
TX00019,CUST0491,ACC0491,CARD1012,MERCH0047,2025-01-10 00:46:26,170.61,INR,Approved,POS,Purchase
TX00020,CUST0127,ACC0127,CARD1057,MERCH0071,2025-07-05 00:27:00,423.08,GBP,Approved,Web,Purchase
TX00021,CUST0347,ACC0347,CARD0158,MERCH0166,2025-05-14 00:48:02,664.92,GBP,Approved,POS,Transfer
TX00022,CUST0471,ACC0471,CARD1213,MERCH0067,2025-10-24 13:42:02,221.07,USD,Approved,Web,Purchase
TX00023,CUST0170,ACC0170,CARD0557,MERCH0062,2025-08-01 06:48:44,132.92,EUR,Approved,Web,Purchase
TX00024,CUST0602,ACC0602,CARD1123,MERCH0109,2025-01-18 04:24:21,216.96,EUR,Declined,POS,Withdrawal
TX00025,CUST0154,ACC0154,CARD0564,MERCH0167,2025-03-01 15:04:21,52.87,USD,Approved,Web,Transfer
TX00026,CUST0320,ACC0320,CARD0470,MERCH0037,2025-03-09 00:47:17,55.03,USD,Declined,Web,Withdrawal
TX00027,CUST0994,ACC0994,CARD0843,MERCH0119,2025-02-09 15:06:20,164.35,INR,Approved,POS,Purchase
TX00028,CUST0621,ACC0621,CARD1239,MERCH0086,2025-03-15 13:50:31,313.17,EUR,Approved,POS,Purchase
TX00029,CUST0613,ACC0613,CARD1066,MERCH0126,2025-09-19 10:37:35,530.03,USD,Approved,POS,Purchase
TX00030,CUST0460,ACC0460,CARD1082,MERCH0136,2025-10-01 08:12:00,67.63,EUR,Approved,POS,Purchase
TX00031,CUST0435,ACC0435,CARD0877,MERCH0052,2025-12-24 18:16:12,243.85,USD,Pending,POS,Purchase
TX00032,CUST0418,ACC0418,CARD0570,MERCH0091,2025-08-03 12:19:57,291.11,EUR,Approved,Web,Purchase
TX00033,CUST0498,ACC0498,CARD0341,MERCH0033,2025-10-13 17:44:25,151.4,EUR,Reversed,POS,Purchase
TX00034,CUST0602,ACC0602,CARD1123,MERCH0081,2025-05-29 07:37:33,69.06,USD,Approved,POS,Withdrawal
TX00035,CUST0899,ACC0899,CARD0524,MERCH0042,2025-04-17 04:09:48,149.78,GBP,Declined,Web,Transfer
TX00036,CUST0375,ACC0375,CARD1347,MERCH0112,2025-03-17 09:23:20,136.72,USD,Approved,Web,Purchase
TX00037,CUST0466,ACC0466,CARD0560,MERCH0126,2025-07-15 07:37:10,144.91,CAD,Approved,ATM,Purchase
TX00038,CUST0633,ACC0633,CARD1254,MERCH0155,2025-10-07 19:01:16,149.85,INR,Approved,Mobile App,Purchase
TX00039,CUST0764,ACC0764,CARD0146,MERCH0136,2025-04-28 21:36:38,286.65,USD,Approved,Web,Purchase
TX00040,CUST0744,ACC0744,CARD0752,MERCH0151,2025-03-02 15:37:12,32.96,GBP,Approved,POS,Purchase
TX00041,CUST0425,ACC0425,CARD0444,MERCH0106,2025-12-01 20:08:17,73.66,EUR,Approved,Web,Transfer
TX00042,CUST0023,ACC0023,CARD0386,MERCH0125,2025-02-20 08:41:23,137.28,EUR,Approved,Web,Purchase
TX00043,CUST0969,ACC0969,CARD0111,MERCH0113,2025-05-02 20:05:58,54.97,USD,Approved,Mobile App,Purchase
TX00044,CUST0906,ACC0906,CARD0249,MERCH0064,2025-01-08 07:12:48,578.55,EUR,Approved,POS,Purchase
TX00045,CUST0131,ACC0131,CARD0805,MERCH0123,2025-02-14 17:33:40,50.81,INR,Approved,Web,Purchase
TX00046,CUST0521,ACC0521,CARD0160,MERCH0114,2025-10-11 23:42:46,100.13,USD,Approved,Web,Purchase
TX00047,CUST0228,ACC0228,CARD1208,MERCH0020,2025-04-17 00:51:38,319.78,USD,Approved,POS,Withdrawal
TX00048,CUST0571,ACC0571,CARD0663,MERCH0016,2025-07-12 20:27:13,17.52,USD,Approved,Web,Transfer
TX00049,CUST0770,ACC0770,CARD0063,MERCH0145,2025-12-03 10:37:24,262.79,EUR,Approved,POS,Withdrawal
TX00050,CUST0117,ACC0117,CARD0289,MERCH0019,2025-03-03 15:05:33,131.95,CAD,Approved,Web,Purchase
TX00051,CUST0987,ACC0987,CARD1313,MERCH0120,2025-10-09 19:33:43,9.85,EUR,Approved,Web,Withdrawal
TX00052,CUST0216,ACC0216,CARD0855,MERCH0136,2025-02-08 12:20:11,354.82,USD,Declined,POS,Purchase
TX00053,CUST0194,ACC0194,CARD0318,MERCH0166,2025-10-04 09:50:21,11.0,EUR,Approved,Mobile App,Withdrawal
TX00054,CUST0489,ACC0489,CARD0094,MERCH0038,2025-04-25 10:42:55,113.61,USD,Approved,Mobile App,Purchase
TX00055,CUST0370,ACC0370,CARD1347,MERCH0181,2025-05-01 15:21:08,12.54,USD,Approved,POS,Withdrawal
TX00056,CUST0153,ACC0153,CARD1265,MERCH0093,2025-06-12 21:50:10,16.08,EUR,Approved,POS,Purchase
TX00057,CUST0676,ACC0676,CARD1025,MERCH0105,2025-06-25 14:29:41,332.33,USD,Approved,Web,Transfer
TX00058,CUST0802,ACC0802,CARD0449,MERCH0100,2025-12-03 07:30:02,222.75,GBP,Approved,Web,Purchase
TX00059,CUST0719,ACC0719,CARD0358,MERCH0090,2025-11-20 03:27:40,37.9,EUR,Approved,Web,Purchase
TX00060,CUST0107,ACC0107,CARD0521,MERCH0159,2025-10-02 04:34:07,150.32,GBP,Approved,Mobile App,Purchase
TX00061,CUST0511,ACC0511,CARD0769,MERCH0044,2025-04-11 23:07:45,242.48,INR,Approved,ATM,Purchase
TX00062,CUST0736,ACC0736,CARD0740,MERCH0188,2025-03-07 15:18:34,335.53,CAD,Declined,Web,Purchase
TX00063,CUST0991,ACC0991,CARD0624,MERCH0076,2025-02-14 20:55:50,99.75,USD,Approved,POS,Purchase
TX00064,CUST0160,ACC0160,CARD0749,MERCH0145,2025-03-08 14:34:42,346.68,CAD,Approved,Web,Purchase
TX00065,CUST0509,ACC0509,CARD0762,MERCH0079,2025-07-24 08:22:01,111.35,GBP,Approved,Web,Purchase
TX00066,CUST0268,ACC0268,CARD1017,MERCH0073,2025-06-27 09:38:42,179.82,GBP,Approved,Mobile App,Purchase
TX00067,CUST0441,ACC0441,CARD0823,MERCH0167,2025-10-07 14:19:03,584.69,USD,Approved,POS,Purchase
TX00068,CUST0561,ACC0561,CARD0676,MERCH0170,2025-01-17 19:59:35,45.37,USD,Approved,Web,Purchase
TX00069,CUST0096,ACC0096,CARD1077,MERCH0176,2025-07-21 08:30:14,32.68,INR,Approved,Web,Purchase
TX00070,CUST0424,ACC0424,CARD1003,MERCH0140,2025-09-19 04:53:21,67.79,USD,Approved,Web,Purchase
TX00071,CUST0701,ACC0701,CARD1251,MERCH0096,2025-05-29 19:52:23,31.94,USD,Approved,POS,Refund
TX00072,CUST0648,ACC0648,CARD0500,MERCH0089,2025-02-04 23:08:32,55.15,USD,Approved,Mobile App,Refund
TX00073,CUST0089,ACC0089,CARD1486,MERCH0103,2025-01-29 04:31:32,208.79,CAD,Approved,Web,Transfer
TX00074,CUST0266,ACC0266,CARD0346,MERCH0146,2025-10-06 07:46:40,102.38,EUR,Approved,Mobile App,Purchase
TX00075,CUST0281,ACC0281,CARD0816,MERCH0006,2025-03-17 08:26:23,75.51,CAD,Reversed,POS,Withdrawal
TX00076,CUST0712,ACC0712,CARD0471,MERCH0122,2025-01-10 11:21:50,74.0,USD,Approved,Web,Purchase
TX00077,CUST0346,ACC0346,CARD1244,MERCH0171,2025-04-27 06:54:15,37.45,USD,Approved,ATM,Purchase
TX00078,CUST0691,ACC0691,CARD0672,MERCH0116,2025-08-06 01:20:41,93.97,EUR,Approved,ATM,Transfer
TX00079,CUST0173,ACC0173,CARD0796,MERCH0163,2025-09-09 07:28:38,151.98,EUR,Approved,ATM,Refund
TX00080,CUST0736,ACC0736,CARD0740,MERCH0182,2025-11-18 04:50:43,27.48,USD,Approved,POS,Withdrawal
TX00081,CUST0261,ACC0261,CARD0151,MERCH0062,2025-08-21 03:19:51,545.75,USD,Approved,Web,Purchase
TX00082,CUST0361,ACC0361,CARD0700,MERCH0197,2025-07-25 00:41:13,92.85,USD,Approved,POS,Purchase
TX00083,CUST0329,ACC0329,CARD1307,MERCH0144,2025-02-13 08:56:50,448.36,USD,Approved,POS,Purchase
TX00084,CUST0099,ACC0099,CARD0764,MERCH0136,2025-12-05 10:21:57,26.69,EUR,Approved,POS,Purchase
TX00085,CUST0084,ACC0084,CARD0996,MERCH0089,2025-03-24 15:10:04,223.65,USD,Approved,Web,Withdrawal
TX00086,CUST0090,ACC0090,CARD1276,MERCH0096,2025-10-09 20:29:08,149.21,USD,Approved,Mobile App,Purchase
TX00087,CUST0675,ACC0675,CARD1385,MERCH0126,2025-08-16 14:02:31,262.27,USD,Approved,Web,Purchase
TX00088,CUST0687,ACC0687,CARD1141,MERCH0090,2025-05-10 10:32:38,142.7,USD,Approved,Mobile App,Purchase
TX00089,CUST0782,ACC0782,CARD0518,MERCH0086,2025-02-19 13:01:10,498.86,CAD,Approved,POS,Purchase
TX00090,CUST0183,ACC0183,CARD1401,MERCH0159,2025-12-03 18:40:03,152.9,USD,Approved,Mobile App,Refund
TX00091,CUST0878,ACC0878,CARD0360,MERCH0138,2025-10-03 16:10:35,235.29,USD,Declined,POS,Purchase
TX00092,CUST0064,ACC0064,CARD1391,MERCH0184,2025-01-13 10:31:30,320.05,EUR,Declined,Web,Purchase
TX00093,CUST0953,ACC0953,CARD1063,MERCH0121,2025-08-12 09:22:21,193.07,EUR,Approved,Web,Purchase
TX00094,CUST0814,ACC0814,CARD0771,MERCH0076,2025-06-24 17:01:54,116.43,EUR,Approved,Mobile App,Withdrawal
TX00095,CUST0475,ACC0475,CARD0790,MERCH0092,2025-03-31 11:55:03,52.79,USD,Approved,ATM,Transfer
TX00096,CUST0773,ACC0773,CARD0795,MERCH0070,2025-08-29 00:20:18,294.13,EUR,Approved,POS,Purchase
TX00097,CUST0993,ACC0993,CARD1374,MERCH0148,2025-11-02 08:21:45,103.26,EUR,Approved,POS,Purchase
TX00098,CUST0292,ACC0292,CARD0104,MERCH0133,2025-01-03 18:04:23,150.42,USD,Approved,Web,Purchase
TX00099,CUST0405,ACC0405,CARD0471,MERCH0023,2025-06-13 05:03:46,17.38,USD,Approved,Web,Transfer
TX00100,CUST0465,ACC0465,CARD1142,MERCH0137,2025-08-23 16:10:15,108.18,EUR,Approved,Web,Purchase
TX00101,CUST0266,ACC0266,CARD0346,MERCH0058,2025-04-26 20:17:59,184.68,EUR,Approved,POS,Withdrawal
TX00102,CUST0852,ACC0852,CARD0759,MERCH0187,2025-05-22 02:00:53,136.59,INR,Approved,Mobile App,Purchase
TX00103,CUST0339,ACC0339,CARD0816,MERCH0182,2025-02-15 17:52:11,94.28,EUR,Approved,POS,Withdrawal
TX00104,CUST0382,ACC0382,CARD0490,MERCH0046,2025-08-26 18:46:33,42.93,GBP,Approved,POS,Purchase
TX00105,CUST0246,ACC0246,CARD0660,MERCH0022,2025-06-01 10:23:56,60.59,USD,Approved,POS,Purchase
TX00106,CUST0525,ACC0525,CARD0380,MERCH0192,2025-01-18 10:41:25,185.91,CAD,Approved,ATM,Purchase
TX00107,CUST0604,ACC0604,CARD1049,MERCH0008,2025-05-17 04:28:21,43.08,EUR,Approved,POS,Purchase
TX00108,CUST0642,ACC0642,CARD0029,MERCH0123,2025-05-08 23:29:43,150.82,EUR,Approved,Web,Purchase
TX00109,CUST0479,ACC0479,CARD0154,MERCH0020,2025-07-05 01:23:24,138.64,USD,Approved,POS,Purchase
TX00110,CUST0549,ACC0549,CARD0115,MERCH0179,2025-06-27 12:45:24,533.09,USD,Approved,Web,Purchase
TX00111,CUST0760,ACC0760,CARD1143,MERCH0078,2025-01-06 10:19:30,14.41,GBP,Declined,ATM,Withdrawal
TX00112,CUST0531,ACC0531,CARD1192,MERCH0039,2025-02-05 04:04:22,22.16,USD,Approved,POS,Purchase
TX00113,CUST0302,ACC0302,CARD0338,MERCH0037,2025-12-22 18:18:50,110.81,USD,Approved,Mobile App,Withdrawal
TX00114,CUST0109,ACC0109,CARD1153,MERCH0178,2025-10-27 10:06:05,117.33,USD,Pending,ATM,Purchase
TX00115,CUST0322,ACC0322,CARD1046,MERCH0162,2025-08-25 21:07:40,11.11,USD,Approved,Web,Transfer
TX00116,CUST0214,ACC0214,CARD0642,MERCH0075,2025-11-26 07:24:33,267.18,EUR,Approved,POS,Purchase
TX00117,CUST0918,ACC0918,CARD0804,MERCH0118,2025-09-18 15:54:47,107.4,EUR,Approved,Mobile App,Purchase
TX00118,CUST0613,ACC0613,CARD1066,MERCH0104,2025-04-20 16:24:36,68.84,USD,Approved,Mobile App,Purchase
TX00119,CUST0579,ACC0579,CARD1297,MERCH0161,2025-09-09 20:55:51,62.6,EUR,Approved,ATM,Purchase
TX00120,CUST0973,ACC0973,CARD0034,MERCH0031,2025-11-09 09:19:01,301.43,GBP,Approved,Mobile App,Purchase
TX00121,CUST0221,ACC0221,CARD1077,MERCH0123,2025-05-24 22:25:39,37.86,CAD,Approved,Web,Withdrawal
TX00122,CUST0378,ACC0378,CARD1312,MERCH0054,2025-09-25 02:34:50,31.23,EUR,Declined,Web,Purchase
TX00123,CUST0937,ACC0937,CARD0699,MERCH0172,2025-01-03 16:22:22,40.96,EUR,Approved,Web,Transfer
TX00124,CUST0162,ACC0162,CARD0541,MERCH0034,2025-08-24 08:22:23,152.13,USD,Reversed,POS,Withdrawal
TX00125,CUST0321,ACC0321,CARD1399,MERCH0199,2025-08-17 10:12:21,254.85,EUR,Approved,Web,Purchase
TX00126,CUST0659,ACC0659,CARD1206,MERCH0122,2025-10-02 23:47:54,65.29,GBP,Approved,Mobile App,Transfer
TX00127,CUST0621,ACC0621,CARD1239,MERCH0113,2025-11-25 12:01:02,33.58,EUR,Approved,Web,Transfer
TX00128,CUST0945,ACC0945,CARD1298,MERCH0062,2025-05-06 21:49:50,40.21,USD,Approved,Mobile App,Purchase
TX00129,CUST0774,ACC0774,CARD0689,MERCH0023,2025-03-13 22:03:17,149.82,EUR,Approved,POS,Purchase
TX00130,CUST0435,ACC0435,CARD0877,MERCH0046,2025-11-20 03:45:15,47.36,CAD,Approved,POS,Purchase
TX00131,CUST0900,ACC0900,CARD0346,MERCH0056,2025-06-21 10:43:42,319.68,CAD,Approved,POS,Purchase
TX00132,CUST0558,ACC0558,CARD1301,MERCH0135,2025-08-05 07:44:52,21.45,GBP,Declined,POS,Purchase
TX00133,CUST0033,ACC0033,CARD0857,MERCH0118,2025-12-02 19:15:10,9.94,USD,Approved,Web,Refund
TX00134,CUST0673,ACC0673,CARD0829,MERCH0189,2025-10-25 10:28:15,18.88,USD,Approved,ATM,Purchase
TX00135,CUST0144,ACC0144,CARD0871,MERCH0131,2025-07-01 01:13:49,285.27,GBP,Approved,Web,Purchase
TX00136,CUST0441,ACC0441,CARD0823,MERCH0166,2025-07-24 23:16:56,163.0,USD,Approved,POS,Withdrawal
TX00137,CUST0903,ACC0903,CARD1102,MERCH0162,2025-07-18 19:26:03,479.6,EUR,Approved,POS,Purchase
TX00138,CUST0432,ACC0432,CARD1127,MERCH0113,2025-06-14 19:41:37,66.49,EUR,Reversed,Web,Transfer
TX00139,CUST0727,ACC0727,CARD0676,MERCH0044,2025-05-10 06:02:10,40.87,EUR,Approved,POS,Purchase
TX00140,CUST0523,ACC0523,CARD0852,MERCH0128,2025-05-02 05:33:31,128.82,EUR,Approved,Web,Purchase
TX00141,CUST0156,ACC0156,CARD0096,MERCH0108,2025-07-15 11:54:13,120.77,CAD,Approved,POS,Purchase
TX00142,CUST0708,ACC0708,CARD1439,MERCH0158,2025-07-23 10:13:38,139.11,USD,Approved,POS,Withdrawal
TX00143,CUST0188,ACC0188,CARD1283,MERCH0017,2025-11-14 05:11:28,69.05,GBP,Approved,Web,Purchase
TX00144,CUST0629,ACC0629,CARD0954,MERCH0059,2025-01-17 19:07:59,5.89,GBP,Approved,Web,Refund
TX00145,CUST0974,ACC0974,CARD0623,MERCH0138,2025-01-09 23:32:08,10.35,CAD,Approved,POS,Purchase
TX00146,CUST0066,ACC0066,CARD1479,MERCH0099,2025-07-20 11:06:34,168.52,EUR,Approved,ATM,Transfer
TX00147,CUST0856,ACC0856,CARD0797,MERCH0084,2025-05-20 05:13:50,116.12,EUR,Approved,POS,Purchase
TX00148,CUST0454,ACC0454,CARD1498,MERCH0146,2025-11-18 21:24:26,263.06,INR,Approved,POS,Refund
TX00149,CUST0639,ACC0639,CARD0795,MERCH0045,2025-01-08 05:56:35,58.59,EUR,Approved,Web,Purchase
TX00150,CUST0917,ACC0917,CARD1050,MERCH0108,2025-12-21 00:43:51,258.49,EUR,Declined,Web,Purchase
TX00151,CUST0995,ACC0995,CARD1470,MERCH0187,2025-04-23 09:50:47,88.14,USD,Approved,POS,Purchase
TX00152,CUST0451,ACC0451,CARD1082,MERCH0062,2025-05-27 10:19:50,20.25,USD,Approved,Web,Purchase
TX00153,CUST0729,ACC0729,CARD0698,MERCH0059,2025-07-29 20:16:39,576.91,EUR,Approved,POS,Purchase
TX00154,CUST0983,ACC0983,CARD1467,MERCH0177,2025-04-13 00:29:40,112.6,EUR,Approved,ATM,Withdrawal
TX00155,CUST0568,ACC0568,CARD0978,MERCH0191,2025-12-22 11:43:12,153.93,EUR,Approved,Web,Purchase
TX00156,CUST0138,ACC0138,CARD0643,MERCH0160,2025-11-10 12:12:03,171.66,USD,Approved,POS,Purchase
TX00157,CUST0240,ACC0240,CARD1225,MERCH0138,2025-04-19 00:39:55,72.51,GBP,Approved,POS,Purchase
TX00158,CUST0143,ACC0143,CARD0398,MERCH0011,2025-02-19 04:22:59,211.47,EUR,Approved,Web,Purchase
TX00159,CUST0931,ACC0931,CARD0078,MERCH0102,2025-01-27 01:58:31,311.34,EUR,Approved,Web,Refund
TX00160,CUST0739,ACC0739,CARD1169,MERCH0070,2025-10-15 02:46:24,78.45,INR,Declined,Mobile App,Purchase
TX00161,CUST0154,ACC0154,CARD0564,MERCH0123,2025-09-30 20:05:28,165.5,USD,Declined,ATM,Purchase
TX00162,CUST0053,ACC0053,CARD0388,MERCH0190,2025-12-06 07:28:44,217.28,GBP,Approved,POS,Purchase
TX00163,CUST0669,ACC0669,CARD1244,MERCH0175,2025-11-18 02:08:31,36.63,EUR,Declined,Mobile App,Purchase
TX00164,CUST0387,ACC0387,CARD0246,MERCH0034,2025-02-14 01:08:16,65.65,GBP,Reversed,Web,Purchase
TX00165,CUST0866,ACC0866,CARD0053,MERCH0101,2025-09-06 20:50:12,22.28,EUR,Approved,Web,Purchase
TX00166,CUST0950,ACC0950,CARD0485,MERCH0145,2025-03-04 21:25:20,143.27,USD,Approved,Web,Withdrawal
TX00167,CUST0712,ACC0712,CARD0471,MERCH0104,2025-11-30 21:23:20,247.12,EUR,Approved,POS,Transfer
TX00168,CUST0012,ACC0012,CARD1483,MERCH0182,2025-08-10 21:39:35,146.56,USD,Declined,POS,Transfer
TX00169,CUST0501,ACC0501,CARD1278,MERCH0040,2025-05-12 09:09:23,34.73,USD,Approved,Mobile App,Refund
TX00170,CUST0268,ACC0268,CARD1017,MERCH0019,2025-10-08 00:54:33,123.57,GBP,Approved,Web,Purchase
TX00171,CUST0363,ACC0363,CARD1140,MERCH0067,2025-05-15 00:53:32,275.21,EUR,Approved,ATM,Purchase
TX00172,CUST0653,ACC0653,CARD1156,MERCH0082,2025-07-15 23:10:41,59.09,GBP,Approved,POS,Purchase
TX00173,CUST0633,ACC0633,CARD1254,MERCH0181,2025-02-12 00:18:00,273.15,EUR,Approved,POS,Withdrawal
TX00174,CUST0922,ACC0922,CARD1277,MERCH0064,2025-05-22 22:57:21,235.3,EUR,Approved,POS,Purchase
TX00175,CUST0732,ACC0732,CARD0540,MERCH0083,2025-03-13 13:00:15,8.3,INR,Declined,Web,Withdrawal
TX00176,CUST0060,ACC0060,CARD0565,MERCH0047,2025-01-27 00:10:39,46.06,INR,Approved,ATM,Purchase
TX00177,CUST0937,ACC0937,CARD0699,MERCH0006,2025-04-16 21:40:38,122.44,USD,Approved,POS,Purchase
TX00178,CUST0796,ACC0796,CARD0457,MERCH0016,2025-03-12 01:02:16,194.67,CAD,Approved,Web,Purchase
TX00179,CUST0444,ACC0444,CARD0269,MERCH0200,2025-03-08 04:34:33,323.7,USD,Approved,Web,Purchase
TX00180,CUST0149,ACC0149,CARD0892,MERCH0146,2025-09-17 09:26:59,158.68,USD,Approved,Mobile App,Withdrawal
TX00181,CUST0910,ACC0910,CARD0239,MERCH0180,2025-03-20 10:13:40,76.79,EUR,Pending,Web,Refund
TX00182,CUST0352,ACC0352,CARD0099,MERCH0176,2025-09-03 18:16:47,35.62,INR,Approved,Web,Purchase
TX00183,CUST0692,ACC0692,CARD0173,MERCH0171,2025-06-06 16:48:51,219.09,INR,Approved,Mobile App,Withdrawal
TX00184,CUST0432,ACC0432,CARD1127,MERCH0039,2025-01-18 11:47:05,39.75,USD,Declined,POS,Purchase
TX00185,CUST0354,ACC0354,CARD0280,MERCH0177,2025-06-21 21:20:15,183.33,GBP,Reversed,ATM,Purchase
TX00186,CUST0108,ACC0108,CARD1368,MERCH0113,2025-08-28 11:03:29,34.99,GBP,Approved,Mobile App,Purchase
TX00187,CUST0933,ACC0933,CARD1410,MERCH0140,2025-02-25 03:00:57,19.32,USD,Approved,POS,Purchase
TX00188,CUST0877,ACC0877,CARD0900,MERCH0138,2025-10-05 20:26:28,48.37,EUR,Approved,Web,Withdrawal
TX00189,CUST0564,ACC0564,CARD0920,MERCH0071,2025-04-10 03:46:20,55.31,EUR,Approved,Mobile App,Purchase
TX00190,CUST0874,ACC0874,CARD0848,MERCH0110,2025-11-17 23:10:46,161.28,USD,Approved,Mobile App,Transfer
TX00191,CUST0642,ACC0642,CARD0029,MERCH0055,2025-03-27 12:48:31,31.31,GBP,Approved,POS,Refund
TX00192,CUST0007,ACC0007,CARD1045,MERCH0129,2025-12-02 09:41:06,404.55,USD,Approved,Web,Purchase
TX00193,CUST0395,ACC0395,CARD0828,MERCH0049,2025-03-20 20:23:21,126.24,USD,Declined,POS,Purchase
TX00194,CUST0824,ACC0824,CARD0767,MERCH0164,2025-06-23 03:23:31,106.28,USD,Approved,POS,Withdrawal
TX00195,CUST0325,ACC0325,CARD0230,MERCH0021,2025-04-16 09:14:28,90.56,GBP,Approved,Mobile App,Transfer
TX00196,CUST0504,ACC0504,CARD0522,MERCH0037,2025-03-04 15:22:51,130.41,EUR,Approved,Mobile App,Purchase
TX00197,CUST0014,ACC0014,CARD1397,MERCH0116,2025-11-12 11:53:36,8.41,EUR,Approved,Web,Purchase
TX00198,CUST0807,ACC0807,CARD0095,MERCH0024,2025-03-22 14:10:48,697.08,EUR,Approved,Web,Transfer
TX00199,CUST0767,ACC0767,CARD0177,MERCH0055,2025-05-08 20:57:26,127.31,USD,Approved,Web,Purchase
TX00200,CUST0108,ACC0108,CARD1368,MERCH0025,2025-08-31 12:42:32,10.37,CAD,Approved,ATM,Purchase
TX00201,CUST0223,ACC0223,CARD1440,MERCH0135,2025-08-08 19:38:46,138.73,EUR,Approved,Web,Refund
TX00202,CUST0574,ACC0574,CARD1393,MERCH0127,2025-12-08 07:34:49,91.19,USD,Approved,POS,Purchase
TX00203,CUST0087,ACC0087,CARD1295,MERCH0093,2025-09-02 01:19:07,8.65,USD,Approved,Mobile App,Purchase
TX00204,CUST0190,ACC0190,CARD0710,MERCH0094,2025-03-12 00:00:45,392.4,USD,Approved,POS,Purchase
TX00205,CUST0772,ACC0772,CARD0827,MERCH0071,2025-02-16 02:09:18,6.59,CAD,Approved,POS,Purchase
TX00206,CUST0608,ACC0608,CARD1175,MERCH0199,2025-05-29 06:30:37,134.37,EUR,Declined,Web,Refund
TX00207,CUST0510,ACC0510,CARD0442,MERCH0122,2025-05-10 02:44:14,494.7,GBP,Approved,Web,Purchase
TX00208,CUST0803,ACC0803,CARD0881,MERCH0024,2025-04-29 04:49:09,45.69,USD,Approved,Web,Transfer
TX00209,CUST0673,ACC0673,CARD0829,MERCH0011,2025-12-23 09:31:36,48.99,EUR,Approved,Mobile App,Purchase
TX00210,CUST0639,ACC0639,CARD0795,MERCH0073,2025-09-19 19:58:43,5.06,CAD,Approved,POS,Purchase
TX00211,CUST0587,ACC0587,CARD0177,MERCH0012,2025-04-13 12:48:36,15.3,USD,Approved,POS,Withdrawal
TX00212,CUST0482,ACC0482,CARD1110,MERCH0035,2025-05-22 11:14:44,11.89,EUR,Declined,POS,Refund
TX00213,CUST0554,ACC0554,CARD0413,MERCH0191,2025-01-08 22:40:38,264.45,CAD,Approved,POS,Purchase
TX00214,CUST0762,ACC0762,CARD0374,MERCH0196,2025-11-29 10:21:00,276.86,GBP,Approved,Web,Purchase
TX00215,CUST0463,ACC0463,CARD0802,MERCH0185,2025-10-23 18:14:02,199.58,USD,Approved,POS,Purchase
TX00216,CUST0982,ACC0982,CARD1344,MERCH0141,2025-12-14 12:46:49,70.25,USD,Approved,Mobile App,Transfer
TX00217,CUST0751,ACC0751,CARD0709,MERCH0023,2025-01-18 08:13:25,263.27,USD,Approved,Mobile App,Refund
TX00218,CUST0794,ACC0794,CARD1109,MERCH0083,2025-10-15 14:46:45,121.41,CAD,Approved,Web,Withdrawal
TX00219,CUST0363,ACC0363,CARD1140,MERCH0167,2025-07-13 01:33:00,59.43,EUR,Approved,POS,Withdrawal
TX00220,CUST0108,ACC0108,CARD1368,MERCH0088,2025-08-03 01:30:00,91.25,INR,Approved,Web,Purchase
TX00221,CUST0538,ACC0538,CARD0499,MERCH0080,2025-08-08 23:56:13,15.2,USD,Approved,Web,Purchase
TX00222,CUST0896,ACC0896,CARD0838,MERCH0097,2025-04-14 19:55:13,439.81,EUR,Approved,POS,Purchase
TX00223,CUST0132,ACC0132,CARD0099,MERCH0140,2025-04-12 04:09:34,149.79,USD,Approved,Mobile App,Purchase
TX00224,CUST0104,ACC0104,CARD1181,MERCH0034,2025-08-02 23:24:52,202.09,USD,Approved,POS,Withdrawal
TX00225,CUST0391,ACC0391,CARD0538,MERCH0199,2025-10-23 11:59:08,174.32,USD,Declined,ATM,Purchase
TX00226,CUST0588,ACC0588,CARD0396,MERCH0075,2025-01-31 23:54:38,170.28,USD,Approved,Web,Purchase
TX00227,CUST0921,ACC0921,CARD0625,MERCH0159,2025-02-17 18:17:19,7.61,GBP,Approved,Mobile App,Transfer
TX00228,CUST0625,ACC0625,CARD0751,MERCH0128,2025-03-02 03:31:23,116.78,USD,Approved,Web,Refund
TX00229,CUST0391,ACC0391,CARD0538,MERCH0190,2025-11-30 03:03:45,263.65,EUR,Approved,Web,Purchase
TX00230,CUST0395,ACC0395,CARD0828,MERCH0141,2025-10-11 19:28:17,11.83,CAD,Approved,Web,Purchase
TX00231,CUST0624,ACC0624,CARD0658,MERCH0031,2025-03-21 21:01:45,474.1,INR,Approved,Mobile App,Purchase
TX00232,CUST0921,ACC0921,CARD0625,MERCH0130,2025-08-09 10:12:24,87.79,USD,Approved,Web,Purchase
TX00233,CUST0607,ACC0607,CARD1493,MERCH0103,2025-10-09 00:35:24,56.35,CAD,Approved,Mobile App,Purchase
TX00234,CUST0312,ACC0312,CARD1159,MERCH0015,2025-06-13 01:59:36,118.84,USD,Approved,POS,Refund
TX00235,CUST0122,ACC0122,CARD1052,MERCH0057,2025-06-24 18:00:18,247.33,EUR,Reversed,POS,Withdrawal
TX00236,CUST0243,ACC0243,CARD1350,MERCH0075,2025-03-17 05:11:16,101.58,CAD,Approved,POS,Withdrawal
TX00237,CUST0477,ACC0477,CARD0247,MERCH0034,2025-05-02 00:16:37,160.39,GBP,Approved,Mobile App,Purchase
TX00238,CUST0196,ACC0196,CARD1258,MERCH0103,2025-09-07 21:50:53,108.95,CAD,Declined,POS,Purchase
TX00239,CUST0503,ACC0503,CARD0023,MERCH0196,2025-03-25 03:07:11,154.65,GBP,Approved,Mobile App,Purchase
TX00240,CUST0964,ACC0964,CARD1418,MERCH0075,2025-02-25 20:16:16,27.28,USD,Approved,POS,Transfer
TX00241,CUST0549,ACC0549,CARD0115,MERCH0029,2025-06-15 23:44:07,10.91,EUR,Approved,POS,Purchase
TX00242,CUST0301,ACC0301,CARD0878,MERCH0194,2025-06-07 22:32:24,27.08,USD,Declined,Web,Purchase
TX00243,CUST0271,ACC0271,CARD0897,MERCH0016,2025-07-05 17:05:17,55.5,EUR,Pending,POS,Purchase
TX00244,CUST0213,ACC0213,CARD0002,MERCH0167,2025-01-22 07:36:27,48.83,USD,Approved,Web,Withdrawal
TX00245,CUST0568,ACC0568,CARD0978,MERCH0077,2025-01-15 06:55:45,148.25,USD,Declined,Web,Purchase
TX00246,CUST0828,ACC0828,CARD1253,MERCH0037,2025-10-31 01:02:23,96.29,CAD,Approved,POS,Purchase
TX00247,CUST0124,ACC0124,CARD0201,MERCH0081,2025-07-24 02:49:56,10.94,CAD,Approved,Mobile App,Purchase
TX00248,CUST0278,ACC0278,CARD0009,MERCH0149,2025-04-23 19:07:40,10.32,EUR,Approved,Web,Purchase
TX00249,CUST0845,ACC0845,CARD1332,MERCH0172,2025-07-05 22:19:59,19.24,EUR,Approved,Web,Purchase
TX00250,CUST0779,ACC0779,CARD0385,MERCH0124,2025-06-05 14:19:13,70.33,GBP,Approved,Mobile App,Refund
TX00251,CUST0618,ACC0618,CARD0634,MERCH0019,2025-04-21 06:41:51,5.93,EUR,Approved,POS,Purchase
TX00252,CUST0527,ACC0527,CARD0691,MERCH0199,2025-04-18 17:06:40,107.18,INR,Approved,POS,Refund
TX00253,CUST0127,ACC0127,CARD1057,MERCH0102,2025-12-25 00:53:19,72.1,USD,Approved,Web,Purchase
TX00254,CUST0856,ACC0856,CARD0797,MERCH0136,2025-07-29 10:33:58,126.6,EUR,Declined,Web,Purchase
TX00255,CUST0103,ACC0103,CARD1065,MERCH0077,2025-09-12 02:11:37,196.39,CAD,Approved,POS,Withdrawal
TX00256,CUST0378,ACC0378,CARD1312,MERCH0194,2025-01-30 04:08:12,48.35,CAD,Approved,POS,Purchase
TX00257,CUST0377,ACC0377,CARD0626,MERCH0041,2025-03-21 06:53:35,30.63,EUR,Approved,Web,Purchase
TX00258,CUST0061,ACC0061,CARD0898,MERCH0198,2025-02-14 09:15:57,53.87,USD,Approved,POS,Withdrawal
TX00259,CUST0441,ACC0441,CARD0823,MERCH0061,2025-12-03 04:31:07,5.26,GBP,Pending,POS,Purchase
TX00260,CUST0686,ACC0686,CARD0934,MERCH0026,2025-12-15 03:57:43,24.18,EUR,Approved,POS,Withdrawal
TX00261,CUST0290,ACC0290,CARD1444,MERCH0071,2025-10-07 16:34:20,213.44,GBP,Approved,Web,Withdrawal
TX00262,CUST0500,ACC0500,CARD1313,MERCH0103,2025-12-01 11:27:51,42.81,EUR,Approved,POS,Purchase
TX00263,CUST0337,ACC0337,CARD0453,MERCH0070,2025-02-22 02:00:35,780.08,USD,Approved,Web,Purchase
TX00264,CUST0065,ACC0065,CARD0956,MERCH0107,2025-07-01 04:33:37,32.56,USD,Approved,Mobile App,Purchase
TX00265,CUST0142,ACC0142,CARD0767,MERCH0157,2025-10-11 09:36:49,238.22,EUR,Approved,Web,Purchase
TX00266,CUST0761,ACC0761,CARD1016,MERCH0107,2025-09-06 09:25:02,188.14,USD,Declined,Mobile App,Purchase
TX00267,CUST0661,ACC0661,CARD0091,MERCH0103,2025-04-04 17:27:53,63.32,USD,Approved,Web,Purchase
TX00268,CUST0308,ACC0308,CARD0398,MERCH0194,2025-06-28 17:55:58,65.24,EUR,Approved,Web,Purchase
TX00269,CUST0837,ACC0837,CARD0806,MERCH0019,2025-10-09 06:30:01,129.36,EUR,Approved,POS,Purchase
TX00270,CUST0382,ACC0382,CARD0490,MERCH0068,2025-04-02 11:28:55,291.96,USD,Approved,POS,Purchase
TX00271,CUST0731,ACC0731,CARD1202,MERCH0186,2025-07-31 22:03:54,78.21,USD,Approved,POS,Purchase
TX00272,CUST0935,ACC0935,CARD0666,MERCH0070,2025-07-21 00:32:22,14.47,CAD,Approved,POS,Withdrawal
TX00273,CUST0574,ACC0574,CARD1393,MERCH0113,2025-10-24 23:07:31,75.36,USD,Approved,ATM,Purchase
TX00274,CUST0100,ACC0100,CARD0188,MERCH0057,2025-07-30 14:55:40,39.85,USD,Approved,ATM,Purchase
TX00275,CUST0239,ACC0239,CARD0609,MERCH0165,2025-12-04 13:03:44,425.04,USD,Approved,POS,Withdrawal
TX00276,CUST0814,ACC0814,CARD0771,MERCH0061,2025-05-14 02:47:37,184.24,CAD,Approved,Web,Refund
TX00277,CUST0562,ACC0562,CARD1418,MERCH0092,2025-03-07 02:29:43,12.83,EUR,Approved,Web,Refund
TX00278,CUST0927,ACC0927,CARD0726,MERCH0030,2025-01-28 21:34:41,57.01,USD,Approved,Web,Purchase
TX00279,CUST0653,ACC0653,CARD1156,MERCH0199,2025-11-13 00:44:33,12.73,USD,Approved,Web,Withdrawal
TX00280,CUST0790,ACC0790,CARD0714,MERCH0153,2025-03-16 21:31:53,270.81,GBP,Approved,POS,Purchase
TX00281,CUST0063,ACC0063,CARD0092,MERCH0127,2025-02-28 14:00:06,360.14,GBP,Approved,Web,Purchase
TX00282,CUST0414,ACC0414,CARD1214,MERCH0193,2025-04-15 19:14:44,22.86,EUR,Approved,Web,Withdrawal
TX00283,CUST0467,ACC0467,CARD0488,MERCH0115,2025-07-18 03:47:45,92.05,USD,Approved,Web,Purchase
TX00284,CUST0078,ACC0078,CARD1130,MERCH0006,2025-02-04 05:44:01,407.98,USD,Approved,Web,Purchase
TX00285,CUST0250,ACC0250,CARD1370,MERCH0018,2025-09-02 09:56:37,28.54,EUR,Approved,ATM,Withdrawal
TX00286,CUST0111,ACC0111,CARD1496,MERCH0010,2025-10-14 12:45:50,56.78,GBP,Approved,Mobile App,Transfer
TX00287,CUST0520,ACC0520,CARD0896,MERCH0092,2025-01-19 02:40:38,59.42,USD,Approved,Web,Purchase
TX00288,CUST0589,ACC0589,CARD0445,MERCH0139,2025-12-14 05:52:53,9.58,EUR,Approved,POS,Withdrawal
TX00289,CUST0386,ACC0386,CARD1417,MERCH0193,2025-05-27 05:01:35,10.54,USD,Approved,Web,Purchase
TX00290,CUST0710,ACC0710,CARD1283,MERCH0077,2025-06-12 00:23:59,462.98,EUR,Approved,Web,Purchase
TX00291,CUST0062,ACC0062,CARD1364,MERCH0101,2025-06-24 23:45:50,131.98,EUR,Approved,POS,Withdrawal
TX00292,CUST0495,ACC0495,CARD0218,MERCH0084,2025-09-13 05:43:20,59.93,CAD,Approved,Web,Refund
TX00293,CUST0566,ACC0566,CARD0739,MERCH0193,2025-12-16 12:31:37,76.39,EUR,Approved,POS,Purchase
TX00294,CUST0727,ACC0727,CARD0676,MERCH0052,2025-01-29 13:55:17,193.21,EUR,Approved,POS,Withdrawal
TX00295,CUST0672,ACC0672,CARD0456,MERCH0195,2025-09-30 15:21:49,73.48,USD,Approved,POS,Purchase
TX00296,CUST0436,ACC0436,CARD0992,MERCH0031,2025-11-02 12:10:32,43.77,USD,Approved,POS,Transfer
TX00297,CUST0942,ACC0942,CARD0919,MERCH0145,2025-07-08 09:20:39,21.11,USD,Approved,Web,Withdrawal
TX00298,CUST0971,ACC0971,CARD0111,MERCH0183,2025-10-22 16:49:58,200.81,USD,Approved,Mobile App,Withdrawal
TX00299,CUST0731,ACC0731,CARD1202,MERCH0110,2025-12-18 07:41:24,34.87,USD,Approved,Web,Refund
TX00300,CUST0828,ACC0828,CARD1253,MERCH0093,2025-01-14 21:35:22,15.83,INR,Approved,Web,Purchase
TX00301,CUST0395,ACC0395,CARD0828,MERCH0164,2025-05-03 10:34:06,88.52,EUR,Approved,Mobile App,Purchase
TX00302,CUST0252,ACC0252,CARD1172,MERCH0154,2025-11-25 04:43:17,11.06,USD,Approved,POS,Withdrawal
TX00303,CUST0686,ACC0686,CARD0934,MERCH0053,2025-12-03 21:21:22,507.85,USD,Approved,POS,Purchase
TX00304,CUST0261,ACC0261,CARD0151,MERCH0145,2025-02-13 17:30:43,153.04,USD,Approved,POS,Withdrawal
TX00305,CUST0165,ACC0165,CARD1184,MERCH0086,2025-02-17 20:12:05,29.85,USD,Approved,Mobile App,Purchase
TX00306,CUST0633,ACC0633,CARD1254,MERCH0153,2025-05-12 12:38:40,33.39,USD,Approved,Web,Withdrawal
TX00307,CUST0849,ACC0849,CARD1359,MERCH0002,2025-10-29 17:54:02,131.54,EUR,Approved,POS,Withdrawal
TX00308,CUST0358,ACC0358,CARD0181,MERCH0086,2025-09-24 13:11:38,71.14,CAD,Approved,Web,Purchase
TX00309,CUST0664,ACC0664,CARD1150,MERCH0133,2025-04-30 17:04:37,228.26,EUR,Approved,ATM,Purchase
TX00310,CUST0899,ACC0899,CARD0524,MERCH0004,2025-09-02 09:06:28,123.38,EUR,Reversed,POS,Purchase
TX00311,CUST0020,ACC0020,CARD0344,MERCH0164,2025-04-20 22:04:13,90.2,GBP,Approved,Web,Transfer
TX00312,CUST0852,ACC0852,CARD0759,MERCH0006,2025-05-16 07:53:10,499.45,USD,Approved,POS,Purchase
TX00313,CUST0508,ACC0508,CARD1247,MERCH0149,2025-01-08 19:10:51,79.32,USD,Approved,Web,Purchase
TX00314,CUST0397,ACC0397,CARD0036,MERCH0118,2025-11-24 09:37:58,81.78,EUR,Approved,Web,Purchase
TX00315,CUST0828,ACC0828,CARD1253,MERCH0089,2025-10-17 21:11:26,169.39,GBP,Approved,Mobile App,Purchase
TX00316,CUST0880,ACC0880,CARD0281,MERCH0154,2025-12-27 02:14:36,253.7,EUR,Approved,Web,Withdrawal
TX00317,CUST0598,ACC0598,CARD1391,MERCH0183,2025-03-28 04:10:51,152.61,USD,Approved,Web,Transfer
TX00318,CUST0690,ACC0690,CARD0685,MERCH0167,2025-08-07 07:57:50,184.9,CAD,Approved,POS,Purchase
TX00319,CUST0145,ACC0145,CARD0795,MERCH0161,2025-08-29 16:45:14,75.0,USD,Approved,POS,Purchase
TX00320,CUST0198,ACC0198,CARD0664,MERCH0014,2025-11-16 04:32:32,102.94,GBP,Approved,Web,Purchase
TX00321,CUST0338,ACC0338,CARD1020,MERCH0056,2025-10-09 12:40:50,37.92,CAD,Approved,POS,Purchase
TX00322,CUST0260,ACC0260,CARD0473,MERCH0081,2025-04-17 06:59:16,176.03,USD,Approved,POS,Purchase
TX00323,CUST0177,ACC0177,CARD1372,MERCH0149,2025-04-07 03:53:55,42.55,GBP,Approved,POS,Purchase
TX00324,CUST0107,ACC0107,CARD0521,MERCH0046,2025-10-13 04:28:28,5.19,GBP,Approved,POS,Withdrawal
TX00325,CUST0085,ACC0085,CARD0270,MERCH0144,2025-01-08 00:47:33,412.18,CAD,Approved,POS,Purchase
TX00326,CUST0102,ACC0102,CARD0493,MERCH0016,2025-07-08 01:09:36,59.8,USD,Approved,Web,Withdrawal
TX00327,CUST0727,ACC0727,CARD0676,MERCH0120,2025-04-18 07:12:00,37.84,CAD,Approved,POS,Purchase
TX00328,CUST0334,ACC0334,CARD0284,MERCH0084,2025-03-08 01:53:49,51.83,USD,Approved,Web,Purchase
TX00329,CUST0970,ACC0970,CARD0228,MERCH0157,2025-12-12 20:32:07,65.17,GBP,Approved,Web,Refund
TX00330,CUST0552,ACC0552,CARD0826,MERCH0008,2025-02-08 11:17:47,101.52,EUR,Approved,Mobile App,Purchase
TX00331,CUST0734,ACC0734,CARD0869,MERCH0088,2025-11-03 09:57:23,15.78,USD,Approved,Web,Purchase
TX00332,CUST0287,ACC0287,CARD1144,MERCH0131,2025-05-01 08:29:03,13.12,USD,Declined,Mobile App,Refund
TX00333,CUST0377,ACC0377,CARD0626,MERCH0019,2025-03-18 01:50:11,56.99,USD,Approved,POS,Purchase
TX00334,CUST0084,ACC0084,CARD0996,MERCH0097,2025-06-28 23:30:12,57.6,USD,Approved,Web,Purchase
TX00335,CUST0401,ACC0401,CARD0512,MERCH0066,2025-11-07 09:10:43,23.77,USD,Approved,POS,Purchase
TX00336,CUST0258,ACC0258,CARD0872,MERCH0079,2025-06-01 20:14:27,82.83,USD,Approved,Web,Purchase
TX00337,CUST0838,ACC0838,CARD1330,MERCH0086,2025-10-17 16:19:05,55.12,USD,Approved,POS,Purchase
TX00338,CUST0645,ACC0645,CARD0339,MERCH0124,2025-04-19 17:14:37,8.96,EUR,Approved,POS,Transfer
TX00339,CUST0952,ACC0952,CARD0714,MERCH0150,2025-08-28 03:12:53,330.37,EUR,Approved,POS,Purchase
TX00340,CUST0161,ACC0161,CARD1195,MERCH0046,2025-12-11 13:33:05,330.76,CAD,Approved,Mobile App,Withdrawal
TX00341,CUST0459,ACC0459,CARD1013,MERCH0113,2025-09-09 05:44:22,40.2,EUR,Approved,POS,Withdrawal
TX00342,CUST0654,ACC0654,CARD1094,MERCH0091,2025-11-05 16:52:01,31.67,USD,Approved,Web,Transfer
TX00343,CUST0714,ACC0714,CARD1036,MERCH0141,2025-03-13 02:03:06,123.88,EUR,Approved,ATM,Withdrawal
TX00344,CUST0304,ACC0304,CARD1187,MERCH0033,2025-07-26 11:08:28,154.44,GBP,Approved,POS,Refund
TX00345,CUST0132,ACC0132,CARD0099,MERCH0133,2025-05-21 20:50:23,478.89,USD,Approved,ATM,Purchase
TX00346,CUST0385,ACC0385,CARD1128,MERCH0077,2025-08-02 22:15:40,76.07,EUR,Approved,POS,Purchase
TX00347,CUST0789,ACC0789,CARD0677,MERCH0155,2025-01-20 07:33:21,149.43,EUR,Approved,Mobile App,Purchase
TX00348,CUST0768,ACC0768,CARD0853,MERCH0121,2025-10-30 15:12:54,320.78,INR,Approved,ATM,Transfer
TX00349,CUST0911,ACC0911,CARD1080,MERCH0128,2025-05-27 21:27:08,94.66,EUR,Approved,ATM,Purchase
TX00350,CUST0143,ACC0143,CARD0398,MERCH0078,2025-06-14 04:13:45,24.58,GBP,Approved,Web,Withdrawal
TX00351,CUST0750,ACC0750,CARD0256,MERCH0152,2025-11-06 20:03:17,76.09,USD,Approved,Mobile App,Purchase
TX00352,CUST0939,ACC0939,CARD0883,MERCH0067,2025-01-14 05:04:21,27.03,GBP,Approved,POS,Refund
TX00353,CUST0559,ACC0559,CARD1021,MERCH0115,2025-08-31 03:18:57,7.52,USD,Approved,Web,Withdrawal
TX00354,CUST0227,ACC0227,CARD0203,MERCH0063,2025-10-10 13:09:26,213.88,EUR,Approved,POS,Withdrawal
TX00355,CUST0302,ACC0302,CARD0338,MERCH0113,2025-05-11 11:09:20,45.85,EUR,Approved,POS,Transfer
TX00356,CUST0296,ACC0296,CARD0510,MERCH0094,2025-09-15 07:30:32,5.3,CAD,Approved,Web,Refund
TX00357,CUST0364,ACC0364,CARD0191,MERCH0048,2025-11-12 04:49:18,313.87,USD,Approved,POS,Purchase
TX00358,CUST0021,ACC0021,CARD1438,MERCH0191,2025-01-24 17:08:30,92.99,USD,Pending,ATM,Refund
TX00359,CUST0910,ACC0910,CARD0239,MERCH0012,2025-04-05 23:55:57,45.94,GBP,Approved,Web,Purchase
TX00360,CUST0124,ACC0124,CARD0201,MERCH0156,2025-07-01 07:52:45,50.73,EUR,Pending,Mobile App,Withdrawal
TX00361,CUST0622,ACC0622,CARD0733,MERCH0172,2025-03-22 01:12:49,46.27,USD,Approved,Mobile App,Purchase
TX00362,CUST0290,ACC0290,CARD1444,MERCH0171,2025-10-03 02:14:10,37.45,USD,Approved,Mobile App,Purchase
TX00363,CUST0041,ACC0041,CARD0958,MERCH0145,2025-07-27 22:28:54,281.04,USD,Approved,POS,Transfer
TX00364,CUST0658,ACC0658,CARD0876,MERCH0040,2025-10-15 19:05:31,33.01,EUR,Approved,Web,Withdrawal
TX00365,CUST0601,ACC0601,CARD1093,MERCH0177,2025-12-30 02:04:10,128.78,GBP,Approved,POS,Purchase
TX00366,CUST0500,ACC0500,CARD1313,MERCH0085,2025-06-29 13:57:52,17.07,USD,Approved,POS,Purchase
TX00367,CUST0519,ACC0519,CARD0497,MERCH0057,2025-07-10 08:50:17,452.93,CAD,Approved,POS,Refund
TX00368,CUST0584,ACC0584,CARD0397,MERCH0087,2025-09-30 12:22:08,143.69,EUR,Approved,Web,Purchase
TX00369,CUST0273,ACC0273,CARD0254,MERCH0084,2025-02-18 15:29:39,355.19,USD,Approved,POS,Purchase
TX00370,CUST0210,ACC0210,CARD1105,MERCH0192,2025-12-03 22:57:21,81.09,EUR,Approved,Web,Purchase
TX00371,CUST0482,ACC0482,CARD1110,MERCH0185,2025-04-26 21:11:50,254.64,EUR,Approved,Web,Purchase
TX00372,CUST0322,ACC0322,CARD1046,MERCH0121,2025-04-08 11:45:11,293.27,USD,Approved,POS,Purchase
TX00373,CUST0374,ACC0374,CARD0570,MERCH0074,2025-11-09 14:07:57,187.08,GBP,Approved,Web,Purchase
TX00374,CUST0800,ACC0800,CARD0717,MERCH0107,2025-07-01 10:03:01,19.63,GBP,Declined,Web,Purchase
TX00375,CUST0023,ACC0023,CARD0386,MERCH0124,2025-01-23 00:18:48,7.43,USD,Approved,ATM,Refund
TX00376,CUST0805,ACC0805,CARD0034,MERCH0198,2025-06-12 08:58:42,32.69,USD,Approved,POS,Refund
TX00377,CUST0860,ACC0860,CARD1425,MERCH0100,2025-10-17 22:41:36,23.85,USD,Declined,Web,Transfer
TX00378,CUST0762,ACC0762,CARD0374,MERCH0043,2025-02-15 02:43:28,198.72,GBP,Approved,Web,Withdrawal
TX00379,CUST0575,ACC0575,CARD0279,MERCH0119,2025-05-27 06:02:05,127.13,USD,Approved,ATM,Purchase
TX00380,CUST0392,ACC0392,CARD0921,MERCH0023,2025-12-09 11:05:50,116.97,GBP,Approved,Web,Purchase
TX00381,CUST0665,ACC0665,CARD1475,MERCH0155,2025-05-01 05:42:37,48.73,EUR,Approved,Web,Withdrawal
TX00382,CUST0995,ACC0995,CARD1470,MERCH0186,2025-11-18 02:29:58,30.19,GBP,Approved,POS,Purchase
TX00383,CUST0789,ACC0789,CARD0677,MERCH0037,2025-08-29 16:03:17,39.7,EUR,Approved,POS,Purchase
TX00384,CUST0819,ACC0819,CARD0389,MERCH0134,2025-10-04 11:46:47,81.69,USD,Approved,POS,Purchase
TX00385,CUST0715,ACC0715,CARD1354,MERCH0065,2025-01-27 21:11:29,207.14,CAD,Approved,Web,Purchase
TX00386,CUST0687,ACC0687,CARD1141,MERCH0134,2025-12-19 05:14:55,49.06,GBP,Approved,Web,Purchase
TX00387,CUST0772,ACC0772,CARD0827,MERCH0178,2025-10-22 18:18:18,184.9,EUR,Approved,POS,Purchase
TX00388,CUST0132,ACC0132,CARD0099,MERCH0022,2025-08-27 16:53:17,106.45,EUR,Approved,Web,Refund
TX00389,CUST0082,ACC0082,CARD0162,MERCH0105,2025-07-03 23:05:37,330.0,EUR,Approved,POS,Purchase
TX00390,CUST0742,ACC0742,CARD0461,MERCH0088,2025-02-25 01:29:09,44.77,USD,Approved,Web,Purchase
TX00391,CUST0832,ACC0832,CARD0435,MERCH0153,2025-01-28 20:59:43,94.91,EUR,Approved,Mobile App,Purchase
TX00392,CUST0763,ACC0763,CARD1089,MERCH0125,2025-03-12 06:14:23,20.25,USD,Approved,Mobile App,Transfer
TX00393,CUST0159,ACC0159,CARD0231,MERCH0079,2025-07-03 16:19:52,66.23,INR,Approved,POS,Withdrawal
TX00394,CUST0696,ACC0696,CARD0886,MERCH0090,2025-12-22 17:38:48,111.05,EUR,Approved,Web,Purchase
TX00395,CUST0377,ACC0377,CARD0626,MERCH0200,2025-09-17 04:06:16,202.93,USD,Approved,ATM,Purchase
TX00396,CUST0477,ACC0477,CARD0247,MERCH0051,2025-12-10 15:57:07,38.11,EUR,Approved,Web,Purchase
TX00397,CUST0832,ACC0832,CARD0435,MERCH0176,2025-02-15 16:58:06,41.9,USD,Approved,POS,Purchase
TX00398,CUST0744,ACC0744,CARD0752,MERCH0102,2025-12-10 17:35:08,154.78,USD,Approved,Web,Purchase
TX00399,CUST0838,ACC0838,CARD1330,MERCH0198,2025-05-16 01:28:22,77.3,EUR,Approved,Web,Purchase
TX00400,CUST0222,ACC0222,CARD0730,MERCH0106,2025-07-16 10:34:19,103.69,EUR,Approved,POS,Purchase
TX00401,CUST0170,ACC0170,CARD0557,MERCH0193,2025-12-15 22:24:19,276.31,INR,Approved,POS,Purchase
TX00402,CUST0321,ACC0321,CARD1399,MERCH0060,2025-03-19 03:57:19,108.7,INR,Approved,Web,Purchase
TX00403,CUST0400,ACC0400,CARD0321,MERCH0046,2025-06-27 11:41:43,163.55,USD,Approved,Mobile App,Purchase
TX00404,CUST0539,ACC0539,CARD0754,MERCH0036,2025-10-08 23:07:31,165.41,EUR,Approved,ATM,Transfer
TX00405,CUST0571,ACC0571,CARD0663,MERCH0186,2025-07-15 02:55:34,249.15,GBP,Approved,POS,Refund
TX00406,CUST0902,ACC0902,CARD0546,MERCH0166,2025-09-28 11:57:40,157.47,USD,Approved,Web,Purchase
TX00407,CUST0520,ACC0520,CARD0896,MERCH0011,2025-10-21 23:54:27,15.05,GBP,Approved,POS,Purchase
TX00408,CUST0065,ACC0065,CARD0956,MERCH0012,2025-08-04 22:46:31,67.82,CAD,Declined,ATM,Refund
TX00409,CUST0765,ACC0765,CARD0224,MERCH0170,2025-01-28 02:24:20,685.85,EUR,Approved,POS,Withdrawal
TX00410,CUST0536,ACC0536,CARD1326,MERCH0039,2025-09-09 11:03:43,37.82,USD,Declined,POS,Transfer
TX00411,CUST0806,ACC0806,CARD1372,MERCH0199,2025-02-04 02:40:16,137.55,CAD,Approved,POS,Purchase
TX00412,CUST0261,ACC0261,CARD0151,MERCH0139,2025-07-20 13:32:18,282.67,CAD,Approved,Web,Purchase
TX00413,CUST0853,ACC0853,CARD1130,MERCH0036,2025-11-04 17:03:24,137.49,GBP,Approved,POS,Refund
TX00414,CUST0327,ACC0327,CARD0563,MERCH0052,2025-05-20 04:25:54,74.85,USD,Approved,Web,Purchase
TX00415,CUST0120,ACC0120,CARD1018,MERCH0031,2025-02-17 11:18:45,17.54,GBP,Approved,Web,Withdrawal
TX00416,CUST0610,ACC0610,CARD0569,MERCH0033,2025-09-05 02:48:30,72.33,USD,Approved,Web,Withdrawal
TX00417,CUST0751,ACC0751,CARD0709,MERCH0141,2025-06-26 04:34:22,35.15,USD,Approved,POS,Transfer
TX00418,CUST0440,ACC0440,CARD0867,MERCH0146,2025-11-18 14:39:59,491.1,EUR,Declined,POS,Refund
TX00419,CUST0553,ACC0553,CARD1099,MERCH0169,2025-01-08 14:13:44,193.31,INR,Approved,POS,Purchase
TX00420,CUST0302,ACC0302,CARD0338,MERCH0058,2025-09-13 15:20:40,212.57,GBP,Approved,Web,Purchase
TX00421,CUST0553,ACC0553,CARD1099,MERCH0184,2025-07-17 22:29:49,90.9,GBP,Reversed,Web,Purchase
TX00422,CUST0100,ACC0100,CARD0188,MERCH0152,2025-07-26 22:09:54,22.47,EUR,Pending,POS,Transfer
TX00423,CUST0113,ACC0113,CARD1163,MERCH0128,2025-01-15 21:48:33,51.53,USD,Approved,Web,Purchase
TX00424,CUST0648,ACC0648,CARD0500,MERCH0031,2025-03-16 23:15:49,50.11,CAD,Approved,POS,Purchase
TX00425,CUST0419,ACC0419,CARD1366,MERCH0055,2025-06-17 02:50:23,105.06,EUR,Approved,Web,Transfer
TX00426,CUST0851,ACC0851,CARD0542,MERCH0010,2025-02-08 10:56:09,97.7,GBP,Approved,ATM,Purchase
TX00427,CUST0829,ACC0829,CARD0853,MERCH0188,2025-12-30 19:16:32,90.22,EUR,Approved,POS,Transfer
TX00428,CUST0448,ACC0448,CARD0657,MERCH0130,2025-05-15 03:31:01,107.77,GBP,Approved,Web,Purchase
TX00429,CUST0359,ACC0359,CARD0607,MERCH0015,2025-08-20 19:55:18,656.69,CAD,Approved,Web,Purchase
TX00430,CUST0442,ACC0442,CARD0936,MERCH0003,2025-10-18 13:18:42,58.15,USD,Approved,Web,Purchase
TX00431,CUST0988,ACC0988,CARD1461,MERCH0043,2025-02-16 08:32:35,148.28,USD,Approved,Web,Purchase
TX00432,CUST0258,ACC0258,CARD0872,MERCH0159,2025-11-16 05:23:36,46.07,USD,Approved,Web,Purchase
TX00433,CUST0888,ACC0888,CARD1075,MERCH0198,2025-12-27 23:11:08,99.27,CAD,Approved,POS,Withdrawal
TX00434,CUST0677,ACC0677,CARD0387,MERCH0067,2025-05-26 13:03:16,38.48,EUR,Approved,Mobile App,Purchase
TX00435,CUST0749,ACC0749,CARD0883,MERCH0056,2025-03-06 19:07:15,127.53,GBP,Approved,Web,Purchase
TX00436,CUST0741,ACC0741,CARD0929,MERCH0063,2025-08-30 01:33:59,51.19,USD,Approved,ATM,Purchase
TX00437,CUST0341,ACC0341,CARD0547,MERCH0015,2025-10-31 16:27:00,10.62,GBP,Approved,Web,Transfer
TX00438,CUST0575,ACC0575,CARD0279,MERCH0109,2025-02-12 08:10:27,258.33,EUR,Approved,POS,Refund
TX00439,CUST0177,ACC0177,CARD1372,MERCH0116,2025-06-30 22:55:16,25.59,USD,Pending,Web,Purchase
TX00440,CUST0401,ACC0401,CARD0512,MERCH0092,2025-06-04 17:51:14,73.84,INR,Approved,Web,Purchase
TX00441,CUST0108,ACC0108,CARD1368,MERCH0138,2025-01-23 03:01:06,102.28,USD,Approved,Web,Transfer
TX00442,CUST0543,ACC0543,CARD0090,MERCH0166,2025-11-02 13:23:46,89.97,USD,Declined,Mobile App,Withdrawal
TX00443,CUST0129,ACC0129,CARD0503,MERCH0047,2025-04-14 14:02:27,199.01,USD,Approved,ATM,Refund
TX00444,CUST0978,ACC0978,CARD0425,MERCH0057,2025-02-20 06:51:27,141.24,USD,Approved,POS,Purchase
TX00445,CUST0049,ACC0049,CARD0021,MERCH0050,2025-09-01 15:41:28,57.51,EUR,Approved,POS,Purchase
TX00446,CUST0137,ACC0137,CARD1486,MERCH0071,2025-03-13 09:42:34,12.96,USD,Approved,Web,Refund
TX00447,CUST0966,ACC0966,CARD0233,MERCH0143,2025-12-02 17:54:31,223.89,GBP,Approved,Web,Purchase
TX00448,CUST0721,ACC0721,CARD1432,MERCH0146,2025-09-10 09:30:27,70.2,USD,Approved,Web,Purchase
TX00449,CUST0583,ACC0583,CARD1366,MERCH0082,2025-02-18 07:47:49,335.72,EUR,Approved,Web,Purchase
TX00450,CUST0429,ACC0429,CARD1077,MERCH0116,2025-10-30 04:00:07,80.39,EUR,Approved,Web,Purchase
TX00451,CUST0690,ACC0690,CARD0685,MERCH0105,2025-09-20 16:26:41,194.7,GBP,Approved,POS,Withdrawal
TX00452,CUST0016,ACC0016,CARD0872,MERCH0088,2025-08-10 15:05:48,425.93,USD,Approved,Web,Purchase
TX00453,CUST0987,ACC0987,CARD1313,MERCH0002,2025-03-03 04:57:58,162.97,INR,Approved,POS,Purchase
TX00454,CUST0284,ACC0284,CARD0404,MERCH0104,2025-06-06 21:50:29,85.03,EUR,Approved,Web,Transfer
TX00455,CUST0936,ACC0936,CARD0526,MERCH0084,2025-05-05 11:59:28,130.69,USD,Approved,ATM,Purchase
TX00456,CUST0432,ACC0432,CARD1127,MERCH0043,2025-01-29 15:14:22,122.61,EUR,Approved,POS,Purchase
TX00457,CUST0509,ACC0509,CARD0762,MERCH0154,2025-01-23 22:47:05,136.86,EUR,Approved,POS,Purchase
TX00458,CUST0749,ACC0749,CARD0883,MERCH0071,2025-05-11 07:46:44,28.82,GBP,Approved,POS,Transfer
TX00459,CUST0305,ACC0305,CARD0957,MERCH0166,2025-06-22 16:42:47,184.85,USD,Approved,POS,Purchase
TX00460,CUST0124,ACC0124,CARD0201,MERCH0094,2025-12-08 23:17:08,28.51,USD,Approved,POS,Transfer
TX00461,CUST0715,ACC0715,CARD1354,MERCH0042,2025-10-12 23:19:29,7.21,USD,Reversed,Web,Purchase
TX00462,CUST0801,ACC0801,CARD1470,MERCH0133,2025-08-21 02:37:46,152.04,USD,Pending,Web,Purchase
TX00463,CUST0259,ACC0259,CARD0641,MERCH0139,2025-11-17 04:17:47,23.65,GBP,Approved,POS,Withdrawal
TX00464,CUST0126,ACC0126,CARD0930,MERCH0065,2025-10-03 21:05:55,225.72,EUR,Pending,Web,Withdrawal
TX00465,CUST0569,ACC0569,CARD1009,MERCH0034,2025-08-01 04:37:56,306.45,USD,Approved,ATM,Purchase
TX00466,CUST0319,ACC0319,CARD0955,MERCH0120,2025-03-13 08:45:14,439.35,USD,Pending,POS,Refund
TX00467,CUST0861,ACC0861,CARD1354,MERCH0001,2025-06-24 06:17:30,168.81,USD,Approved,Mobile App,Purchase
TX00468,CUST0015,ACC0015,CARD1124,MERCH0130,2025-08-15 21:35:01,103.67,GBP,Approved,POS,Transfer
TX00469,CUST0674,ACC0674,CARD0895,MERCH0148,2025-10-28 16:36:59,70.14,GBP,Approved,POS,Withdrawal
TX00470,CUST0077,ACC0077,CARD0566,MERCH0061,2025-03-24 01:21:00,106.27,USD,Reversed,Web,Purchase
TX00471,CUST0562,ACC0562,CARD1418,MERCH0149,2025-05-26 08:42:31,36.67,USD,Approved,POS,Purchase
TX00472,CUST0998,ACC0998,CARD1161,MERCH0088,2025-03-06 17:25:44,69.25,EUR,Approved,POS,Refund
TX00473,CUST0879,ACC0879,CARD0900,MERCH0068,2025-10-10 20:35:55,194.84,CAD,Pending,POS,Withdrawal
TX00474,CUST0630,ACC0630,CARD0492,MERCH0127,2025-04-16 21:18:20,41.77,EUR,Approved,ATM,Purchase
TX00475,CUST0385,ACC0385,CARD1128,MERCH0140,2025-10-27 18:14:02,50.99,USD,Approved,POS,Purchase
TX00476,CUST0303,ACC0303,CARD0822,MERCH0022,2025-02-05 19:31:30,212.54,USD,Approved,Mobile App,Withdrawal
TX00477,CUST0964,ACC0964,CARD1418,MERCH0148,2025-09-19 17:02:16,34.37,EUR,Approved,Web,Refund
TX00478,CUST0764,ACC0764,CARD0146,MERCH0082,2025-06-08 01:46:48,47.33,EUR,Reversed,POS,Withdrawal
TX00479,CUST0727,ACC0727,CARD0676,MERCH0129,2025-07-21 03:23:16,7.66,USD,Reversed,POS,Withdrawal
TX00480,CUST0955,ACC0955,CARD1255,MERCH0030,2025-06-04 04:16:12,195.97,USD,Approved,POS,Purchase
TX00481,CUST0737,ACC0737,CARD0502,MERCH0126,2025-10-24 04:47:59,149.31,EUR,Approved,POS,Transfer
TX00482,CUST0089,ACC0089,CARD1486,MERCH0097,2025-11-18 15:04:00,182.81,USD,Approved,POS,Purchase
TX00483,CUST0516,ACC0516,CARD0792,MERCH0024,2025-10-07 10:36:27,41.18,EUR,Approved,POS,Withdrawal
TX00484,CUST0734,ACC0734,CARD0869,MERCH0014,2025-12-28 13:28:01,179.41,USD,Approved,POS,Purchase
TX00485,CUST0564,ACC0564,CARD0920,MERCH0036,2025-11-12 12:22:32,141.09,GBP,Approved,POS,Purchase
TX00486,CUST0512,ACC0512,CARD1016,MERCH0197,2025-09-04 01:54:18,73.39,USD,Approved,Web,Withdrawal
TX00487,CUST0118,ACC0118,CARD0379,MERCH0024,2025-09-04 20:41:14,91.39,CAD,Declined,POS,Withdrawal
TX00488,CUST0934,ACC0934,CARD0365,MERCH0188,2025-03-22 08:54:59,130.87,USD,Approved,ATM,Transfer
TX00489,CUST0262,ACC0262,CARD1439,MERCH0095,2025-01-13 17:04:15,106.97,USD,Approved,POS,Purchase
TX00490,CUST0857,ACC0857,CARD0900,MERCH0055,2025-02-14 15:09:52,159.01,GBP,Approved,Web,Purchase
TX00491,CUST0314,ACC0314,CARD0401,MERCH0024,2025-05-19 13:10:58,34.95,CAD,Approved,ATM,Refund
TX00492,CUST0391,ACC0391,CARD0538,MERCH0152,2025-08-24 16:07:26,121.71,USD,Approved,POS,Purchase
TX00493,CUST0903,ACC0903,CARD1102,MERCH0182,2025-04-11 04:34:48,94.75,CAD,Approved,Web,Withdrawal
TX00494,CUST0789,ACC0789,CARD0677,MERCH0026,2025-09-07 00:06:35,97.71,USD,Reversed,Web,Refund
TX00495,CUST0686,ACC0686,CARD0934,MERCH0194,2025-04-04 10:00:59,100.06,EUR,Approved,ATM,Transfer
TX00496,CUST0342,ACC0342,CARD1216,MERCH0080,2025-10-25 12:45:06,324.89,USD,Approved,Web,Purchase
TX00497,CUST0555,ACC0555,CARD1400,MERCH0166,2025-05-13 05:55:52,261.08,USD,Approved,POS,Withdrawal
TX00498,CUST0617,ACC0617,CARD1247,MERCH0065,2025-06-04 23:02:51,153.96,EUR,Approved,Web,Purchase
TX00499,CUST0101,ACC0101,CARD0380,MERCH0075,2025-10-09 10:56:26,194.07,EUR,Approved,Web,Purchase
TX00500,CUST0318,ACC0318,CARD0460,MERCH0179,2025-04-26 15:43:44,11.56,EUR,Approved,POS,Purchase
TX00501,CUST0631,ACC0631,CARD0913,MERCH0163,2025-08-22 23:45:04,209.38,EUR,Approved,Mobile App,Transfer
TX00502,CUST0329,ACC0329,CARD1307,MERCH0043,2025-12-14 00:21:03,104.88,INR,Approved,Web,Purchase
TX00503,CUST0292,ACC0292,CARD0104,MERCH0029,2025-02-27 06:46:38,62.35,USD,Approved,POS,Withdrawal
TX00504,CUST0260,ACC0260,CARD0473,MERCH0165,2025-07-02 21:03:21,27.58,USD,Approved,Mobile App,Purchase
TX00505,CUST0386,ACC0386,CARD1417,MERCH0081,2025-03-18 08:30:24,16.73,GBP,Approved,POS,Purchase
TX00506,CUST0376,ACC0376,CARD0686,MERCH0186,2025-08-05 15:35:32,11.89,USD,Approved,Web,Purchase
TX00507,CUST0359,ACC0359,CARD0607,MERCH0054,2025-09-19 14:42:59,31.47,EUR,Approved,POS,Withdrawal
TX00508,CUST0117,ACC0117,CARD0289,MERCH0039,2025-06-07 17:43:17,9.59,EUR,Approved,Mobile App,Purchase
TX00509,CUST0414,ACC0414,CARD1214,MERCH0042,2025-03-28 04:37:30,202.88,USD,Approved,Web,Withdrawal
TX00510,CUST0261,ACC0261,CARD0151,MERCH0156,2025-05-14 02:03:54,47.88,CAD,Approved,Web,Purchase
TX00511,CUST0094,ACC0094,CARD0338,MERCH0029,2025-11-29 18:29:18,74.01,USD,Declined,ATM,Purchase
TX00512,CUST0840,ACC0840,CARD0798,MERCH0171,2025-09-25 18:46:13,264.5,USD,Approved,POS,Purchase
TX00513,CUST0561,ACC0561,CARD0676,MERCH0131,2025-02-22 12:52:06,23.27,USD,Approved,POS,Purchase
TX00514,CUST0939,ACC0939,CARD0883,MERCH0138,2025-02-05 01:08:43,275.81,USD,Approved,Web,Purchase
TX00515,CUST0486,ACC0486,CARD1093,MERCH0187,2025-08-08 18:19:01,158.06,USD,Declined,Web,Withdrawal
TX00516,CUST0524,ACC0524,CARD0690,MERCH0142,2025-04-12 17:33:58,67.79,EUR,Approved,Web,Purchase
TX00517,CUST0623,ACC0623,CARD0235,MERCH0175,2025-09-28 11:51:59,23.8,GBP,Approved,Web,Purchase
TX00518,CUST0709,ACC0709,CARD1397,MERCH0042,2025-05-19 11:35:51,19.39,GBP,Approved,Web,Purchase
TX00519,CUST0153,ACC0153,CARD1265,MERCH0094,2025-10-13 10:28:17,66.31,USD,Approved,POS,Withdrawal
TX00520,CUST0216,ACC0216,CARD0855,MERCH0160,2025-11-13 08:19:52,27.68,USD,Approved,Mobile App,Purchase
TX00521,CUST0038,ACC0038,CARD0700,MERCH0032,2025-12-04 02:38:42,51.74,INR,Approved,Web,Purchase
TX00522,CUST0317,ACC0317,CARD0688,MERCH0170,2025-12-17 03:22:01,13.16,USD,Reversed,Mobile App,Withdrawal
TX00523,CUST0004,ACC0004,CARD1295,MERCH0160,2025-03-23 11:56:56,140.58,INR,Approved,ATM,Purchase
TX00524,CUST0020,ACC0020,CARD0344,MERCH0026,2025-08-01 20:04:00,28.55,GBP,Approved,POS,Purchase
TX00525,CUST0017,ACC0017,CARD0131,MERCH0115,2025-11-05 15:28:55,217.04,CAD,Approved,Web,Transfer
TX00526,CUST0740,ACC0740,CARD1225,MERCH0129,2025-02-09 07:55:22,41.92,USD,Approved,POS,Purchase
TX00527,CUST0602,ACC0602,CARD1123,MERCH0056,2025-10-07 02:45:53,244.91,USD,Approved,Mobile App,Purchase
TX00528,CUST0164,ACC0164,CARD0525,MERCH0122,2025-04-18 17:25:08,36.59,EUR,Reversed,Web,Withdrawal
TX00529,CUST0667,ACC0667,CARD0653,MERCH0106,2025-09-12 06:16:00,196.68,GBP,Approved,POS,Purchase
TX00530,CUST0593,ACC0593,CARD0455,MERCH0130,2025-01-23 18:55:49,65.76,USD,Approved,ATM,Purchase
TX00531,CUST0507,ACC0507,CARD1204,MERCH0081,2025-11-05 12:31:44,136.24,GBP,Approved,Web,Refund
TX00532,CUST0958,ACC0958,CARD0126,MERCH0158,2025-03-19 06:48:16,10.91,USD,Approved,ATM,Purchase
TX00533,CUST0570,ACC0570,CARD0096,MERCH0120,2025-12-24 00:58:35,107.55,EUR,Approved,POS,Purchase
TX00534,CUST0598,ACC0598,CARD1391,MERCH0199,2025-12-25 06:21:13,29.15,CAD,Approved,Mobile App,Transfer
TX00535,CUST0263,ACC0263,CARD1322,MERCH0052,2025-07-12 03:48:47,104.92,USD,Declined,Web,Purchase
TX00536,CUST0120,ACC0120,CARD1018,MERCH0091,2025-09-01 13:52:59,27.86,USD,Approved,Web,Purchase
TX00537,CUST0943,ACC0943,CARD0750,MERCH0137,2025-05-21 16:36:39,91.2,USD,Approved,Mobile App,Purchase
TX00538,CUST0892,ACC0892,CARD0604,MERCH0022,2025-10-13 05:55:30,22.58,USD,Declined,Web,Withdrawal
TX00539,CUST0347,ACC0347,CARD0158,MERCH0034,2025-04-21 21:47:23,42.26,USD,Approved,Web,Purchase
TX00540,CUST0840,ACC0840,CARD0798,MERCH0110,2025-10-08 20:11:57,140.61,USD,Approved,POS,Withdrawal
TX00541,CUST0738,ACC0738,CARD0959,MERCH0049,2025-05-14 03:34:35,568.64,USD,Approved,Mobile App,Purchase
TX00542,CUST0920,ACC0920,CARD0008,MERCH0129,2025-03-25 10:03:02,94.45,GBP,Approved,Web,Withdrawal
TX00543,CUST0564,ACC0564,CARD0920,MERCH0073,2025-06-07 11:44:29,179.32,CAD,Approved,Mobile App,Purchase
TX00544,CUST0066,ACC0066,CARD1479,MERCH0084,2025-11-10 01:52:29,121.29,EUR,Approved,POS,Purchase
TX00545,CUST0017,ACC0017,CARD0131,MERCH0053,2025-10-24 02:43:41,108.48,USD,Approved,POS,Transfer
TX00546,CUST0120,ACC0120,CARD1018,MERCH0100,2025-02-26 21:50:55,15.03,USD,Approved,POS,Purchase
TX00547,CUST0489,ACC0489,CARD0094,MERCH0124,2025-04-08 08:50:21,28.37,GBP,Approved,Mobile App,Purchase
TX00548,CUST0225,ACC0225,CARD0836,MERCH0168,2025-12-12 06:50:47,326.91,EUR,Approved,POS,Purchase
TX00549,CUST0031,ACC0031,CARD0253,MERCH0045,2025-09-27 19:25:18,84.19,INR,Approved,POS,Withdrawal
TX00550,CUST0778,ACC0778,CARD0511,MERCH0196,2025-03-07 22:59:59,147.92,USD,Reversed,Web,Purchase
TX00551,CUST0482,ACC0482,CARD1110,MERCH0137,2025-03-09 20:49:04,117.69,GBP,Approved,POS,Withdrawal
TX00552,CUST0257,ACC0257,CARD0338,MERCH0105,2025-02-24 07:40:03,76.44,EUR,Approved,ATM,Withdrawal
TX00553,CUST0346,ACC0346,CARD1244,MERCH0150,2025-06-17 12:20:40,78.61,CAD,Approved,Web,Purchase
TX00554,CUST0993,ACC0993,CARD1374,MERCH0146,2025-01-25 07:37:40,126.61,EUR,Approved,ATM,Purchase
TX00555,CUST0768,ACC0768,CARD0853,MERCH0106,2025-04-12 23:00:05,27.82,EUR,Approved,POS,Withdrawal
TX00556,CUST0587,ACC0587,CARD0177,MERCH0043,2025-10-09 20:25:11,78.47,EUR,Approved,POS,Purchase
TX00557,CUST0921,ACC0921,CARD0625,MERCH0167,2025-10-21 01:49:25,93.85,GBP,Approved,POS,Transfer
TX00558,CUST0428,ACC0428,CARD0264,MERCH0134,2025-09-20 05:15:09,636.22,USD,Approved,Web,Purchase
TX00559,CUST0720,ACC0720,CARD0972,MERCH0048,2025-04-30 18:44:34,69.95,USD,Approved,POS,Purchase
TX00560,CUST0895,ACC0895,CARD1429,MERCH0126,2025-08-19 12:18:42,160.17,EUR,Approved,POS,Purchase
TX00561,CUST0164,ACC0164,CARD0525,MERCH0007,2025-06-10 05:35:28,27.17,USD,Approved,ATM,Purchase
TX00562,CUST0693,ACC0693,CARD0815,MERCH0197,2025-03-19 19:10:01,15.16,EUR,Approved,POS,Purchase
TX00563,CUST0868,ACC0868,CARD0205,MERCH0016,2025-01-28 13:46:53,312.82,INR,Approved,Web,Purchase
TX00564,CUST0787,ACC0787,CARD1047,MERCH0129,2025-04-10 19:42:29,201.81,EUR,Approved,Web,Purchase
TX00565,CUST0873,ACC0873,CARD1207,MERCH0115,2025-05-04 05:25:47,62.3,EUR,Approved,POS,Purchase
TX00566,CUST0321,ACC0321,CARD1399,MERCH0037,2025-09-12 00:00:05,110.35,EUR,Approved,Web,Purchase
TX00567,CUST0437,ACC0437,CARD0884,MERCH0165,2025-06-18 01:57:18,26.88,GBP,Approved,Web,Purchase
TX00568,CUST0700,ACC0700,CARD1253,MERCH0125,2025-09-28 19:18:26,189.22,CAD,Approved,POS,Purchase
TX00569,CUST0334,ACC0334,CARD0284,MERCH0081,2025-10-26 00:43:26,15.94,EUR,Approved,POS,Purchase
TX00570,CUST0997,ACC0997,CARD0823,MERCH0192,2025-04-09 19:57:53,217.22,EUR,Approved,Mobile App,Withdrawal
TX00571,CUST0983,ACC0983,CARD1467,MERCH0062,2025-06-06 05:47:55,123.73,USD,Approved,POS,Purchase
TX00572,CUST0815,ACC0815,CARD1330,MERCH0072,2025-09-15 09:00:00,54.04,USD,Approved,Web,Refund
TX00573,CUST0929,ACC0929,CARD0474,MERCH0189,2025-10-18 19:03:27,302.7,USD,Approved,Web,Purchase
TX00574,CUST0108,ACC0108,CARD1368,MERCH0125,2025-01-10 07:38:23,646.08,USD,Approved,POS,Purchase
TX00575,CUST0877,ACC0877,CARD0900,MERCH0161,2025-08-02 12:56:52,49.02,EUR,Approved,ATM,Purchase
TX00576,CUST0146,ACC0146,CARD0393,MERCH0066,2025-01-15 23:25:35,251.18,EUR,Approved,POS,Purchase
TX00577,CUST0372,ACC0372,CARD0018,MERCH0030,2025-05-06 22:42:28,213.04,USD,Approved,POS,Refund
TX00578,CUST0813,ACC0813,CARD0118,MERCH0020,2025-08-01 08:43:39,211.27,INR,Approved,Web,Purchase
TX00579,CUST0714,ACC0714,CARD1036,MERCH0188,2025-06-21 20:28:15,477.81,EUR,Approved,POS,Purchase
TX00580,CUST0040,ACC0040,CARD0190,MERCH0082,2025-09-04 10:52:22,105.01,EUR,Pending,Web,Purchase
TX00581,CUST0042,ACC0042,CARD0687,MERCH0107,2025-07-20 19:52:20,173.21,GBP,Approved,ATM,Transfer
TX00582,CUST0200,ACC0200,CARD1496,MERCH0152,2025-05-29 16:22:31,265.49,EUR,Approved,POS,Withdrawal
TX00583,CUST0033,ACC0033,CARD0857,MERCH0132,2025-08-14 23:29:13,102.96,USD,Pending,POS,Purchase
TX00584,CUST0174,ACC0174,CARD1052,MERCH0037,2025-11-03 04:46:15,103.5,GBP,Approved,POS,Transfer
TX00585,CUST0710,ACC0710,CARD1283,MERCH0132,2025-06-01 23:36:23,62.55,USD,Approved,Mobile App,Refund
TX00586,CUST0126,ACC0126,CARD0930,MERCH0077,2025-08-12 06:44:48,232.68,EUR,Approved,POS,Purchase
TX00587,CUST0020,ACC0020,CARD0344,MERCH0089,2025-02-07 13:16:40,178.85,USD,Approved,POS,Purchase
TX00588,CUST0533,ACC0533,CARD0285,MERCH0146,2025-08-29 19:01:53,94.99,EUR,Reversed,Web,Purchase
TX00589,CUST0301,ACC0301,CARD0878,MERCH0088,2025-11-27 08:03:42,86.54,USD,Pending,Web,Purchase
TX00590,CUST0024,ACC0024,CARD1216,MERCH0194,2025-07-29 16:30:14,16.3,GBP,Declined,POS,Purchase
TX00591,CUST0159,ACC0159,CARD0231,MERCH0176,2025-05-04 16:05:41,5.98,USD,Declined,ATM,Transfer
TX00592,CUST0118,ACC0118,CARD0379,MERCH0033,2025-02-12 12:04:33,117.9,CAD,Approved,POS,Purchase
TX00593,CUST0035,ACC0035,CARD1083,MERCH0058,2025-02-09 15:26:38,86.06,CAD,Approved,Web,Transfer
TX00594,CUST0949,ACC0949,CARD1216,MERCH0028,2025-06-18 19:23:26,243.47,USD,Approved,POS,Purchase
TX00595,CUST0563,ACC0563,CARD0457,MERCH0035,2025-01-20 15:31:56,122.35,USD,Approved,Mobile App,Withdrawal
TX00596,CUST0274,ACC0274,CARD0453,MERCH0125,2025-07-12 00:38:11,418.99,GBP,Approved,POS,Purchase
TX00597,CUST0759,ACC0759,CARD1029,MERCH0138,2025-11-20 01:03:31,37.75,USD,Approved,POS,Refund
TX00598,CUST0113,ACC0113,CARD1163,MERCH0065,2025-02-05 08:41:16,698.05,USD,Reversed,POS,Withdrawal
TX00599,CUST0472,ACC0472,CARD0704,MERCH0042,2025-01-28 22:30:49,58.06,USD,Approved,ATM,Purchase
TX00600,CUST0608,ACC0608,CARD1175,MERCH0085,2025-01-23 07:25:14,159.26,EUR,Approved,POS,Purchase
TX00601,CUST0901,ACC0901,CARD1070,MERCH0137,2025-12-25 17:47:17,109.53,USD,Approved,POS,Refund
TX00602,CUST0996,ACC0996,CARD0350,MERCH0188,2025-08-16 12:51:21,71.84,USD,Approved,Web,Purchase
TX00603,CUST0432,ACC0432,CARD1127,MERCH0111,2025-12-16 12:27:32,27.5,EUR,Approved,POS,Transfer
TX00604,CUST0687,ACC0687,CARD1141,MERCH0015,2025-09-11 13:17:16,26.73,USD,Approved,Mobile App,Purchase
TX00605,CUST0867,ACC0867,CARD1474,MERCH0185,2025-07-06 04:16:42,191.46,USD,Approved,Web,Withdrawal
TX00606,CUST0711,ACC0711,CARD0656,MERCH0069,2025-12-25 18:08:03,76.14,CAD,Approved,POS,Refund
TX00607,CUST0514,ACC0514,CARD0516,MERCH0105,2025-01-05 11:52:03,492.78,EUR,Approved,Web,Purchase
TX00608,CUST0329,ACC0329,CARD1307,MERCH0150,2025-05-03 12:59:24,64.1,USD,Approved,POS,Purchase
TX00609,CUST0876,ACC0876,CARD1398,MERCH0064,2025-12-02 05:23:25,620.88,USD,Approved,Web,Purchase
TX00610,CUST0497,ACC0497,CARD0432,MERCH0041,2025-09-24 00:57:27,39.49,EUR,Approved,Web,Purchase
TX00611,CUST0685,ACC0685,CARD0929,MERCH0071,2025-01-26 16:11:22,21.27,USD,Approved,Web,Withdrawal
TX00612,CUST0363,ACC0363,CARD1140,MERCH0056,2025-10-19 07:56:22,61.22,INR,Reversed,POS,Purchase
TX00613,CUST0131,ACC0131,CARD0805,MERCH0151,2025-07-08 18:44:31,330.19,EUR,Approved,POS,Purchase
TX00614,CUST0034,ACC0034,CARD0475,MERCH0025,2025-05-02 11:43:33,115.68,INR,Declined,Mobile App,Purchase
TX00615,CUST0857,ACC0857,CARD0900,MERCH0105,2025-02-28 21:04:31,26.87,GBP,Approved,Mobile App,Purchase
TX00616,CUST0051,ACC0051,CARD0167,MERCH0134,2025-09-19 20:34:41,38.94,EUR,Reversed,POS,Withdrawal
TX00617,CUST0116,ACC0116,CARD0419,MERCH0119,2025-11-08 23:16:45,60.93,EUR,Approved,POS,Purchase
TX00618,CUST0928,ACC0928,CARD0526,MERCH0162,2025-10-10 10:30:30,138.8,GBP,Approved,ATM,Withdrawal
TX00619,CUST0364,ACC0364,CARD0191,MERCH0191,2025-04-30 18:09:25,65.61,EUR,Approved,Web,Purchase
TX00620,CUST0819,ACC0819,CARD0389,MERCH0009,2025-05-26 08:33:26,211.19,USD,Approved,Web,Purchase
TX00621,CUST0523,ACC0523,CARD0852,MERCH0060,2025-04-19 09:28:56,148.68,EUR,Approved,Web,Purchase
TX00622,CUST0501,ACC0501,CARD1278,MERCH0125,2025-09-23 04:25:45,315.51,USD,Approved,POS,Purchase
TX00623,CUST0088,ACC0088,CARD0456,MERCH0049,2025-11-29 19:34:13,109.26,GBP,Approved,Web,Purchase
TX00624,CUST0225,ACC0225,CARD0836,MERCH0051,2025-04-12 03:40:24,65.34,EUR,Approved,Mobile App,Purchase
TX00625,CUST0149,ACC0149,CARD0892,MERCH0188,2025-05-17 11:25:50,843.77,INR,Approved,POS,Purchase
TX00626,CUST0504,ACC0504,CARD0522,MERCH0070,2025-05-22 17:35:32,70.92,EUR,Approved,Web,Purchase
TX00627,CUST0882,ACC0882,CARD1219,MERCH0037,2025-03-14 19:06:14,88.95,GBP,Approved,Web,Purchase
TX00628,CUST0664,ACC0664,CARD1150,MERCH0031,2025-06-17 00:09:25,253.42,USD,Approved,ATM,Withdrawal
TX00629,CUST0517,ACC0517,CARD0336,MERCH0169,2025-09-16 19:44:54,18.92,USD,Approved,POS,Withdrawal
TX00630,CUST0287,ACC0287,CARD1144,MERCH0062,2025-04-21 13:51:35,78.28,CAD,Approved,Mobile App,Purchase
TX00631,CUST0214,ACC0214,CARD0642,MERCH0093,2025-06-10 21:17:19,18.44,GBP,Approved,POS,Purchase
TX00632,CUST0246,ACC0246,CARD0660,MERCH0186,2025-11-23 07:39:57,27.5,EUR,Approved,Web,Purchase
TX00633,CUST0150,ACC0150,CARD1485,MERCH0014,2025-02-19 10:39:57,5.7,USD,Approved,POS,Withdrawal
TX00634,CUST0302,ACC0302,CARD0338,MERCH0164,2025-06-24 09:11:09,6.44,EUR,Approved,Mobile App,Withdrawal
TX00635,CUST0186,ACC0186,CARD0628,MERCH0164,2025-07-03 11:11:14,76.78,CAD,Approved,POS,Purchase
TX00636,CUST0303,ACC0303,CARD0822,MERCH0079,2025-11-03 10:36:37,253.45,USD,Approved,Mobile App,Purchase
TX00637,CUST0361,ACC0361,CARD0700,MERCH0008,2025-12-12 02:00:48,137.65,GBP,Approved,Web,Refund
TX00638,CUST0425,ACC0425,CARD0444,MERCH0154,2025-06-05 14:26:26,156.14,USD,Approved,Mobile App,Purchase
TX00639,CUST0075,ACC0075,CARD1022,MERCH0036,2025-10-10 09:47:27,114.86,USD,Approved,POS,Purchase
TX00640,CUST0638,ACC0638,CARD0946,MERCH0048,2025-09-06 21:05:22,262.05,GBP,Approved,POS,Purchase
TX00641,CUST0547,ACC0547,CARD1022,MERCH0085,2025-01-07 18:06:20,323.51,USD,Approved,Web,Purchase
TX00642,CUST0555,ACC0555,CARD1400,MERCH0028,2025-06-20 06:50:44,289.31,USD,Approved,Web,Purchase
TX00643,CUST0039,ACC0039,CARD0976,MERCH0196,2025-04-04 23:17:04,255.8,GBP,Approved,POS,Purchase
TX00644,CUST0641,ACC0641,CARD1218,MERCH0190,2025-12-29 01:05:59,35.26,GBP,Approved,Web,Withdrawal
TX00645,CUST0551,ACC0551,CARD1220,MERCH0051,2025-07-05 03:05:43,140.16,USD,Declined,POS,Purchase
TX00646,CUST0947,ACC0947,CARD0739,MERCH0104,2025-06-19 10:51:55,135.9,CAD,Approved,Web,Refund
TX00647,CUST0302,ACC0302,CARD0338,MERCH0170,2025-02-11 06:15:40,117.6,USD,Approved,POS,Purchase
TX00648,CUST0018,ACC0018,CARD1333,MERCH0101,2025-06-03 21:24:57,103.32,INR,Approved,POS,Purchase
TX00649,CUST0320,ACC0320,CARD0470,MERCH0029,2025-02-20 03:33:07,19.01,GBP,Approved,ATM,Purchase
TX00650,CUST0344,ACC0344,CARD0017,MERCH0127,2025-07-31 14:41:19,21.17,USD,Approved,Web,Purchase
TX00651,CUST0848,ACC0848,CARD0984,MERCH0082,2025-12-23 16:51:09,353.85,USD,Approved,Mobile App,Refund
TX00652,CUST0792,ACC0792,CARD0083,MERCH0010,2025-12-01 05:11:27,154.21,USD,Approved,POS,Purchase
TX00653,CUST0968,ACC0968,CARD1170,MERCH0106,2025-04-08 09:59:49,50.64,USD,Approved,POS,Transfer
TX00654,CUST0843,ACC0843,CARD0435,MERCH0167,2025-10-06 00:18:02,54.13,EUR,Approved,Web,Purchase
TX00655,CUST0393,ACC0393,CARD0408,MERCH0001,2025-04-23 12:44:51,146.32,USD,Approved,POS,Withdrawal
TX00656,CUST0111,ACC0111,CARD1496,MERCH0039,2025-08-31 13:01:41,83.37,USD,Approved,POS,Purchase
TX00657,CUST0771,ACC0771,CARD1241,MERCH0021,2025-02-26 19:44:22,92.33,GBP,Approved,POS,Withdrawal
TX00658,CUST0410,ACC0410,CARD0727,MERCH0065,2025-03-01 20:00:08,14.39,USD,Approved,POS,Purchase
TX00659,CUST0826,ACC0826,CARD0919,MERCH0015,2025-08-04 04:23:48,27.4,EUR,Approved,POS,Refund
TX00660,CUST0428,ACC0428,CARD0264,MERCH0132,2025-08-21 04:59:34,79.97,USD,Approved,Mobile App,Withdrawal
TX00661,CUST0128,ACC0128,CARD1072,MERCH0188,2025-07-27 05:10:15,185.44,GBP,Approved,Web,Purchase
TX00662,CUST0364,ACC0364,CARD0191,MERCH0061,2025-11-07 11:18:48,12.38,EUR,Approved,Web,Refund
TX00663,CUST0986,ACC0986,CARD1401,MERCH0148,2025-01-26 21:40:00,66.1,GBP,Approved,POS,Purchase
TX00664,CUST0739,ACC0739,CARD1169,MERCH0138,2025-03-04 20:12:56,183.15,USD,Approved,Mobile App,Refund
TX00665,CUST0169,ACC0169,CARD0682,MERCH0087,2025-12-01 05:27:02,240.57,USD,Pending,POS,Withdrawal
TX00666,CUST0903,ACC0903,CARD1102,MERCH0105,2025-08-13 18:38:56,36.65,USD,Declined,POS,Purchase
TX00667,CUST0413,ACC0413,CARD0575,MERCH0034,2025-03-10 10:47:19,202.23,USD,Approved,POS,Purchase
TX00668,CUST0188,ACC0188,CARD1283,MERCH0124,2025-01-09 12:34:51,471.54,USD,Approved,Web,Withdrawal
TX00669,CUST0534,ACC0534,CARD0397,MERCH0110,2025-07-17 23:34:51,360.97,EUR,Approved,Mobile App,Withdrawal
TX00670,CUST0183,ACC0183,CARD1401,MERCH0176,2025-06-22 04:46:17,238.65,EUR,Approved,POS,Purchase
TX00671,CUST0313,ACC0313,CARD1219,MERCH0033,2025-01-28 12:10:15,191.89,GBP,Approved,ATM,Purchase
TX00672,CUST0859,ACC0859,CARD0184,MERCH0098,2025-05-14 00:00:26,45.21,EUR,Approved,Mobile App,Purchase
TX00673,CUST0476,ACC0476,CARD0861,MERCH0061,2025-02-07 16:50:11,155.73,EUR,Approved,POS,Refund
TX00674,CUST0800,ACC0800,CARD0717,MERCH0010,2025-07-22 06:51:00,159.62,INR,Approved,POS,Purchase
TX00675,CUST0757,ACC0757,CARD1275,MERCH0182,2025-11-16 14:30:53,83.34,EUR,Approved,ATM,Refund
TX00676,CUST0488,ACC0488,CARD1009,MERCH0084,2025-04-09 04:30:58,106.89,EUR,Approved,POS,Purchase
TX00677,CUST0981,ACC0981,CARD1306,MERCH0065,2025-07-09 04:16:29,182.64,INR,Approved,Mobile App,Purchase
TX00678,CUST0593,ACC0593,CARD0455,MERCH0077,2025-08-01 07:41:25,460.8,INR,Approved,ATM,Purchase
TX00679,CUST0831,ACC0831,CARD0075,MERCH0001,2025-12-07 07:33:15,57.5,EUR,Approved,Mobile App,Refund
TX00680,CUST0876,ACC0876,CARD1398,MERCH0133,2025-10-21 19:48:30,47.43,EUR,Approved,Web,Purchase
TX00681,CUST0648,ACC0648,CARD0500,MERCH0080,2025-06-29 18:25:32,143.12,EUR,Approved,Mobile App,Purchase
TX00682,CUST0035,ACC0035,CARD1083,MERCH0015,2025-04-22 17:28:27,26.03,GBP,Approved,Web,Transfer
TX00683,CUST0427,ACC0427,CARD0993,MERCH0028,2025-01-21 06:34:56,136.03,CAD,Approved,Web,Withdrawal
TX00684,CUST0911,ACC0911,CARD1080,MERCH0023,2025-05-26 01:49:44,18.96,USD,Approved,POS,Transfer
TX00685,CUST0035,ACC0035,CARD1083,MERCH0109,2025-11-12 01:28:05,106.17,GBP,Approved,Mobile App,Refund
TX00686,CUST0954,ACC0954,CARD1297,MERCH0107,2025-05-20 02:02:50,150.3,EUR,Declined,ATM,Refund
TX00687,CUST0363,ACC0363,CARD1140,MERCH0145,2025-09-01 06:23:15,15.9,USD,Approved,Web,Withdrawal
TX00688,CUST0051,ACC0051,CARD0167,MERCH0113,2025-07-20 09:46:40,39.78,GBP,Approved,Web,Purchase
TX00689,CUST0496,ACC0496,CARD0474,MERCH0098,2025-11-10 19:33:22,66.28,EUR,Approved,Web,Purchase
TX00690,CUST0655,ACC0655,CARD1276,MERCH0141,2025-09-12 10:30:22,73.97,USD,Reversed,Mobile App,Purchase
TX00691,CUST0204,ACC0204,CARD0564,MERCH0142,2025-01-23 14:04:28,174.1,INR,Approved,POS,Withdrawal
TX00692,CUST0374,ACC0374,CARD0570,MERCH0139,2025-11-07 17:44:13,117.94,EUR,Approved,Web,Purchase
TX00693,CUST0813,ACC0813,CARD0118,MERCH0028,2025-11-14 04:25:58,77.22,EUR,Approved,ATM,Transfer
TX00694,CUST0354,ACC0354,CARD0280,MERCH0042,2025-08-07 05:49:14,94.86,GBP,Approved,POS,Purchase
TX00695,CUST0274,ACC0274,CARD0453,MERCH0099,2025-12-22 02:41:15,6.96,INR,Approved,ATM,Refund
TX00696,CUST0422,ACC0422,CARD0838,MERCH0061,2025-01-27 08:47:41,225.79,CAD,Approved,ATM,Purchase
TX00697,CUST0935,ACC0935,CARD0666,MERCH0123,2025-10-17 04:46:24,11.28,EUR,Approved,ATM,Withdrawal
TX00698,CUST0435,ACC0435,CARD0877,MERCH0064,2025-12-14 07:10:22,270.19,EUR,Approved,Web,Purchase
TX00699,CUST0027,ACC0027,CARD1185,MERCH0031,2025-12-18 21:14:25,121.8,USD,Approved,POS,Refund
TX00700,CUST0198,ACC0198,CARD0664,MERCH0081,2025-05-28 14:37:27,117.56,EUR,Approved,Web,Purchase
TX00701,CUST0318,ACC0318,CARD0460,MERCH0010,2025-08-15 17:26:54,187.9,CAD,Approved,POS,Purchase
TX00702,CUST0371,ACC0371,CARD0128,MERCH0008,2025-07-05 21:33:25,299.45,GBP,Approved,POS,Purchase
TX00703,CUST0878,ACC0878,CARD0360,MERCH0149,2025-02-10 05:22:16,433.78,USD,Approved,ATM,Purchase
TX00704,CUST0126,ACC0126,CARD0930,MERCH0059,2025-07-10 23:20:46,122.58,USD,Approved,Web,Purchase
TX00705,CUST0268,ACC0268,CARD1017,MERCH0178,2025-07-24 14:43:33,29.49,CAD,Approved,POS,Refund
TX00706,CUST0840,ACC0840,CARD0798,MERCH0197,2025-09-29 23:28:31,321.34,GBP,Reversed,POS,Purchase
TX00707,CUST0881,ACC0881,CARD1219,MERCH0198,2025-05-22 14:34:34,11.23,EUR,Approved,Web,Purchase
TX00708,CUST0850,ACC0850,CARD1020,MERCH0030,2025-10-21 06:59:45,252.02,EUR,Approved,Mobile App,Purchase
TX00709,CUST0454,ACC0454,CARD1498,MERCH0145,2025-05-16 08:28:04,176.11,USD,Approved,Web,Purchase
TX00710,CUST0515,ACC0515,CARD1040,MERCH0020,2025-11-08 12:40:10,357.65,GBP,Declined,POS,Refund
TX00711,CUST0286,ACC0286,CARD0054,MERCH0048,2025-04-30 14:08:27,346.63,EUR,Approved,Web,Purchase
TX00712,CUST0573,ACC0573,CARD0037,MERCH0130,2025-02-15 07:10:35,13.19,EUR,Approved,POS,Transfer
TX00713,CUST0755,ACC0755,CARD0798,MERCH0037,2025-02-17 14:56:30,146.03,USD,Approved,POS,Transfer
TX00714,CUST0683,ACC0683,CARD1433,MERCH0129,2025-06-10 02:40:43,24.97,EUR,Approved,Web,Transfer
TX00715,CUST0635,ACC0635,CARD1192,MERCH0132,2025-03-12 05:15:51,17.26,USD,Declined,Web,Purchase
TX00716,CUST0807,ACC0807,CARD0095,MERCH0100,2025-02-21 21:07:48,94.21,CAD,Declined,Web,Transfer
TX00717,CUST0840,ACC0840,CARD0798,MERCH0054,2025-10-27 11:47:28,20.4,CAD,Approved,Mobile App,Purchase
TX00718,CUST0337,ACC0337,CARD0453,MERCH0122,2025-02-07 05:55:46,200.24,GBP,Approved,Web,Purchase
TX00719,CUST0408,ACC0408,CARD1378,MERCH0025,2025-08-19 00:59:09,525.78,CAD,Approved,ATM,Purchase
TX00720,CUST0963,ACC0963,CARD0025,MERCH0131,2025-09-19 17:13:39,131.45,EUR,Approved,Mobile App,Purchase
TX00721,CUST0452,ACC0452,CARD1370,MERCH0009,2025-06-28 13:25:28,45.22,USD,Approved,Web,Refund
TX00722,CUST0807,ACC0807,CARD0095,MERCH0034,2025-01-13 07:01:41,282.92,GBP,Reversed,POS,Purchase
TX00723,CUST0907,ACC0907,CARD0047,MERCH0043,2025-08-08 05:46:05,292.7,USD,Approved,Mobile App,Transfer
TX00724,CUST0376,ACC0376,CARD0686,MERCH0074,2025-09-01 02:03:45,202.96,EUR,Approved,ATM,Purchase
TX00725,CUST0196,ACC0196,CARD1258,MERCH0094,2025-02-27 14:39:31,148.23,USD,Approved,POS,Refund
TX00726,CUST0613,ACC0613,CARD1066,MERCH0022,2025-11-24 06:14:04,308.51,EUR,Reversed,Web,Purchase
TX00727,CUST0608,ACC0608,CARD1175,MERCH0070,2025-07-12 01:30:52,31.74,EUR,Approved,POS,Refund
TX00728,CUST0179,ACC0179,CARD1255,MERCH0130,2025-02-19 10:47:42,407.36,USD,Approved,POS,Transfer
TX00729,CUST0163,ACC0163,CARD1060,MERCH0094,2025-02-01 19:13:37,446.2,USD,Approved,Web,Purchase
TX00730,CUST0228,ACC0228,CARD1208,MERCH0194,2025-02-12 05:05:00,313.35,EUR,Approved,POS,Withdrawal
TX00731,CUST0675,ACC0675,CARD1385,MERCH0032,2025-12-17 02:05:01,48.28,GBP,Approved,POS,Withdrawal
TX00732,CUST0713,ACC0713,CARD0971,MERCH0106,2025-11-06 10:53:01,297.98,EUR,Declined,Web,Purchase
TX00733,CUST0522,ACC0522,CARD1499,MERCH0144,2025-11-07 21:52:46,108.27,USD,Approved,Mobile App,Purchase
TX00734,CUST0356,ACC0356,CARD0497,MERCH0001,2025-03-04 23:08:10,140.55,EUR,Approved,Mobile App,Transfer
TX00735,CUST0021,ACC0021,CARD1438,MERCH0072,2025-04-11 06:16:04,280.45,GBP,Approved,ATM,Purchase
TX00736,CUST0087,ACC0087,CARD1295,MERCH0176,2025-04-17 15:57:15,9.5,EUR,Approved,Web,Purchase
TX00737,CUST0430,ACC0430,CARD1004,MERCH0050,2025-11-04 13:11:15,72.63,USD,Approved,Web,Purchase
TX00738,CUST0996,ACC0996,CARD0350,MERCH0141,2025-11-16 19:44:34,258.67,INR,Approved,Mobile App,Withdrawal
TX00739,CUST0775,ACC0775,CARD1485,MERCH0015,2025-07-15 03:27:34,257.26,USD,Reversed,Web,Purchase
TX00740,CUST0386,ACC0386,CARD1417,MERCH0053,2025-03-31 06:01:51,288.26,USD,Approved,POS,Withdrawal
TX00741,CUST0890,ACC0890,CARD1029,MERCH0172,2025-07-31 13:26:38,32.81,EUR,Approved,POS,Withdrawal
TX00742,CUST0573,ACC0573,CARD0037,MERCH0008,2025-09-20 09:31:37,188.57,USD,Approved,ATM,Purchase
TX00743,CUST0624,ACC0624,CARD0658,MERCH0074,2025-09-30 07:21:25,28.76,INR,Approved,POS,Purchase
TX00744,CUST0517,ACC0517,CARD0336,MERCH0046,2025-03-05 15:09:43,235.64,USD,Approved,POS,Withdrawal
TX00745,CUST0794,ACC0794,CARD1109,MERCH0069,2025-06-23 14:20:30,47.18,USD,Approved,Web,Refund
TX00746,CUST0113,ACC0113,CARD1163,MERCH0114,2025-09-13 07:31:26,205.81,USD,Approved,ATM,Purchase
TX00747,CUST0793,ACC0793,CARD1169,MERCH0147,2025-04-11 19:03:43,96.05,EUR,Approved,POS,Refund
TX00748,CUST0542,ACC0542,CARD0849,MERCH0166,2025-07-16 16:27:43,648.15,USD,Declined,Web,Purchase
TX00749,CUST0579,ACC0579,CARD1297,MERCH0123,2025-09-01 16:51:04,135.09,USD,Approved,POS,Purchase
TX00750,CUST0638,ACC0638,CARD0946,MERCH0139,2025-04-15 04:44:37,155.19,USD,Approved,Web,Purchase
TX00751,CUST0003,ACC0003,CARD0861,MERCH0117,2025-06-04 10:36:14,73.87,EUR,Approved,Web,Purchase
TX00752,CUST0434,ACC0434,CARD0774,MERCH0043,2025-06-18 00:58:11,203.93,GBP,Approved,POS,Purchase
TX00753,CUST0234,ACC0234,CARD0884,MERCH0020,2025-02-16 00:56:32,107.45,EUR,Declined,ATM,Transfer
TX00754,CUST0768,ACC0768,CARD0853,MERCH0148,2025-11-02 18:50:04,7.73,EUR,Approved,Mobile App,Refund
TX00755,CUST0788,ACC0788,CARD0997,MERCH0021,2025-01-01 10:09:11,145.7,USD,Approved,POS,Refund
TX00756,CUST0956,ACC0956,CARD0086,MERCH0082,2025-05-24 07:04:25,271.2,CAD,Approved,POS,Purchase
TX00757,CUST0188,ACC0188,CARD1283,MERCH0057,2025-01-28 01:39:29,45.54,EUR,Approved,POS,Purchase
TX00758,CUST0532,ACC0532,CARD1067,MERCH0178,2025-10-05 05:50:32,42.47,USD,Approved,Mobile App,Purchase
TX00759,CUST0098,ACC0098,CARD0217,MERCH0074,2025-11-28 06:46:48,145.81,EUR,Approved,POS,Purchase
TX00760,CUST0622,ACC0622,CARD0733,MERCH0098,2025-06-27 13:19:00,260.55,EUR,Approved,POS,Purchase
TX00761,CUST0930,ACC0930,CARD0028,MERCH0154,2025-06-16 16:57:30,48.08,USD,Approved,Web,Purchase
TX00762,CUST0096,ACC0096,CARD1077,MERCH0158,2025-03-15 05:53:50,408.82,USD,Approved,POS,Transfer
TX00763,CUST0161,ACC0161,CARD1195,MERCH0110,2025-09-06 22:58:14,398.39,USD,Approved,POS,Purchase
TX00764,CUST0911,ACC0911,CARD1080,MERCH0115,2025-09-09 11:45:40,38.57,GBP,Approved,Web,Transfer
TX00765,CUST0198,ACC0198,CARD0664,MERCH0159,2025-04-21 21:48:35,50.93,USD,Approved,POS,Refund
TX00766,CUST0683,ACC0683,CARD1433,MERCH0042,2025-07-07 22:24:51,185.9,EUR,Approved,Mobile App,Purchase
TX00767,CUST0678,ACC0678,CARD0348,MERCH0068,2025-07-26 01:12:09,459.65,USD,Declined,ATM,Transfer
TX00768,CUST0616,ACC0616,CARD0398,MERCH0189,2025-01-24 09:57:45,190.62,USD,Approved,Web,Purchase
TX00769,CUST0297,ACC0297,CARD1497,MERCH0189,2025-08-06 10:31:09,93.29,USD,Approved,Web,Purchase
TX00770,CUST0669,ACC0669,CARD1244,MERCH0070,2025-12-12 23:19:44,32.77,USD,Approved,Web,Purchase
TX00771,CUST0060,ACC0060,CARD0565,MERCH0078,2025-09-02 18:24:12,97.71,USD,Approved,Web,Purchase
TX00772,CUST0819,ACC0819,CARD0389,MERCH0196,2025-01-27 00:28:31,145.0,EUR,Approved,POS,Purchase
TX00773,CUST0102,ACC0102,CARD0493,MERCH0090,2025-07-21 14:47:50,65.28,EUR,Declined,POS,Purchase
TX00774,CUST0320,ACC0320,CARD0470,MERCH0111,2025-08-28 21:19:19,112.08,GBP,Approved,Mobile App,Transfer
TX00775,CUST0867,ACC0867,CARD1474,MERCH0112,2025-12-15 03:43:12,25.93,USD,Approved,POS,Transfer
TX00776,CUST0626,ACC0626,CARD0588,MERCH0103,2025-03-25 00:37:26,95.27,CAD,Approved,Web,Withdrawal
TX00777,CUST0467,ACC0467,CARD0488,MERCH0145,2025-02-12 18:59:18,19.27,INR,Approved,Web,Withdrawal
TX00778,CUST0295,ACC0295,CARD1136,MERCH0019,2025-04-02 04:47:14,12.55,USD,Declined,POS,Purchase
TX00779,CUST0940,ACC0940,CARD1031,MERCH0179,2025-03-25 13:44:11,296.99,INR,Approved,Mobile App,Purchase
TX00780,CUST0317,ACC0317,CARD0688,MERCH0070,2025-10-23 20:53:25,39.43,USD,Approved,Mobile App,Purchase
TX00781,CUST0021,ACC0021,CARD1438,MERCH0063,2025-10-08 08:14:32,133.4,EUR,Approved,POS,Purchase
TX00782,CUST0097,ACC0097,CARD0792,MERCH0075,2025-02-28 03:05:48,29.2,USD,Approved,Mobile App,Purchase
TX00783,CUST0578,ACC0578,CARD0873,MERCH0158,2025-12-25 20:51:33,50.68,EUR,Approved,POS,Withdrawal
TX00784,CUST0349,ACC0349,CARD1070,MERCH0153,2025-08-29 10:11:59,72.26,EUR,Approved,Mobile App,Purchase
TX00785,CUST0364,ACC0364,CARD0191,MERCH0104,2025-12-08 13:32:17,28.27,USD,Approved,Web,Purchase
TX00786,CUST0335,ACC0335,CARD0879,MERCH0075,2025-03-03 10:58:56,12.06,GBP,Approved,Web,Purchase
TX00787,CUST0399,ACC0399,CARD0020,MERCH0128,2025-05-26 03:53:59,319.53,EUR,Approved,POS,Withdrawal
TX00788,CUST0039,ACC0039,CARD0976,MERCH0199,2025-09-13 13:18:51,6.79,EUR,Approved,POS,Withdrawal
TX00789,CUST0994,ACC0994,CARD0843,MERCH0154,2025-11-12 23:16:57,14.49,INR,Approved,ATM,Purchase
TX00790,CUST0659,ACC0659,CARD1206,MERCH0056,2025-09-15 11:44:47,250.27,CAD,Approved,Web,Purchase
TX00791,CUST0894,ACC0894,CARD0534,MERCH0022,2025-04-13 09:10:12,54.69,INR,Approved,Web,Purchase
TX00792,CUST0462,ACC0462,CARD0513,MERCH0089,2025-09-02 11:36:23,197.46,CAD,Approved,ATM,Purchase
TX00793,CUST0907,ACC0907,CARD0047,MERCH0019,2025-09-25 23:48:47,28.71,USD,Approved,Web,Withdrawal
TX00794,CUST0291,ACC0291,CARD1446,MERCH0159,2025-08-08 23:16:06,45.63,USD,Approved,POS,Withdrawal
TX00795,CUST0896,ACC0896,CARD0838,MERCH0026,2025-08-05 03:33:23,132.57,USD,Declined,Mobile App,Withdrawal
TX00796,CUST0988,ACC0988,CARD1461,MERCH0170,2025-02-05 03:48:18,676.59,INR,Approved,ATM,Purchase
TX00797,CUST0009,ACC0009,CARD0467,MERCH0169,2025-09-14 04:16:16,16.44,USD,Approved,POS,Withdrawal
TX00798,CUST0303,ACC0303,CARD0822,MERCH0023,2025-07-18 03:38:37,81.76,USD,Approved,Web,Purchase
TX00799,CUST0100,ACC0100,CARD0188,MERCH0047,2025-02-17 15:39:41,11.61,USD,Pending,ATM,Purchase
TX00800,CUST0361,ACC0361,CARD0700,MERCH0013,2025-03-10 13:33:06,38.33,USD,Approved,POS,Purchase
TX00801,CUST0708,ACC0708,CARD1439,MERCH0066,2025-12-25 18:28:00,362.04,USD,Approved,POS,Transfer
TX00802,CUST0362,ACC0362,CARD0993,MERCH0194,2025-12-13 20:31:45,20.22,EUR,Approved,Web,Withdrawal
TX00803,CUST0227,ACC0227,CARD0203,MERCH0144,2025-12-11 12:54:49,296.59,USD,Approved,POS,Purchase
TX00804,CUST0755,ACC0755,CARD0798,MERCH0073,2025-02-25 23:12:13,34.37,EUR,Approved,Web,Withdrawal
TX00805,CUST0303,ACC0303,CARD0822,MERCH0156,2025-09-27 08:52:29,301.84,GBP,Declined,Web,Purchase
TX00806,CUST0032,ACC0032,CARD0748,MERCH0077,2025-10-08 22:06:27,120.84,GBP,Approved,POS,Withdrawal
TX00807,CUST0040,ACC0040,CARD0190,MERCH0163,2025-08-27 21:53:18,320.81,USD,Approved,Mobile App,Refund
TX00808,CUST0725,ACC0725,CARD1146,MERCH0169,2025-10-15 20:30:09,29.68,CAD,Approved,POS,Purchase
TX00809,CUST0338,ACC0338,CARD1020,MERCH0031,2025-11-30 07:36:25,220.35,GBP,Approved,POS,Purchase
TX00810,CUST0637,ACC0637,CARD1417,MERCH0085,2025-07-12 00:54:20,176.24,USD,Approved,POS,Purchase
TX00811,CUST0510,ACC0510,CARD0442,MERCH0160,2025-10-03 00:52:25,122.44,GBP,Approved,Mobile App,Withdrawal
TX00812,CUST0759,ACC0759,CARD1029,MERCH0182,2025-01-10 02:10:02,254.57,GBP,Approved,POS,Purchase
TX00813,CUST0354,ACC0354,CARD0280,MERCH0200,2025-08-04 07:28:33,161.74,EUR,Approved,POS,Purchase
TX00814,CUST0845,ACC0845,CARD1332,MERCH0059,2025-02-09 05:44:32,319.39,USD,Approved,ATM,Purchase
TX00815,CUST0631,ACC0631,CARD0913,MERCH0041,2025-05-07 12:35:44,76.96,EUR,Approved,ATM,Purchase
TX00816,CUST0032,ACC0032,CARD0748,MERCH0112,2025-03-12 20:22:32,138.71,GBP,Approved,POS,Withdrawal
TX00817,CUST0852,ACC0852,CARD0759,MERCH0194,2025-05-24 11:12:04,311.73,USD,Approved,POS,Withdrawal
TX00818,CUST0583,ACC0583,CARD1366,MERCH0096,2025-12-20 10:44:58,41.28,EUR,Approved,Web,Withdrawal
TX00819,CUST0758,ACC0758,CARD0877,MERCH0182,2025-12-11 00:58:32,104.75,USD,Approved,Web,Purchase
TX00820,CUST0678,ACC0678,CARD0348,MERCH0168,2025-09-26 21:52:23,490.64,EUR,Approved,ATM,Withdrawal
TX00821,CUST0805,ACC0805,CARD0034,MERCH0122,2025-05-19 22:10:58,101.25,USD,Approved,POS,Purchase
TX00822,CUST0328,ACC0328,CARD0438,MERCH0156,2025-01-17 17:32:20,48.72,USD,Approved,POS,Purchase
TX00823,CUST0960,ACC0960,CARD0537,MERCH0165,2025-01-13 23:35:54,69.87,CAD,Approved,Web,Purchase
TX00824,CUST0755,ACC0755,CARD0798,MERCH0105,2025-12-06 15:36:00,329.53,GBP,Approved,Web,Transfer
TX00825,CUST0003,ACC0003,CARD0861,MERCH0193,2025-12-28 20:26:07,469.77,USD,Approved,Web,Withdrawal
TX00826,CUST0952,ACC0952,CARD0714,MERCH0074,2025-09-21 09:52:28,454.68,EUR,Declined,Mobile App,Purchase
TX00827,CUST0172,ACC0172,CARD0646,MERCH0183,2025-04-14 22:16:11,185.07,EUR,Approved,Web,Transfer
TX00828,CUST0295,ACC0295,CARD1136,MERCH0132,2025-12-25 20:17:51,111.88,GBP,Approved,POS,Transfer
TX00829,CUST0927,ACC0927,CARD0726,MERCH0099,2025-06-18 18:59:04,35.26,EUR,Approved,Web,Purchase
TX00830,CUST0901,ACC0901,CARD1070,MERCH0126,2025-09-13 01:11:37,24.73,EUR,Approved,POS,Purchase
TX00831,CUST0662,ACC0662,CARD0714,MERCH0138,2025-09-01 01:23:28,14.24,INR,Approved,Web,Purchase
TX00832,CUST0725,ACC0725,CARD1146,MERCH0175,2025-10-13 04:40:20,7.68,GBP,Approved,ATM,Purchase
TX00833,CUST0055,ACC0055,CARD0316,MERCH0075,2025-08-26 08:06:42,320.7,USD,Approved,Web,Transfer
TX00834,CUST0682,ACC0682,CARD1393,MERCH0014,2025-02-22 18:39:16,253.39,EUR,Approved,POS,Refund
TX00835,CUST0179,ACC0179,CARD1255,MERCH0038,2025-09-30 16:44:23,130.84,EUR,Approved,Web,Purchase
TX00836,CUST0115,ACC0115,CARD0392,MERCH0140,2025-08-01 20:47:35,1004.52,GBP,Approved,POS,Purchase
TX00837,CUST0877,ACC0877,CARD0900,MERCH0045,2025-07-11 03:23:24,463.81,USD,Approved,POS,Purchase
TX00838,CUST0744,ACC0744,CARD0752,MERCH0145,2025-06-26 23:08:43,164.68,EUR,Approved,Web,Purchase
TX00839,CUST0849,ACC0849,CARD1359,MERCH0163,2025-03-22 08:09:36,98.7,USD,Approved,Web,Withdrawal
TX00840,CUST0930,ACC0930,CARD0028,MERCH0194,2025-02-06 03:14:00,29.76,USD,Approved,Web,Purchase
TX00841,CUST0800,ACC0800,CARD0717,MERCH0075,2025-11-22 02:11:43,113.72,USD,Approved,Web,Purchase
TX00842,CUST0812,ACC0812,CARD0438,MERCH0169,2025-09-06 07:27:43,30.75,EUR,Approved,POS,Purchase
TX00843,CUST0947,ACC0947,CARD0739,MERCH0195,2025-10-20 20:42:06,81.24,USD,Approved,POS,Transfer
TX00844,CUST0013,ACC0013,CARD0088,MERCH0029,2025-07-23 16:05:54,433.78,EUR,Approved,POS,Purchase
TX00845,CUST0429,ACC0429,CARD1077,MERCH0018,2025-12-16 15:33:03,67.78,EUR,Approved,Mobile App,Purchase
TX00846,CUST0909,ACC0909,CARD0214,MERCH0020,2025-09-19 23:39:40,29.87,EUR,Approved,Mobile App,Purchase
TX00847,CUST0021,ACC0021,CARD1438,MERCH0014,2025-09-29 04:30:04,135.98,EUR,Declined,ATM,Purchase
TX00848,CUST0842,ACC0842,CARD0859,MERCH0162,2025-10-27 16:36:57,143.33,USD,Approved,Web,Withdrawal
TX00849,CUST0812,ACC0812,CARD0438,MERCH0177,2025-02-15 19:18:57,37.31,USD,Approved,Web,Purchase
TX00850,CUST0361,ACC0361,CARD0700,MERCH0054,2025-03-05 06:22:20,37.83,GBP,Pending,POS,Refund
TX00851,CUST0110,ACC0110,CARD0648,MERCH0031,2025-05-11 12:14:00,689.17,EUR,Approved,POS,Purchase
TX00852,CUST0788,ACC0788,CARD0997,MERCH0058,2025-07-22 23:27:17,46.81,GBP,Approved,Web,Purchase
TX00853,CUST0356,ACC0356,CARD0497,MERCH0104,2025-10-25 02:33:56,278.2,EUR,Reversed,Web,Purchase
TX00854,CUST0226,ACC0226,CARD1463,MERCH0170,2025-06-06 01:05:02,100.32,USD,Approved,Mobile App,Transfer
TX00855,CUST0427,ACC0427,CARD0993,MERCH0186,2025-11-25 09:32:44,90.64,GBP,Approved,Web,Withdrawal
TX00856,CUST0089,ACC0089,CARD1486,MERCH0128,2025-03-05 05:34:56,57.43,USD,Approved,ATM,Purchase
TX00857,CUST0892,ACC0892,CARD0604,MERCH0158,2025-09-02 16:14:33,227.97,CAD,Approved,POS,Purchase
TX00858,CUST0466,ACC0466,CARD0560,MERCH0025,2025-11-17 12:15:53,323.87,USD,Approved,POS,Purchase
TX00859,CUST0092,ACC0092,CARD0296,MERCH0191,2025-11-14 10:41:42,50.39,EUR,Approved,Mobile App,Withdrawal
TX00860,CUST0563,ACC0563,CARD0457,MERCH0019,2025-11-12 06:46:05,19.99,USD,Pending,POS,Purchase
TX00861,CUST0292,ACC0292,CARD0104,MERCH0200,2025-09-18 21:43:49,27.09,CAD,Approved,Mobile App,Purchase
TX00862,CUST0436,ACC0436,CARD0992,MERCH0136,2025-03-11 18:54:38,241.11,INR,Approved,POS,Withdrawal
TX00863,CUST0666,ACC0666,CARD0173,MERCH0003,2025-06-16 19:41:42,90.86,USD,Approved,Web,Purchase
TX00864,CUST0356,ACC0356,CARD0497,MERCH0195,2025-12-20 08:58:06,26.22,USD,Approved,POS,Refund
TX00865,CUST0755,ACC0755,CARD0798,MERCH0086,2025-01-12 11:09:38,67.39,USD,Approved,POS,Refund
TX00866,CUST0069,ACC0069,CARD0776,MERCH0145,2025-04-18 21:59:43,113.3,GBP,Approved,Web,Withdrawal
TX00867,CUST0986,ACC0986,CARD1401,MERCH0142,2025-11-19 12:00:01,291.63,USD,Approved,POS,Transfer
TX00868,CUST0469,ACC0469,CARD0897,MERCH0009,2025-11-04 20:56:36,158.98,EUR,Approved,POS,Purchase
TX00869,CUST0170,ACC0170,CARD0557,MERCH0190,2025-10-08 20:05:54,34.04,USD,Approved,Mobile App,Purchase
TX00870,CUST0157,ACC0157,CARD0485,MERCH0094,2025-10-05 01:23:48,30.92,GBP,Approved,ATM,Purchase
TX00871,CUST0804,ACC0804,CARD0488,MERCH0149,2025-07-22 20:49:34,84.74,EUR,Approved,POS,Transfer
TX00872,CUST0124,ACC0124,CARD0201,MERCH0165,2025-08-25 23:21:24,16.73,GBP,Approved,POS,Purchase
TX00873,CUST0084,ACC0084,CARD0996,MERCH0139,2025-07-11 18:54:59,216.33,GBP,Approved,Web,Purchase
TX00874,CUST0828,ACC0828,CARD1253,MERCH0020,2025-01-18 02:21:38,81.99,USD,Approved,Mobile App,Transfer
TX00875,CUST0369,ACC0369,CARD1280,MERCH0035,2025-01-20 07:59:53,68.02,EUR,Approved,ATM,Withdrawal
TX00876,CUST0595,ACC0595,CARD0735,MERCH0053,2025-05-17 14:57:19,111.73,EUR,Declined,POS,Purchase
TX00877,CUST0438,ACC0438,CARD1374,MERCH0175,2025-06-03 06:29:57,190.14,EUR,Approved,Web,Purchase
TX00878,CUST0592,ACC0592,CARD0265,MERCH0110,2025-01-25 04:34:02,131.37,USD,Approved,POS,Purchase
TX00879,CUST0382,ACC0382,CARD0490,MERCH0180,2025-10-28 02:42:45,248.23,GBP,Approved,POS,Purchase
TX00880,CUST0166,ACC0166,CARD1267,MERCH0136,2025-04-27 02:46:42,153.88,INR,Approved,POS,Purchase
TX00881,CUST0609,ACC0609,CARD1168,MERCH0004,2025-09-27 03:09:50,237.65,INR,Approved,POS,Purchase
TX00882,CUST0640,ACC0640,CARD0634,MERCH0155,2025-01-03 01:50:41,184.0,GBP,Approved,Web,Purchase
TX00883,CUST0778,ACC0778,CARD0511,MERCH0172,2025-01-16 10:55:09,37.19,EUR,Approved,POS,Purchase
TX00884,CUST0557,ACC0557,CARD0729,MERCH0168,2025-09-22 02:46:06,13.07,USD,Approved,Mobile App,Purchase
TX00885,CUST0521,ACC0521,CARD0160,MERCH0102,2025-09-20 09:29:49,355.57,USD,Approved,Web,Withdrawal
TX00886,CUST0693,ACC0693,CARD0815,MERCH0047,2025-05-14 04:47:03,441.86,EUR,Approved,POS,Purchase
TX00887,CUST0188,ACC0188,CARD1283,MERCH0094,2025-12-26 01:22:39,199.71,USD,Approved,Mobile App,Purchase
TX00888,CUST0490,ACC0490,CARD0958,MERCH0172,2025-05-02 14:06:42,198.22,USD,Approved,ATM,Purchase
TX00889,CUST0118,ACC0118,CARD0379,MERCH0048,2025-07-16 07:33:35,52.24,CAD,Approved,Web,Transfer
TX00890,CUST0304,ACC0304,CARD1187,MERCH0091,2025-09-20 09:28:14,122.28,INR,Approved,POS,Refund
TX00891,CUST0992,ACC0992,CARD0516,MERCH0180,2025-09-27 10:02:06,733.81,CAD,Approved,POS,Purchase
TX00892,CUST0656,ACC0656,CARD1439,MERCH0084,2025-02-19 21:57:16,295.84,USD,Approved,POS,Refund
TX00893,CUST0320,ACC0320,CARD0470,MERCH0068,2025-10-24 04:39:32,59.45,CAD,Approved,Web,Purchase
TX00894,CUST0686,ACC0686,CARD0934,MERCH0139,2025-08-20 19:07:48,58.73,USD,Approved,POS,Purchase
TX00895,CUST0156,ACC0156,CARD0096,MERCH0125,2025-07-11 06:10:18,104.12,EUR,Approved,Web,Purchase
TX00896,CUST0862,ACC0862,CARD0785,MERCH0073,2025-09-18 22:30:08,82.78,EUR,Approved,POS,Purchase
TX00897,CUST0188,ACC0188,CARD1283,MERCH0004,2025-12-18 23:02:59,74.58,EUR,Approved,Web,Withdrawal
TX00898,CUST0156,ACC0156,CARD0096,MERCH0076,2025-03-20 07:11:14,152.92,INR,Approved,Web,Purchase
TX00899,CUST0500,ACC0500,CARD1313,MERCH0073,2025-10-05 16:06:57,6.73,USD,Approved,POS,Withdrawal
TX00900,CUST0264,ACC0264,CARD0263,MERCH0077,2025-11-08 23:56:59,221.17,EUR,Approved,Web,Purchase
TX00901,CUST0116,ACC0116,CARD0419,MERCH0048,2025-01-17 15:50:33,207.09,USD,Approved,Web,Purchase
TX00902,CUST0262,ACC0262,CARD1439,MERCH0154,2025-07-29 22:53:38,271.08,CAD,Approved,Mobile App,Purchase
TX00903,CUST0974,ACC0974,CARD0623,MERCH0102,2025-03-19 18:47:21,281.25,EUR,Reversed,Web,Purchase
TX00904,CUST0270,ACC0270,CARD0002,MERCH0106,2025-01-18 06:01:51,130.34,GBP,Approved,Web,Withdrawal
TX00905,CUST0710,ACC0710,CARD1283,MERCH0077,2025-05-15 15:38:09,232.17,EUR,Approved,ATM,Transfer
TX00906,CUST0007,ACC0007,CARD1045,MERCH0039,2025-01-10 02:47:48,106.71,EUR,Approved,Mobile App,Purchase
TX00907,CUST0716,ACC0716,CARD0736,MERCH0058,2025-03-24 15:31:56,459.02,EUR,Approved,POS,Purchase
TX00908,CUST0919,ACC0919,CARD1281,MERCH0019,2025-02-13 14:04:18,36.74,USD,Reversed,POS,Purchase
TX00909,CUST0807,ACC0807,CARD0095,MERCH0088,2025-05-12 08:06:04,375.86,EUR,Approved,POS,Refund
TX00910,CUST0897,ACC0897,CARD0645,MERCH0113,2025-01-18 05:46:13,49.87,INR,Approved,POS,Purchase
TX00911,CUST0027,ACC0027,CARD1185,MERCH0077,2025-05-28 13:29:59,21.26,GBP,Approved,Web,Purchase
TX00912,CUST0936,ACC0936,CARD0526,MERCH0077,2025-06-21 03:33:38,91.73,USD,Pending,Web,Purchase
TX00913,CUST0506,ACC0506,CARD0802,MERCH0186,2025-04-30 15:16:48,148.14,USD,Approved,Mobile App,Purchase
TX00914,CUST0966,ACC0966,CARD0233,MERCH0028,2025-03-07 11:59:08,44.4,EUR,Approved,POS,Refund
TX00915,CUST0229,ACC0229,CARD0123,MERCH0066,2025-07-08 01:07:56,126.72,GBP,Approved,Web,Purchase
TX00916,CUST0075,ACC0075,CARD1022,MERCH0010,2025-06-07 14:24:29,252.46,USD,Declined,Web,Refund
TX00917,CUST0815,ACC0815,CARD1330,MERCH0126,2025-09-03 03:04:55,49.58,GBP,Approved,ATM,Withdrawal
TX00918,CUST0397,ACC0397,CARD0036,MERCH0058,2025-08-24 15:44:40,135.24,CAD,Approved,POS,Withdrawal
TX00919,CUST0039,ACC0039,CARD0976,MERCH0142,2025-08-29 23:24:57,67.17,EUR,Declined,POS,Transfer
TX00920,CUST0175,ACC0175,CARD1364,MERCH0125,2025-12-04 18:42:26,118.18,USD,Approved,POS,Withdrawal
TX00921,CUST0244,ACC0244,CARD0464,MERCH0112,2025-03-12 07:56:02,169.91,CAD,Approved,Web,Purchase
TX00922,CUST0862,ACC0862,CARD0785,MERCH0084,2025-08-04 05:08:30,69.71,EUR,Approved,POS,Purchase
TX00923,CUST0899,ACC0899,CARD0524,MERCH0143,2025-06-18 20:08:09,784.98,EUR,Approved,Mobile App,Purchase
TX00924,CUST0267,ACC0267,CARD0624,MERCH0096,2025-06-29 07:28:03,129.44,USD,Approved,POS,Purchase
TX00925,CUST0543,ACC0543,CARD0090,MERCH0033,2025-09-17 09:57:24,265.98,EUR,Approved,POS,Purchase
TX00926,CUST0777,ACC0777,CARD1123,MERCH0145,2025-10-24 03:04:54,198.72,EUR,Approved,POS,Purchase
TX00927,CUST0449,ACC0449,CARD0120,MERCH0152,2025-12-26 15:23:32,292.4,EUR,Pending,Mobile App,Purchase
TX00928,CUST0915,ACC0915,CARD0048,MERCH0158,2025-12-23 23:50:34,33.64,USD,Approved,Web,Purchase
TX00929,CUST0622,ACC0622,CARD0733,MERCH0190,2025-11-27 14:39:08,42.76,GBP,Approved,Mobile App,Transfer
TX00930,CUST0827,ACC0827,CARD1231,MERCH0141,2025-05-22 17:24:11,105.24,USD,Approved,POS,Withdrawal
TX00931,CUST0375,ACC0375,CARD1347,MERCH0190,2025-10-08 10:39:58,291.91,USD,Approved,POS,Withdrawal
TX00932,CUST0948,ACC0948,CARD1039,MERCH0047,2025-04-25 07:22:19,38.02,EUR,Approved,Mobile App,Purchase
TX00933,CUST0555,ACC0555,CARD1400,MERCH0112,2025-08-24 04:55:45,536.41,CAD,Approved,POS,Purchase
TX00934,CUST0145,ACC0145,CARD0795,MERCH0144,2025-01-10 09:35:55,25.48,USD,Approved,POS,Purchase
TX00935,CUST0484,ACC0484,CARD1309,MERCH0194,2025-02-19 09:04:43,33.87,USD,Approved,POS,Purchase
TX00936,CUST0540,ACC0540,CARD0035,MERCH0043,2025-05-22 06:11:26,32.45,EUR,Approved,POS,Purchase
TX00937,CUST0941,ACC0941,CARD1027,MERCH0008,2025-01-16 07:34:53,137.29,EUR,Approved,POS,Transfer
TX00938,CUST0141,ACC0141,CARD0503,MERCH0003,2025-01-30 03:25:18,379.32,EUR,Approved,POS,Withdrawal
TX00939,CUST0458,ACC0458,CARD1417,MERCH0125,2025-08-24 00:50:55,49.18,USD,Declined,Web,Purchase
TX00940,CUST0598,ACC0598,CARD1391,MERCH0012,2025-11-29 22:56:19,125.79,USD,Approved,Web,Refund
TX00941,CUST0207,ACC0207,CARD1411,MERCH0084,2025-06-26 01:17:22,34.0,GBP,Approved,Web,Withdrawal
TX00942,CUST0430,ACC0430,CARD1004,MERCH0016,2025-01-23 02:35:21,154.6,EUR,Approved,POS,Withdrawal
TX00943,CUST0782,ACC0782,CARD0518,MERCH0078,2025-04-07 16:33:38,24.73,CAD,Approved,Web,Purchase
TX00944,CUST0922,ACC0922,CARD1277,MERCH0059,2025-04-10 07:14:04,106.39,EUR,Approved,POS,Refund
TX00945,CUST0598,ACC0598,CARD1391,MERCH0177,2025-02-24 07:08:47,164.71,EUR,Approved,Web,Purchase
TX00946,CUST0334,ACC0334,CARD0284,MERCH0063,2025-02-01 20:30:20,134.81,CAD,Declined,Web,Purchase
TX00947,CUST0499,ACC0499,CARD0551,MERCH0190,2025-01-07 23:06:41,27.62,USD,Approved,Web,Withdrawal
TX00948,CUST0331,ACC0331,CARD0226,MERCH0049,2025-12-07 17:24:43,31.4,EUR,Approved,Web,Purchase
TX00949,CUST0273,ACC0273,CARD0254,MERCH0051,2025-08-28 23:38:17,171.93,USD,Approved,POS,Refund
TX00950,CUST0456,ACC0456,CARD0791,MERCH0033,2025-02-05 19:27:27,253.25,USD,Approved,Web,Transfer
TX00951,CUST0924,ACC0924,CARD0303,MERCH0030,2025-02-14 01:04:41,363.02,USD,Approved,Web,Purchase
TX00952,CUST0332,ACC0332,CARD1301,MERCH0187,2025-11-05 09:31:52,256.99,USD,Approved,Web,Purchase
TX00953,CUST0946,ACC0946,CARD0806,MERCH0076,2025-03-28 04:22:09,552.01,CAD,Approved,Web,Purchase
TX00954,CUST0727,ACC0727,CARD0676,MERCH0015,2025-11-27 19:32:00,83.7,EUR,Approved,POS,Purchase
TX00955,CUST0749,ACC0749,CARD0883,MERCH0082,2025-05-10 15:50:26,65.33,CAD,Approved,POS,Purchase
TX00956,CUST0384,ACC0384,CARD0785,MERCH0092,2025-01-11 10:21:22,9.29,EUR,Approved,Web,Purchase
TX00957,CUST0923,ACC0923,CARD0719,MERCH0023,2025-05-02 20:43:58,94.65,EUR,Approved,POS,Purchase
TX00958,CUST0646,ACC0646,CARD1389,MERCH0094,2025-08-23 10:36:58,163.06,USD,Approved,POS,Withdrawal
TX00959,CUST0578,ACC0578,CARD0873,MERCH0045,2025-01-31 16:35:39,258.44,EUR,Approved,ATM,Purchase
TX00960,CUST0921,ACC0921,CARD0625,MERCH0062,2025-08-12 21:57:39,51.68,EUR,Approved,POS,Transfer
TX00961,CUST0961,ACC0961,CARD0145,MERCH0199,2025-04-02 01:06:32,113.11,USD,Approved,Web,Purchase
TX00962,CUST0871,ACC0871,CARD0111,MERCH0015,2025-11-27 20:26:03,167.71,GBP,Approved,Mobile App,Purchase
TX00963,CUST0850,ACC0850,CARD1020,MERCH0046,2025-05-09 07:05:30,125.31,USD,Approved,POS,Withdrawal
TX00964,CUST0702,ACC0702,CARD1465,MERCH0064,2025-07-16 04:15:05,53.04,EUR,Approved,ATM,Purchase
TX00965,CUST0891,ACC0891,CARD1490,MERCH0174,2025-02-11 14:28:49,243.65,EUR,Approved,POS,Withdrawal
TX00966,CUST0124,ACC0124,CARD0201,MERCH0184,2025-08-16 23:56:49,33.56,INR,Declined,POS,Withdrawal
TX00967,CUST0666,ACC0666,CARD0173,MERCH0172,2025-01-18 14:27:24,358.05,USD,Declined,POS,Withdrawal
TX00968,CUST0380,ACC0380,CARD0962,MERCH0075,2025-08-31 16:20:17,462.36,EUR,Approved,Web,Purchase
TX00969,CUST0909,ACC0909,CARD0214,MERCH0157,2025-05-07 12:57:46,73.26,EUR,Declined,ATM,Withdrawal
TX00970,CUST0548,ACC0548,CARD0418,MERCH0190,2025-03-03 05:15:09,75.78,USD,Approved,Mobile App,Withdrawal
TX00971,CUST0801,ACC0801,CARD1470,MERCH0052,2025-10-15 03:36:25,208.96,EUR,Approved,Web,Purchase
TX00972,CUST0147,ACC0147,CARD0207,MERCH0182,2025-06-27 06:15:25,96.4,USD,Approved,POS,Transfer
TX00973,CUST0104,ACC0104,CARD1181,MERCH0088,2025-06-15 10:23:23,9.35,USD,Approved,Mobile App,Purchase
TX00974,CUST0183,ACC0183,CARD1401,MERCH0057,2025-11-26 01:03:50,383.63,USD,Approved,Mobile App,Purchase
TX00975,CUST0264,ACC0264,CARD0263,MERCH0083,2025-12-03 00:08:53,89.52,GBP,Approved,POS,Purchase
TX00976,CUST0020,ACC0020,CARD0344,MERCH0066,2025-04-06 15:40:41,39.13,USD,Approved,Mobile App,Purchase
TX00977,CUST0420,ACC0420,CARD0305,MERCH0150,2025-09-07 11:37:30,126.68,EUR,Approved,Mobile App,Purchase
TX00978,CUST0231,ACC0231,CARD0767,MERCH0020,2025-11-04 09:38:43,42.06,USD,Reversed,Web,Purchase
TX00979,CUST0948,ACC0948,CARD1039,MERCH0033,2025-11-30 01:32:19,39.6,USD,Approved,POS,Purchase
TX00980,CUST0021,ACC0021,CARD1438,MERCH0072,2025-11-22 17:55:09,123.36,USD,Approved,ATM,Purchase
TX00981,CUST0833,ACC0833,CARD0103,MERCH0025,2025-05-17 05:55:11,79.4,EUR,Approved,POS,Refund
TX00982,CUST0198,ACC0198,CARD0664,MERCH0046,2025-11-28 19:13:00,132.64,USD,Approved,Web,Purchase
TX00983,CUST0881,ACC0881,CARD1219,MERCH0073,2025-09-07 23:53:01,867.89,USD,Approved,POS,Transfer
TX00984,CUST0124,ACC0124,CARD0201,MERCH0098,2025-04-05 02:38:31,298.87,GBP,Approved,ATM,Purchase
TX00985,CUST0665,ACC0665,CARD1475,MERCH0057,2025-07-03 02:37:55,6.16,EUR,Reversed,POS,Withdrawal
TX00986,CUST0261,ACC0261,CARD0151,MERCH0087,2025-10-14 17:32:10,12.78,USD,Approved,Web,Purchase
TX00987,CUST0111,ACC0111,CARD1496,MERCH0133,2025-07-05 07:13:28,146.27,EUR,Approved,POS,Purchase
TX00988,CUST0842,ACC0842,CARD0859,MERCH0055,2025-03-10 13:19:01,152.63,USD,Approved,Web,Refund
TX00989,CUST0831,ACC0831,CARD0075,MERCH0061,2025-09-18 19:30:58,320.79,EUR,Declined,ATM,Withdrawal
TX00990,CUST0704,ACC0704,CARD0047,MERCH0089,2025-12-13 07:45:12,153.76,USD,Approved,ATM,Transfer
TX00991,CUST0002,ACC0002,CARD1460,MERCH0008,2025-09-28 14:04:19,43.76,USD,Approved,POS,Purchase
TX00992,CUST0854,ACC0854,CARD0081,MERCH0016,2025-09-06 22:38:32,99.81,USD,Approved,POS,Transfer
TX00993,CUST0917,ACC0917,CARD1050,MERCH0176,2025-09-20 10:43:43,253.31,USD,Approved,POS,Purchase
TX00994,CUST0227,ACC0227,CARD0203,MERCH0116,2025-11-24 12:47:42,389.25,GBP,Approved,Web,Purchase
TX00995,CUST0834,ACC0834,CARD1446,MERCH0061,2025-09-28 06:33:54,45.56,USD,Approved,Mobile App,Purchase
TX00996,CUST0031,ACC0031,CARD0253,MERCH0015,2025-10-22 01:08:10,121.35,USD,Approved,Web,Purchase
TX00997,CUST0293,ACC0293,CARD0254,MERCH0193,2025-07-30 08:20:08,30.96,EUR,Approved,POS,Purchase
TX00998,CUST0678,ACC0678,CARD0348,MERCH0150,2025-04-02 16:18:24,108.07,EUR,Approved,POS,Withdrawal
TX00999,CUST0873,ACC0873,CARD1207,MERCH0131,2025-05-07 02:19:42,19.17,USD,Approved,Web,Transfer
TX01000,CUST0419,ACC0419,CARD1366,MERCH0102,2025-06-08 20:42:50,431.4,USD,Approved,POS,Purchase
TX01001,CUST0264,ACC0264,CARD0263,MERCH0054,2025-12-01 12:58:18,157.44,USD,Approved,POS,Refund
TX01002,CUST0873,ACC0873,CARD1207,MERCH0014,2025-03-28 22:46:21,293.85,USD,Reversed,POS,Transfer
TX01003,CUST0986,ACC0986,CARD1401,MERCH0036,2025-05-26 23:22:00,961.14,USD,Declined,POS,Purchase
TX01004,CUST0418,ACC0418,CARD0570,MERCH0105,2025-04-17 13:16:41,35.26,USD,Pending,POS,Purchase
TX01005,CUST0452,ACC0452,CARD1370,MERCH0082,2025-12-15 19:57:37,182.7,EUR,Approved,ATM,Purchase
TX01006,CUST0727,ACC0727,CARD0676,MERCH0067,2025-12-01 09:02:01,332.04,INR,Approved,POS,Purchase
TX01007,CUST0487,ACC0487,CARD1071,MERCH0010,2025-05-29 06:36:38,133.68,EUR,Declined,Mobile App,Transfer
TX01008,CUST0010,ACC0010,CARD1239,MERCH0049,2025-09-11 06:23:47,158.12,USD,Approved,Web,Purchase
TX01009,CUST0295,ACC0295,CARD1136,MERCH0111,2025-01-29 01:33:51,83.55,EUR,Approved,Web,Purchase
TX01010,CUST0187,ACC0187,CARD0973,MERCH0065,2025-09-23 15:47:58,173.48,EUR,Approved,POS,Purchase
TX01011,CUST0737,ACC0737,CARD0502,MERCH0057,2025-05-31 16:16:22,80.52,GBP,Approved,POS,Purchase
TX01012,CUST0279,ACC0279,CARD1257,MERCH0027,2025-05-12 14:53:39,102.12,EUR,Approved,POS,Purchase
TX01013,CUST0541,ACC0541,CARD0727,MERCH0113,2025-04-23 07:27:55,21.29,EUR,Approved,Web,Purchase
TX01014,CUST0602,ACC0602,CARD1123,MERCH0133,2025-12-07 06:16:20,6.18,USD,Approved,Web,Refund
TX01015,CUST0044,ACC0044,CARD0563,MERCH0071,2025-05-10 23:50:27,13.51,EUR,Approved,ATM,Purchase
TX01016,CUST0663,ACC0663,CARD0039,MERCH0083,2025-07-12 01:52:14,37.08,USD,Approved,POS,Purchase
TX01017,CUST0968,ACC0968,CARD1170,MERCH0057,2025-02-26 10:50:08,96.49,USD,Approved,Web,Refund
TX01018,CUST0182,ACC0182,CARD1409,MERCH0120,2025-07-17 02:10:14,8.18,USD,Pending,Web,Purchase
TX01019,CUST0249,ACC0249,CARD0403,MERCH0093,2025-05-27 02:10:51,30.43,EUR,Reversed,POS,Purchase
TX01020,CUST0313,ACC0313,CARD1219,MERCH0015,2025-03-04 00:26:40,233.11,EUR,Approved,POS,Purchase
TX01021,CUST0475,ACC0475,CARD0790,MERCH0111,2025-10-22 20:06:42,220.43,CAD,Declined,Mobile App,Purchase
TX01022,CUST0821,ACC0821,CARD0763,MERCH0101,2025-04-19 16:07:07,238.9,USD,Approved,POS,Purchase
TX01023,CUST0579,ACC0579,CARD1297,MERCH0119,2025-01-12 05:39:33,386.78,USD,Approved,Mobile App,Purchase
TX01024,CUST0039,ACC0039,CARD0976,MERCH0076,2025-11-29 17:26:45,24.02,CAD,Approved,POS,Purchase
TX01025,CUST0756,ACC0756,CARD1266,MERCH0158,2025-10-13 22:19:43,31.71,CAD,Declined,POS,Withdrawal
TX01026,CUST0313,ACC0313,CARD1219,MERCH0020,2025-06-21 17:28:51,65.87,EUR,Approved,Web,Purchase
TX01027,CUST0852,ACC0852,CARD0759,MERCH0165,2025-08-24 19:54:02,375.01,USD,Approved,POS,Purchase
TX01028,CUST0412,ACC0412,CARD0051,MERCH0131,2025-06-15 10:57:03,229.07,EUR,Approved,ATM,Refund
TX01029,CUST0238,ACC0238,CARD0144,MERCH0073,2025-11-15 23:55:20,63.76,USD,Approved,Mobile App,Transfer
TX01030,CUST0289,ACC0289,CARD0587,MERCH0122,2025-06-11 18:30:00,18.76,CAD,Approved,Web,Withdrawal
TX01031,CUST0501,ACC0501,CARD1278,MERCH0041,2025-12-30 01:53:40,148.72,GBP,Approved,ATM,Purchase
TX01032,CUST0642,ACC0642,CARD0029,MERCH0167,2025-11-17 10:12:05,49.52,USD,Approved,POS,Purchase
TX01033,CUST0884,ACC0884,CARD0093,MERCH0154,2025-12-01 23:39:11,118.62,CAD,Approved,Web,Purchase
TX01034,CUST0672,ACC0672,CARD0456,MERCH0130,2025-09-21 11:02:56,431.59,EUR,Approved,Mobile App,Withdrawal
TX01035,CUST0605,ACC0605,CARD0948,MERCH0023,2025-01-18 23:10:20,132.51,INR,Approved,Web,Purchase
TX01036,CUST0562,ACC0562,CARD1418,MERCH0023,2025-12-18 23:11:28,391.23,INR,Approved,POS,Withdrawal
TX01037,CUST0264,ACC0264,CARD0263,MERCH0144,2025-09-18 14:33:53,79.89,USD,Approved,POS,Refund
TX01038,CUST0941,ACC0941,CARD1027,MERCH0009,2025-11-26 02:39:57,155.5,USD,Pending,Web,Withdrawal
TX01039,CUST0248,ACC0248,CARD0955,MERCH0013,2025-06-13 13:20:22,341.49,EUR,Reversed,Web,Withdrawal
TX01040,CUST0853,ACC0853,CARD1130,MERCH0156,2025-01-05 05:13:02,138.01,INR,Approved,POS,Purchase
TX01041,CUST0324,ACC0324,CARD0038,MERCH0155,2025-03-12 20:02:24,148.14,INR,Approved,Web,Purchase
TX01042,CUST0450,ACC0450,CARD0831,MERCH0051,2025-12-14 15:16:53,193.98,EUR,Approved,POS,Purchase
TX01043,CUST0200,ACC0200,CARD1496,MERCH0064,2025-05-05 20:00:36,325.7,USD,Approved,Web,Purchase
TX01044,CUST0533,ACC0533,CARD0285,MERCH0052,2025-01-15 23:49:05,18.85,USD,Reversed,Mobile App,Purchase
TX01045,CUST0779,ACC0779,CARD0385,MERCH0038,2025-06-02 15:56:36,66.62,GBP,Approved,Web,Purchase
TX01046,CUST0802,ACC0802,CARD0449,MERCH0100,2025-05-29 13:53:41,81.05,EUR,Approved,Web,Transfer
TX01047,CUST0822,ACC0822,CARD0401,MERCH0193,2025-08-07 18:33:56,365.71,EUR,Approved,POS,Refund
TX01048,CUST0776,ACC0776,CARD0105,MERCH0146,2025-03-24 21:36:01,473.56,EUR,Approved,POS,Transfer
TX01049,CUST0456,ACC0456,CARD0791,MERCH0191,2025-08-06 15:30:22,24.24,GBP,Approved,POS,Purchase
TX01050,CUST0358,ACC0358,CARD0181,MERCH0051,2025-10-17 22:18:11,24.02,CAD,Declined,Web,Purchase
TX01051,CUST0580,ACC0580,CARD0062,MERCH0137,2025-12-05 09:53:12,414.69,USD,Approved,POS,Purchase
TX01052,CUST0445,ACC0445,CARD0370,MERCH0141,2025-07-18 07:17:49,57.6,USD,Approved,POS,Purchase
TX01053,CUST0370,ACC0370,CARD1347,MERCH0168,2025-11-29 13:55:38,46.52,EUR,Approved,Web,Withdrawal
TX01054,CUST0661,ACC0661,CARD0091,MERCH0055,2025-07-26 02:12:05,10.44,CAD,Approved,Web,Purchase
TX01055,CUST0163,ACC0163,CARD1060,MERCH0109,2025-02-05 23:59:48,53.36,USD,Approved,Web,Purchase
TX01056,CUST0703,ACC0703,CARD1426,MERCH0171,2025-09-16 07:40:17,182.39,USD,Approved,Web,Purchase
TX01057,CUST0291,ACC0291,CARD1446,MERCH0044,2025-01-19 13:54:35,88.28,USD,Approved,POS,Purchase
TX01058,CUST0154,ACC0154,CARD0564,MERCH0110,2025-01-23 06:17:11,114.12,USD,Approved,POS,Withdrawal
TX01059,CUST0047,ACC0047,CARD1155,MERCH0196,2025-08-29 17:20:44,378.87,USD,Approved,Web,Refund
TX01060,CUST0581,ACC0581,CARD0596,MERCH0161,2025-12-27 02:11:23,23.27,EUR,Approved,POS,Refund
TX01061,CUST0934,ACC0934,CARD0365,MERCH0152,2025-09-10 12:50:21,16.09,USD,Approved,POS,Purchase
TX01062,CUST0054,ACC0054,CARD0601,MERCH0164,2025-10-29 05:52:14,291.51,EUR,Approved,Mobile App,Transfer
TX01063,CUST0572,ACC0572,CARD1214,MERCH0128,2025-09-28 04:04:02,228.65,USD,Approved,Web,Purchase
TX01064,CUST0283,ACC0283,CARD1155,MERCH0105,2025-04-20 06:49:43,50.92,USD,Approved,POS,Withdrawal
TX01065,CUST0703,ACC0703,CARD1426,MERCH0010,2025-03-10 22:05:38,63.79,EUR,Approved,POS,Transfer
TX01066,CUST0951,ACC0951,CARD0028,MERCH0100,2025-03-04 05:25:23,60.72,EUR,Approved,Web,Purchase
TX01067,CUST0245,ACC0245,CARD1373,MERCH0148,2025-07-25 19:35:43,161.54,USD,Declined,POS,Refund
TX01068,CUST0393,ACC0393,CARD0408,MERCH0109,2025-01-06 21:20:30,14.47,GBP,Declined,POS,Purchase
TX01069,CUST0218,ACC0218,CARD0385,MERCH0108,2025-01-06 12:38:58,105.83,USD,Approved,Web,Purchase
TX01070,CUST0920,ACC0920,CARD0008,MERCH0140,2025-07-26 03:01:48,26.56,USD,Approved,POS,Purchase
TX01071,CUST0073,ACC0073,CARD1412,MERCH0190,2025-03-08 15:54:50,262.0,EUR,Approved,POS,Withdrawal
TX01072,CUST0995,ACC0995,CARD1470,MERCH0146,2025-11-26 18:35:12,76.87,CAD,Approved,Web,Withdrawal
TX01073,CUST0727,ACC0727,CARD0676,MERCH0094,2025-12-02 16:44:42,117.48,EUR,Approved,Mobile App,Withdrawal
TX01074,CUST0957,ACC0957,CARD1498,MERCH0063,2025-10-16 02:16:03,9.46,USD,Approved,Mobile App,Purchase
TX01075,CUST0223,ACC0223,CARD1440,MERCH0084,2025-05-20 19:59:39,14.0,EUR,Approved,Mobile App,Purchase
TX01076,CUST0969,ACC0969,CARD0111,MERCH0025,2025-01-13 05:52:23,173.61,USD,Approved,Web,Withdrawal
TX01077,CUST0147,ACC0147,CARD0207,MERCH0012,2025-11-09 23:01:51,223.36,GBP,Approved,Mobile App,Purchase
TX01078,CUST0160,ACC0160,CARD0749,MERCH0149,2025-04-19 03:15:48,190.7,USD,Approved,Mobile App,Purchase
TX01079,CUST0676,ACC0676,CARD1025,MERCH0025,2025-12-22 13:07:32,205.35,GBP,Approved,Web,Purchase
TX01080,CUST0010,ACC0010,CARD1239,MERCH0011,2025-07-23 01:47:30,21.58,USD,Approved,POS,Purchase
TX01081,CUST0421,ACC0421,CARD0682,MERCH0064,2025-01-21 13:57:15,182.36,INR,Approved,Web,Purchase
TX01082,CUST0230,ACC0230,CARD0401,MERCH0126,2025-01-21 22:17:33,35.09,USD,Approved,ATM,Purchase
TX01083,CUST0118,ACC0118,CARD0379,MERCH0050,2025-09-02 02:41:04,20.47,CAD,Approved,ATM,Transfer
TX01084,CUST0654,ACC0654,CARD1094,MERCH0190,2025-03-17 06:27:05,217.3,USD,Approved,POS,Withdrawal
TX01085,CUST0092,ACC0092,CARD0296,MERCH0089,2025-03-19 23:42:13,335.28,USD,Reversed,ATM,Withdrawal
TX01086,CUST0695,ACC0695,CARD0080,MERCH0099,2025-10-17 03:00:07,194.19,USD,Approved,Web,Purchase
TX01087,CUST0163,ACC0163,CARD1060,MERCH0116,2025-11-27 01:46:42,250.66,CAD,Declined,POS,Withdrawal
TX01088,CUST0592,ACC0592,CARD0265,MERCH0096,2025-07-09 02:19:42,713.06,USD,Approved,ATM,Purchase
TX01089,CUST0126,ACC0126,CARD0930,MERCH0177,2025-05-28 04:11:05,26.71,USD,Approved,Mobile App,Purchase
TX01090,CUST0546,ACC0546,CARD0970,MERCH0014,2025-03-31 03:38:31,508.52,USD,Approved,Web,Purchase
TX01091,CUST0725,ACC0725,CARD1146,MERCH0001,2025-12-18 14:47:37,142.89,INR,Approved,Mobile App,Withdrawal
TX01092,CUST0074,ACC0074,CARD1026,MERCH0025,2025-03-28 16:59:37,256.7,USD,Approved,Web,Purchase
TX01093,CUST0520,ACC0520,CARD0896,MERCH0187,2025-11-22 22:30:46,162.55,USD,Approved,Web,Purchase
TX01094,CUST0940,ACC0940,CARD1031,MERCH0072,2025-04-23 21:37:33,131.61,CAD,Approved,ATM,Purchase
TX01095,CUST0281,ACC0281,CARD0816,MERCH0069,2025-05-08 03:09:01,187.42,CAD,Approved,ATM,Withdrawal
TX01096,CUST0288,ACC0288,CARD0628,MERCH0133,2025-02-24 16:54:55,62.91,USD,Declined,POS,Withdrawal
TX01097,CUST0846,ACC0846,CARD0249,MERCH0105,2025-11-01 16:04:49,392.09,CAD,Approved,POS,Transfer
TX01098,CUST0305,ACC0305,CARD0957,MERCH0147,2025-04-15 23:05:15,23.37,USD,Approved,POS,Purchase
TX01099,CUST0090,ACC0090,CARD1276,MERCH0023,2025-01-22 19:08:14,62.42,USD,Declined,Mobile App,Refund
TX01100,CUST0998,ACC0998,CARD1161,MERCH0009,2025-04-15 05:28:47,9.75,GBP,Approved,Mobile App,Withdrawal
TX01101,CUST0134,ACC0134,CARD0726,MERCH0118,2025-10-03 04:35:55,52.48,GBP,Approved,ATM,Purchase
TX01102,CUST0338,ACC0338,CARD1020,MERCH0094,2025-02-16 13:49:37,41.93,USD,Declined,Web,Transfer
TX01103,CUST0395,ACC0395,CARD0828,MERCH0178,2025-10-02 11:19:11,12.64,USD,Pending,Web,Purchase
TX01104,CUST0292,ACC0292,CARD0104,MERCH0144,2025-07-26 20:36:20,106.52,USD,Approved,Mobile App,Purchase
TX01105,CUST0210,ACC0210,CARD1105,MERCH0033,2025-08-30 03:12:44,99.85,GBP,Approved,POS,Purchase
TX01106,CUST0976,ACC0976,CARD0748,MERCH0130,2025-07-15 19:37:20,17.14,INR,Approved,Web,Purchase
TX01107,CUST0021,ACC0021,CARD1438,MERCH0014,2025-06-13 13:19:18,50.54,USD,Approved,Web,Purchase
TX01108,CUST0991,ACC0991,CARD0624,MERCH0001,2025-09-28 03:43:41,464.67,GBP,Approved,Web,Refund
TX01109,CUST0097,ACC0097,CARD0792,MERCH0090,2025-06-21 03:06:42,22.6,USD,Approved,Web,Purchase
TX01110,CUST0335,ACC0335,CARD0879,MERCH0186,2025-12-18 11:43:05,59.58,EUR,Approved,Mobile App,Purchase
TX01111,CUST0775,ACC0775,CARD1485,MERCH0089,2025-06-17 01:01:25,10.48,USD,Approved,POS,Purchase
TX01112,CUST0594,ACC0594,CARD0718,MERCH0144,2025-03-27 11:50:37,29.18,EUR,Approved,POS,Purchase
TX01113,CUST0182,ACC0182,CARD1409,MERCH0090,2025-12-03 06:44:36,185.29,USD,Approved,Mobile App,Refund
TX01114,CUST0392,ACC0392,CARD0921,MERCH0175,2025-02-20 13:23:59,73.53,CAD,Approved,POS,Purchase
TX01115,CUST0037,ACC0037,CARD1500,MERCH0172,2025-09-28 22:03:44,95.24,USD,Declined,POS,Purchase
TX01116,CUST0662,ACC0662,CARD0714,MERCH0014,2025-12-10 19:03:37,30.61,USD,Approved,POS,Withdrawal
TX01117,CUST0172,ACC0172,CARD0646,MERCH0152,2025-08-22 04:20:57,176.92,GBP,Approved,POS,Purchase
TX01118,CUST0119,ACC0119,CARD0231,MERCH0111,2025-09-01 00:25:32,213.86,EUR,Declined,Mobile App,Refund
TX01119,CUST0606,ACC0606,CARD0891,MERCH0183,2025-12-17 14:06:45,34.97,USD,Approved,Web,Purchase
TX01120,CUST0781,ACC0781,CARD0823,MERCH0143,2025-05-24 10:29:16,11.91,EUR,Approved,Web,Withdrawal
TX01121,CUST0739,ACC0739,CARD1169,MERCH0083,2025-07-20 20:44:02,17.66,GBP,Approved,Web,Transfer
TX01122,CUST0156,ACC0156,CARD0096,MERCH0072,2025-09-03 09:57:27,165.52,EUR,Reversed,POS,Withdrawal
TX01123,CUST0351,ACC0351,CARD0518,MERCH0162,2025-06-01 22:00:39,26.84,USD,Approved,POS,Withdrawal
TX01124,CUST0287,ACC0287,CARD1144,MERCH0130,2025-07-30 10:08:29,107.16,USD,Approved,Mobile App,Withdrawal
TX01125,CUST0707,ACC0707,CARD1167,MERCH0027,2025-02-27 13:40:37,29.84,INR,Approved,Web,Purchase
TX01126,CUST0984,ACC0984,CARD0315,MERCH0074,2025-02-24 17:32:56,32.98,USD,Approved,POS,Purchase
TX01127,CUST0154,ACC0154,CARD0564,MERCH0099,2025-05-02 22:11:05,5.66,EUR,Approved,Web,Refund
TX01128,CUST0988,ACC0988,CARD1461,MERCH0072,2025-04-18 13:39:10,63.03,EUR,Approved,POS,Purchase
TX01129,CUST0773,ACC0773,CARD0795,MERCH0023,2025-10-31 11:24:51,19.11,USD,Approved,POS,Purchase
TX01130,CUST0709,ACC0709,CARD1397,MERCH0068,2025-07-17 15:22:22,80.12,USD,Approved,POS,Purchase
TX01131,CUST0924,ACC0924,CARD0303,MERCH0142,2025-08-16 09:52:52,141.62,CAD,Approved,ATM,Purchase
TX01132,CUST0356,ACC0356,CARD0497,MERCH0191,2025-07-22 09:27:32,73.72,USD,Approved,Web,Withdrawal
TX01133,CUST0380,ACC0380,CARD0962,MERCH0117,2025-06-27 10:25:50,188.16,GBP,Approved,POS,Withdrawal
TX01134,CUST0483,ACC0483,CARD0697,MERCH0106,2025-10-01 08:03:31,207.9,GBP,Approved,Mobile App,Purchase
TX01135,CUST0015,ACC0015,CARD1124,MERCH0093,2025-09-18 14:52:13,183.91,USD,Declined,Mobile App,Refund
TX01136,CUST0660,ACC0660,CARD0167,MERCH0065,2025-01-01 13:46:21,419.01,USD,Approved,Web,Withdrawal
TX01137,CUST0743,ACC0743,CARD0732,MERCH0068,2025-03-10 07:58:22,45.63,CAD,Approved,POS,Purchase
TX01138,CUST0181,ACC0181,CARD1249,MERCH0128,2025-07-17 02:23:51,36.51,GBP,Approved,POS,Purchase
TX01139,CUST0379,ACC0379,CARD0854,MERCH0063,2025-12-15 19:27:23,146.13,USD,Approved,POS,Transfer
TX01140,CUST0130,ACC0130,CARD0407,MERCH0113,2025-01-16 08:03:01,140.53,USD,Approved,Web,Purchase
TX01141,CUST0350,ACC0350,CARD1397,MERCH0090,2025-10-03 14:01:53,112.03,EUR,Declined,Web,Purchase
TX01142,CUST0514,ACC0514,CARD0516,MERCH0081,2025-06-11 18:23:18,5.65,EUR,Approved,POS,Purchase
TX01143,CUST0265,ACC0265,CARD0144,MERCH0103,2025-04-23 07:53:52,126.53,EUR,Approved,Web,Purchase
TX01144,CUST0180,ACC0180,CARD0190,MERCH0192,2025-06-25 07:05:11,410.01,INR,Approved,Web,Refund
TX01145,CUST0223,ACC0223,CARD1440,MERCH0160,2025-08-11 01:29:38,66.1,EUR,Approved,ATM,Transfer
TX01146,CUST0650,ACC0650,CARD1351,MERCH0116,2025-09-30 03:45:00,519.44,CAD,Approved,Web,Purchase
TX01147,CUST0467,ACC0467,CARD0488,MERCH0013,2025-11-02 06:04:41,71.18,EUR,Approved,Web,Transfer
TX01148,CUST0082,ACC0082,CARD0162,MERCH0194,2025-03-31 14:19:02,27.6,USD,Declined,Mobile App,Purchase
TX01149,CUST0234,ACC0234,CARD0884,MERCH0124,2025-09-19 16:32:27,81.23,GBP,Approved,POS,Purchase
TX01150,CUST0693,ACC0693,CARD0815,MERCH0147,2025-07-19 02:00:22,107.36,EUR,Approved,POS,Withdrawal
TX01151,CUST0165,ACC0165,CARD1184,MERCH0152,2025-09-11 23:09:45,153.92,USD,Approved,Mobile App,Purchase
TX01152,CUST0832,ACC0832,CARD0435,MERCH0088,2025-06-22 21:47:17,110.44,USD,Approved,Web,Transfer
TX01153,CUST0378,ACC0378,CARD1312,MERCH0011,2025-10-12 23:29:50,120.41,EUR,Declined,Web,Withdrawal
TX01154,CUST0730,ACC0730,CARD1340,MERCH0187,2025-09-23 12:06:50,8.65,EUR,Approved,Mobile App,Purchase
TX01155,CUST0786,ACC0786,CARD1461,MERCH0015,2025-06-26 01:15:44,48.88,INR,Approved,Web,Refund
TX01156,CUST0652,ACC0652,CARD1325,MERCH0010,2025-08-19 15:13:32,60.81,CAD,Approved,Mobile App,Purchase
TX01157,CUST0350,ACC0350,CARD1397,MERCH0041,2025-10-28 11:00:18,657.45,USD,Approved,Mobile App,Purchase
TX01158,CUST0683,ACC0683,CARD1433,MERCH0155,2025-11-03 07:04:04,57.55,GBP,Approved,POS,Withdrawal
TX01159,CUST0151,ACC0151,CARD0864,MERCH0188,2025-09-24 06:53:09,345.34,USD,Approved,Web,Transfer
TX01160,CUST0923,ACC0923,CARD0719,MERCH0073,2025-03-23 00:55:33,59.52,USD,Pending,ATM,Purchase
TX01161,CUST0484,ACC0484,CARD1309,MERCH0052,2025-03-08 17:40:20,20.16,USD,Approved,Web,Transfer
TX01162,CUST0971,ACC0971,CARD0111,MERCH0128,2025-05-17 00:08:31,47.68,EUR,Approved,Web,Purchase
TX01163,CUST0289,ACC0289,CARD0587,MERCH0028,2025-07-30 10:30:50,52.79,USD,Reversed,Web,Purchase
TX01164,CUST0750,ACC0750,CARD0256,MERCH0065,2025-07-24 22:49:32,579.21,USD,Approved,POS,Refund
TX01165,CUST0240,ACC0240,CARD1225,MERCH0017,2025-02-07 08:49:46,173.26,USD,Approved,POS,Withdrawal
TX01166,CUST0796,ACC0796,CARD0457,MERCH0095,2025-04-27 10:04:04,407.54,USD,Approved,Web,Purchase
TX01167,CUST0395,ACC0395,CARD0828,MERCH0172,2025-07-09 05:07:57,275.27,CAD,Approved,Web,Transfer
TX01168,CUST0711,ACC0711,CARD0656,MERCH0138,2025-06-15 02:21:36,134.63,INR,Approved,Web,Withdrawal
TX01169,CUST0218,ACC0218,CARD0385,MERCH0063,2025-07-22 03:24:30,173.77,EUR,Approved,ATM,Withdrawal
TX01170,CUST0544,ACC0544,CARD0776,MERCH0175,2025-08-21 05:45:24,152.06,EUR,Approved,POS,Withdrawal
TX01171,CUST0536,ACC0536,CARD1326,MERCH0038,2025-07-28 09:52:55,169.61,GBP,Approved,POS,Withdrawal
TX01172,CUST0441,ACC0441,CARD0823,MERCH0070,2025-10-22 21:16:54,51.14,GBP,Declined,Web,Purchase
TX01173,CUST0063,ACC0063,CARD0092,MERCH0104,2025-06-07 20:18:28,83.67,GBP,Declined,ATM,Purchase
TX01174,CUST0778,ACC0778,CARD0511,MERCH0053,2025-01-01 05:22:39,139.7,USD,Approved,Web,Refund
TX01175,CUST0117,ACC0117,CARD0289,MERCH0172,2025-09-06 10:58:12,10.49,USD,Approved,Mobile App,Purchase
TX01176,CUST0324,ACC0324,CARD0038,MERCH0119,2025-01-30 12:07:14,103.91,USD,Approved,Web,Purchase
TX01177,CUST0300,ACC0300,CARD0914,MERCH0074,2025-01-08 11:54:24,299.62,USD,Declined,Web,Purchase
TX01178,CUST0842,ACC0842,CARD0859,MERCH0054,2025-10-02 10:22:35,106.7,USD,Approved,POS,Purchase
TX01179,CUST0543,ACC0543,CARD0090,MERCH0020,2025-11-11 10:30:14,125.55,GBP,Approved,POS,Withdrawal
TX01180,CUST0162,ACC0162,CARD0541,MERCH0079,2025-12-01 20:12:19,38.83,GBP,Approved,POS,Purchase
TX01181,CUST0665,ACC0665,CARD1475,MERCH0031,2025-11-07 13:22:51,242.23,USD,Declined,POS,Purchase
TX01182,CUST0704,ACC0704,CARD0047,MERCH0135,2025-06-04 04:23:17,71.68,USD,Approved,POS,Refund
TX01183,CUST0957,ACC0957,CARD1498,MERCH0058,2025-01-30 14:30:36,475.55,EUR,Reversed,Web,Withdrawal
TX01184,CUST0345,ACC0345,CARD1196,MERCH0105,2025-05-02 20:02:14,765.43,USD,Approved,POS,Purchase
TX01185,CUST0681,ACC0681,CARD1215,MERCH0010,2025-09-04 14:51:34,376.54,USD,Pending,POS,Purchase
TX01186,CUST0934,ACC0934,CARD0365,MERCH0010,2025-02-14 07:29:58,18.3,GBP,Approved,Web,Transfer
TX01187,CUST0535,ACC0535,CARD0012,MERCH0039,2025-10-18 17:02:19,65.79,EUR,Approved,POS,Refund
TX01188,CUST0371,ACC0371,CARD0128,MERCH0156,2025-01-07 13:09:05,440.44,CAD,Approved,POS,Purchase
TX01189,CUST0173,ACC0173,CARD0796,MERCH0158,2025-04-20 12:10:26,249.85,GBP,Declined,ATM,Purchase
TX01190,CUST0640,ACC0640,CARD0634,MERCH0037,2025-10-29 02:04:03,368.18,CAD,Approved,POS,Purchase
TX01191,CUST0636,ACC0636,CARD0170,MERCH0119,2025-04-06 04:44:44,132.49,USD,Approved,POS,Purchase
TX01192,CUST0300,ACC0300,CARD0914,MERCH0067,2025-12-26 01:13:03,103.2,USD,Approved,POS,Purchase
TX01193,CUST0467,ACC0467,CARD0488,MERCH0043,2025-06-03 09:32:41,21.89,USD,Approved,Mobile App,Transfer
TX01194,CUST0119,ACC0119,CARD0231,MERCH0052,2025-12-04 05:42:09,279.39,USD,Approved,Web,Purchase
TX01195,CUST0798,ACC0798,CARD0051,MERCH0101,2025-07-26 08:35:32,210.06,EUR,Approved,POS,Withdrawal
TX01196,CUST0933,ACC0933,CARD1410,MERCH0056,2025-03-07 00:31:48,14.1,GBP,Approved,Web,Purchase
TX01197,CUST0674,ACC0674,CARD0895,MERCH0076,2025-10-26 08:25:58,40.25,INR,Approved,POS,Purchase
TX01198,CUST0741,ACC0741,CARD0929,MERCH0068,2025-07-24 23:15:10,127.22,CAD,Approved,Web,Purchase
TX01199,CUST0667,ACC0667,CARD0653,MERCH0137,2025-05-17 00:48:48,177.99,EUR,Approved,Web,Purchase
TX01200,CUST0817,ACC0817,CARD1078,MERCH0106,2025-05-15 08:30:32,27.22,EUR,Approved,POS,Purchase
TX01201,CUST0396,ACC0396,CARD0903,MERCH0125,2025-02-23 02:34:40,47.12,USD,Approved,Web,Refund
TX01202,CUST0190,ACC0190,CARD0710,MERCH0092,2025-01-02 07:29:17,37.19,EUR,Approved,Web,Withdrawal
TX01203,CUST0761,ACC0761,CARD1016,MERCH0023,2025-02-01 19:34:59,42.27,CAD,Approved,ATM,Withdrawal
TX01204,CUST0927,ACC0927,CARD0726,MERCH0191,2025-12-26 06:01:35,385.2,USD,Approved,ATM,Transfer
TX01205,CUST0974,ACC0974,CARD0623,MERCH0109,2025-05-22 17:32:03,193.72,EUR,Approved,Web,Purchase
TX01206,CUST0800,ACC0800,CARD0717,MERCH0061,2025-03-30 05:06:49,205.4,CAD,Approved,Mobile App,Transfer
TX01207,CUST0534,ACC0534,CARD0397,MERCH0168,2025-02-18 15:49:27,241.98,USD,Approved,Web,Refund
TX01208,CUST0878,ACC0878,CARD0360,MERCH0044,2025-07-10 18:45:01,71.14,INR,Approved,Mobile App,Purchase
TX01209,CUST0914,ACC0914,CARD0831,MERCH0152,2025-05-29 07:13:35,223.63,USD,Approved,Web,Refund
TX01210,CUST0305,ACC0305,CARD0957,MERCH0179,2025-01-08 18:26:44,580.35,CAD,Approved,Web,Purchase
TX01211,CUST0066,ACC0066,CARD1479,MERCH0186,2025-01-16 13:58:01,184.8,USD,Declined,Mobile App,Purchase
TX01212,CUST0970,ACC0970,CARD0228,MERCH0161,2025-10-10 13:23:51,85.87,USD,Approved,ATM,Purchase
TX01213,CUST0906,ACC0906,CARD0249,MERCH0016,2025-12-27 07:51:45,194.01,USD,Approved,POS,Refund
TX01214,CUST0355,ACC0355,CARD1373,MERCH0022,2025-02-04 05:05:18,351.58,GBP,Approved,POS,Withdrawal
TX01215,CUST0676,ACC0676,CARD1025,MERCH0057,2025-02-22 09:03:22,25.68,CAD,Approved,ATM,Withdrawal
TX01216,CUST0910,ACC0910,CARD0239,MERCH0062,2025-03-22 04:12:49,51.24,EUR,Approved,Web,Purchase
TX01217,CUST0470,ACC0470,CARD1296,MERCH0107,2025-08-30 20:29:18,382.55,CAD,Approved,ATM,Purchase
TX01218,CUST0846,ACC0846,CARD0249,MERCH0071,2025-11-13 07:04:04,443.46,GBP,Approved,Mobile App,Transfer
TX01219,CUST0619,ACC0619,CARD1157,MERCH0090,2025-12-27 17:21:37,104.29,USD,Approved,Mobile App,Purchase
TX01220,CUST0407,ACC0407,CARD1116,MERCH0072,2025-08-31 02:17:30,75.39,EUR,Approved,POS,Purchase
TX01221,CUST0473,ACC0473,CARD1471,MERCH0070,2025-09-16 10:06:08,54.86,USD,Approved,POS,Purchase
TX01222,CUST0192,ACC0192,CARD1435,MERCH0030,2025-03-19 22:23:09,108.6,EUR,Approved,Web,Purchase
TX01223,CUST0363,ACC0363,CARD1140,MERCH0103,2025-10-29 15:49:57,413.93,USD,Approved,Mobile App,Withdrawal
TX01224,CUST0604,ACC0604,CARD1049,MERCH0151,2025-10-18 10:50:23,29.34,USD,Approved,Web,Withdrawal
TX01225,CUST0443,ACC0443,CARD0656,MERCH0032,2025-11-13 16:27:12,86.67,EUR,Declined,Web,Purchase
TX01226,CUST0537,ACC0537,CARD1277,MERCH0086,2025-05-25 16:27:05,368.9,USD,Approved,Mobile App,Purchase
TX01227,CUST0918,ACC0918,CARD0804,MERCH0057,2025-05-16 22:09:37,69.41,EUR,Approved,Web,Purchase
TX01228,CUST0869,ACC0869,CARD0126,MERCH0109,2025-11-11 12:31:13,224.21,CAD,Declined,ATM,Purchase
TX01229,CUST0820,ACC0820,CARD0990,MERCH0009,2025-12-17 23:04:58,78.96,USD,Approved,POS,Transfer
TX01230,CUST0324,ACC0324,CARD0038,MERCH0031,2025-09-29 17:29:29,250.16,GBP,Approved,POS,Purchase
TX01231,CUST0259,ACC0259,CARD0641,MERCH0071,2025-09-23 11:28:11,599.52,EUR,Approved,Web,Purchase
TX01232,CUST0262,ACC0262,CARD1439,MERCH0137,2025-01-16 05:07:23,78.61,USD,Approved,POS,Purchase
TX01233,CUST0060,ACC0060,CARD0565,MERCH0013,2025-03-16 00:03:31,284.75,GBP,Declined,ATM,Purchase
TX01234,CUST0874,ACC0874,CARD0848,MERCH0186,2025-06-28 05:17:52,673.73,USD,Approved,POS,Withdrawal
TX01235,CUST0984,ACC0984,CARD0315,MERCH0131,2025-10-10 23:39:46,623.69,USD,Approved,ATM,Purchase
TX01236,CUST0723,ACC0723,CARD0373,MERCH0035,2025-09-25 01:25:49,90.31,USD,Approved,ATM,Purchase
TX01237,CUST0717,ACC0717,CARD0784,MERCH0021,2025-01-09 04:55:16,104.76,EUR,Approved,POS,Purchase
TX01238,CUST0386,ACC0386,CARD1417,MERCH0064,2025-11-06 01:53:40,59.23,EUR,Declined,Mobile App,Withdrawal
TX01239,CUST0119,ACC0119,CARD0231,MERCH0095,2025-07-12 11:53:20,61.54,USD,Approved,Web,Transfer
TX01240,CUST0911,ACC0911,CARD1080,MERCH0180,2025-09-17 08:26:39,106.73,USD,Approved,Mobile App,Purchase
TX01241,CUST0978,ACC0978,CARD0425,MERCH0034,2025-03-20 03:53:22,38.57,GBP,Pending,POS,Refund
TX01242,CUST0619,ACC0619,CARD1157,MERCH0121,2025-04-01 12:38:31,191.26,CAD,Approved,ATM,Withdrawal
TX01243,CUST0311,ACC0311,CARD1416,MERCH0163,2025-08-03 07:59:10,120.28,EUR,Approved,Web,Purchase
TX01244,CUST0563,ACC0563,CARD0457,MERCH0015,2025-04-13 22:55:42,347.52,USD,Approved,Mobile App,Withdrawal
TX01245,CUST0579,ACC0579,CARD1297,MERCH0120,2025-11-10 14:24:03,254.57,USD,Approved,Web,Purchase
TX01246,CUST0588,ACC0588,CARD0396,MERCH0096,2025-08-23 08:45:09,63.4,CAD,Approved,Web,Refund
TX01247,CUST0552,ACC0552,CARD0826,MERCH0006,2025-12-01 18:39:30,110.72,USD,Approved,POS,Purchase
TX01248,CUST0581,ACC0581,CARD0596,MERCH0109,2025-02-07 10:39:09,213.25,USD,Approved,POS,Purchase
TX01249,CUST0074,ACC0074,CARD1026,MERCH0097,2025-04-27 05:58:49,37.2,EUR,Approved,Web,Refund
TX01250,CUST0689,ACC0689,CARD0058,MERCH0032,2025-05-16 11:32:01,9.82,GBP,Approved,Mobile App,Purchase
TX01251,CUST0551,ACC0551,CARD1220,MERCH0180,2025-10-21 11:54:49,291.89,EUR,Approved,POS,Purchase
TX01252,CUST0149,ACC0149,CARD0892,MERCH0083,2025-10-25 17:17:24,27.2,USD,Approved,ATM,Withdrawal
TX01253,CUST0209,ACC0209,CARD0952,MERCH0156,2025-06-03 05:19:23,335.29,EUR,Declined,Mobile App,Withdrawal
TX01254,CUST0785,ACC0785,CARD0771,MERCH0118,2025-05-20 02:58:27,372.33,EUR,Approved,POS,Transfer
TX01255,CUST0418,ACC0418,CARD0570,MERCH0192,2025-02-18 23:13:17,97.62,EUR,Approved,POS,Purchase
TX01256,CUST0640,ACC0640,CARD0634,MERCH0079,2025-02-15 12:25:06,251.59,USD,Declined,ATM,Purchase
TX01257,CUST0314,ACC0314,CARD0401,MERCH0078,2025-10-12 04:11:55,72.69,GBP,Approved,POS,Purchase
TX01258,CUST0540,ACC0540,CARD0035,MERCH0147,2025-04-26 11:06:19,298.07,EUR,Approved,POS,Purchase
TX01259,CUST0070,ACC0070,CARD0035,MERCH0107,2025-07-13 19:16:17,266.17,EUR,Approved,POS,Purchase
TX01260,CUST0460,ACC0460,CARD1082,MERCH0126,2025-09-30 02:57:13,17.27,EUR,Approved,ATM,Purchase
TX01261,CUST0246,ACC0246,CARD0660,MERCH0015,2025-10-01 00:09:54,136.06,USD,Approved,Web,Purchase
TX01262,CUST0010,ACC0010,CARD1239,MERCH0134,2025-02-27 09:49:40,158.25,USD,Approved,POS,Purchase
TX01263,CUST0318,ACC0318,CARD0460,MERCH0073,2025-01-01 01:21:01,5.13,USD,Approved,POS,Purchase
TX01264,CUST0425,ACC0425,CARD0444,MERCH0101,2025-06-08 10:02:06,591.19,USD,Approved,Web,Withdrawal
TX01265,CUST0872,ACC0872,CARD0761,MERCH0098,2025-03-07 09:21:22,83.27,EUR,Approved,POS,Purchase
TX01266,CUST0226,ACC0226,CARD1463,MERCH0166,2025-11-05 06:40:09,114.27,GBP,Approved,Mobile App,Purchase
TX01267,CUST0929,ACC0929,CARD0474,MERCH0026,2025-04-05 22:23:56,37.5,USD,Approved,Web,Purchase
TX01268,CUST0620,ACC0620,CARD1187,MERCH0092,2025-05-30 04:50:30,146.59,CAD,Approved,Web,Purchase
TX01269,CUST0339,ACC0339,CARD0816,MERCH0125,2025-09-01 15:08:06,254.6,USD,Approved,POS,Purchase
TX01270,CUST0162,ACC0162,CARD0541,MERCH0179,2025-05-11 17:18:14,137.24,USD,Approved,Web,Purchase
TX01271,CUST0414,ACC0414,CARD1214,MERCH0073,2025-05-28 05:47:40,237.7,USD,Approved,POS,Withdrawal
TX01272,CUST0450,ACC0450,CARD0831,MERCH0123,2025-04-19 18:21:27,202.02,EUR,Declined,Mobile App,Purchase
TX01273,CUST0807,ACC0807,CARD0095,MERCH0053,2025-05-01 02:21:26,45.7,GBP,Approved,Mobile App,Purchase
TX01274,CUST0397,ACC0397,CARD0036,MERCH0184,2025-04-30 13:46:47,90.86,CAD,Approved,POS,Purchase
TX01275,CUST0547,ACC0547,CARD1022,MERCH0187,2025-01-18 21:48:53,29.14,USD,Declined,POS,Purchase
TX01276,CUST0638,ACC0638,CARD0946,MERCH0198,2025-05-23 15:22:12,11.43,USD,Reversed,Mobile App,Purchase
TX01277,CUST0178,ACC0178,CARD1497,MERCH0078,2025-07-05 15:08:52,14.77,GBP,Approved,POS,Withdrawal
TX01278,CUST0133,ACC0133,CARD0684,MERCH0092,2025-08-19 12:02:16,433.4,GBP,Approved,Web,Purchase
TX01279,CUST0633,ACC0633,CARD1254,MERCH0186,2025-10-24 10:48:41,630.4,CAD,Approved,Web,Transfer
TX01280,CUST0859,ACC0859,CARD0184,MERCH0088,2025-11-20 04:19:49,19.97,USD,Approved,POS,Purchase
TX01281,CUST0726,ACC0726,CARD1372,MERCH0013,2025-01-24 11:58:05,66.24,GBP,Approved,Web,Withdrawal
TX01282,CUST0001,ACC0001,CARD1127,MERCH0043,2025-07-12 07:25:32,23.23,USD,Approved,Web,Purchase
TX01283,CUST0553,ACC0553,CARD1099,MERCH0076,2025-10-07 06:13:46,274.57,EUR,Approved,Web,Purchase
TX01284,CUST0929,ACC0929,CARD0474,MERCH0051,2025-09-20 16:35:20,107.87,USD,Approved,POS,Purchase
TX01285,CUST0743,ACC0743,CARD0732,MERCH0019,2025-12-29 07:55:14,150.64,EUR,Approved,Mobile App,Purchase
TX01286,CUST0238,ACC0238,CARD0144,MERCH0149,2025-09-25 05:29:56,121.45,EUR,Reversed,POS,Withdrawal
TX01287,CUST0104,ACC0104,CARD1181,MERCH0122,2025-09-16 17:26:38,190.81,USD,Pending,Web,Purchase
TX01288,CUST0404,ACC0404,CARD0972,MERCH0024,2025-03-26 17:29:45,62.66,USD,Approved,POS,Withdrawal
TX01289,CUST0345,ACC0345,CARD1196,MERCH0026,2025-10-16 12:27:25,27.19,USD,Approved,Mobile App,Purchase
TX01290,CUST0956,ACC0956,CARD0086,MERCH0173,2025-02-28 05:52:39,7.67,USD,Reversed,POS,Purchase
TX01291,CUST0129,ACC0129,CARD0503,MERCH0156,2025-12-19 06:40:03,93.51,USD,Approved,Mobile App,Transfer
TX01292,CUST0282,ACC0282,CARD0208,MERCH0120,2025-09-08 09:45:39,362.63,USD,Approved,Web,Purchase
TX01293,CUST0235,ACC0235,CARD0198,MERCH0082,2025-08-17 06:10:05,59.63,GBP,Approved,Mobile App,Withdrawal
TX01294,CUST0891,ACC0891,CARD1490,MERCH0100,2025-11-12 15:49:15,37.72,USD,Approved,Web,Purchase
TX01295,CUST0399,ACC0399,CARD0020,MERCH0157,2025-03-25 02:04:24,395.64,USD,Approved,Web,Purchase
TX01296,CUST0409,ACC0409,CARD0834,MERCH0017,2025-08-03 20:10:57,21.71,CAD,Approved,Mobile App,Purchase
TX01297,CUST0805,ACC0805,CARD0034,MERCH0068,2025-04-23 11:19:28,12.98,USD,Approved,Web,Transfer
TX01298,CUST0484,ACC0484,CARD1309,MERCH0044,2025-09-03 05:48:47,322.31,GBP,Declined,Mobile App,Purchase
TX01299,CUST0026,ACC0026,CARD0277,MERCH0061,2025-12-01 04:15:29,186.05,EUR,Approved,POS,Withdrawal
TX01300,CUST0158,ACC0158,CARD1431,MERCH0123,2025-02-06 13:27:49,87.25,CAD,Approved,Web,Transfer
TX01301,CUST0389,ACC0389,CARD1063,MERCH0093,2025-02-03 09:32:50,214.36,USD,Approved,Mobile App,Refund
TX01302,CUST0152,ACC0152,CARD0743,MERCH0196,2025-07-28 06:35:03,207.89,GBP,Approved,Mobile App,Refund
TX01303,CUST0442,ACC0442,CARD0936,MERCH0074,2025-07-18 09:50:16,11.13,USD,Approved,Mobile App,Withdrawal
TX01304,CUST0844,ACC0844,CARD0447,MERCH0153,2025-09-05 05:04:02,174.17,CAD,Approved,Web,Purchase
TX01305,CUST0149,ACC0149,CARD0892,MERCH0067,2025-03-20 22:02:04,158.61,USD,Approved,ATM,Transfer
TX01306,CUST0154,ACC0154,CARD0564,MERCH0111,2025-10-12 23:37:58,502.72,EUR,Approved,POS,Transfer
TX01307,CUST0246,ACC0246,CARD0660,MERCH0002,2025-02-08 16:36:24,514.98,USD,Approved,POS,Purchase
TX01308,CUST0713,ACC0713,CARD0971,MERCH0089,2025-04-11 06:36:35,76.17,CAD,Declined,POS,Purchase
TX01309,CUST0195,ACC0195,CARD1249,MERCH0177,2025-08-20 16:45:01,138.68,EUR,Approved,ATM,Purchase
TX01310,CUST0511,ACC0511,CARD0769,MERCH0198,2025-03-09 02:53:51,27.86,USD,Approved,POS,Purchase
TX01311,CUST0650,ACC0650,CARD1351,MERCH0026,2025-01-28 15:22:52,15.32,USD,Approved,Mobile App,Purchase
TX01312,CUST0138,ACC0138,CARD0643,MERCH0200,2025-08-11 20:14:30,90.05,USD,Approved,POS,Withdrawal
TX01313,CUST0118,ACC0118,CARD0379,MERCH0099,2025-10-11 14:42:07,180.62,USD,Approved,POS,Withdrawal
TX01314,CUST0213,ACC0213,CARD0002,MERCH0027,2025-03-30 04:43:52,130.82,USD,Reversed,Web,Withdrawal
TX01315,CUST0580,ACC0580,CARD0062,MERCH0089,2025-06-05 16:31:26,89.23,INR,Approved,Web,Purchase
TX01316,CUST0084,ACC0084,CARD0996,MERCH0146,2025-01-17 20:30:44,260.66,EUR,Approved,POS,Purchase
TX01317,CUST0811,ACC0811,CARD0674,MERCH0182,2025-11-29 01:39:02,242.29,CAD,Declined,Web,Refund
TX01318,CUST0008,ACC0008,CARD0122,MERCH0001,2025-01-10 00:44:53,202.48,EUR,Approved,POS,Withdrawal
TX01319,CUST0577,ACC0577,CARD0867,MERCH0189,2025-07-22 01:44:19,17.02,GBP,Approved,Web,Withdrawal
TX01320,CUST0139,ACC0139,CARD1029,MERCH0103,2025-08-08 01:22:22,243.79,EUR,Approved,POS,Withdrawal
TX01321,CUST0010,ACC0010,CARD1239,MERCH0131,2025-11-12 15:35:05,382.78,USD,Pending,Web,Withdrawal
TX01322,CUST0494,ACC0494,CARD0912,MERCH0196,2025-09-05 06:30:04,14.19,EUR,Approved,POS,Refund
TX01323,CUST0729,ACC0729,CARD0698,MERCH0041,2025-03-12 20:31:23,82.04,EUR,Declined,Web,Purchase
TX01324,CUST1000,ACC1000,CARD0899,MERCH0165,2025-04-12 15:38:52,672.94,INR,Approved,POS,Purchase
TX01325,CUST0328,ACC0328,CARD0438,MERCH0051,2025-09-28 20:30:44,142.16,EUR,Approved,Web,Purchase
TX01326,CUST0776,ACC0776,CARD0105,MERCH0015,2025-11-27 09:29:02,113.1,GBP,Approved,POS,Withdrawal
TX01327,CUST0298,ACC0298,CARD0099,MERCH0008,2025-05-12 02:03:13,34.3,EUR,Approved,Mobile App,Transfer
TX01328,CUST0613,ACC0613,CARD1066,MERCH0038,2025-11-04 19:11:22,130.03,EUR,Pending,Web,Purchase
TX01329,CUST0832,ACC0832,CARD0435,MERCH0114,2025-08-10 02:36:28,91.72,EUR,Approved,ATM,Purchase
TX01330,CUST0250,ACC0250,CARD1370,MERCH0083,2025-12-06 17:29:29,25.45,USD,Approved,ATM,Purchase
TX01331,CUST0466,ACC0466,CARD0560,MERCH0056,2025-11-05 06:52:06,98.64,USD,Approved,Web,Refund
TX01332,CUST0931,ACC0931,CARD0078,MERCH0175,2025-07-04 17:29:56,31.94,GBP,Approved,Mobile App,Purchase
TX01333,CUST0781,ACC0781,CARD0823,MERCH0103,2025-04-22 04:52:25,201.77,CAD,Approved,Web,Purchase
TX01334,CUST0947,ACC0947,CARD0739,MERCH0138,2025-08-21 00:39:39,550.43,USD,Declined,Web,Purchase
TX01335,CUST0795,ACC0795,CARD1102,MERCH0102,2025-01-30 11:25:20,100.11,CAD,Approved,Web,Refund
TX01336,CUST0076,ACC0076,CARD1414,MERCH0078,2025-03-19 20:33:25,155.1,USD,Approved,POS,Purchase
TX01337,CUST0666,ACC0666,CARD0173,MERCH0177,2025-11-16 02:42:28,89.57,EUR,Approved,POS,Purchase
TX01338,CUST0850,ACC0850,CARD1020,MERCH0169,2025-12-29 21:47:58,27.35,USD,Approved,Web,Purchase
TX01339,CUST0544,ACC0544,CARD0776,MERCH0083,2025-02-05 13:44:14,533.79,USD,Approved,Web,Withdrawal
TX01340,CUST0252,ACC0252,CARD1172,MERCH0030,2025-08-02 10:17:29,25.82,USD,Declined,Web,Purchase
TX01341,CUST0664,ACC0664,CARD1150,MERCH0005,2025-06-23 08:19:05,22.75,USD,Approved,POS,Purchase
TX01342,CUST0307,ACC0307,CARD0801,MERCH0119,2025-09-08 21:35:34,97.2,USD,Approved,Web,Purchase
TX01343,CUST0687,ACC0687,CARD1141,MERCH0199,2025-10-06 01:59:29,166.33,USD,Declined,ATM,Purchase
TX01344,CUST0894,ACC0894,CARD0534,MERCH0031,2025-07-13 01:03:50,70.76,USD,Declined,POS,Transfer
TX01345,CUST0539,ACC0539,CARD0754,MERCH0180,2025-09-01 07:42:37,37.07,USD,Approved,Web,Purchase
TX01346,CUST0055,ACC0055,CARD0316,MERCH0023,2025-11-19 09:22:46,261.36,USD,Approved,ATM,Purchase
TX01347,CUST0147,ACC0147,CARD0207,MERCH0048,2025-03-12 09:00:19,72.67,EUR,Approved,POS,Withdrawal
TX01348,CUST0210,ACC0210,CARD1105,MERCH0109,2025-10-12 04:30:46,37.41,GBP,Approved,Mobile App,Withdrawal
TX01349,CUST0156,ACC0156,CARD0096,MERCH0040,2025-04-23 00:51:05,73.14,USD,Approved,Mobile App,Purchase
TX01350,CUST0068,ACC0068,CARD0509,MERCH0006,2025-08-16 14:04:06,41.23,USD,Approved,POS,Purchase
TX01351,CUST0328,ACC0328,CARD0438,MERCH0038,2025-10-28 05:50:07,114.92,GBP,Approved,POS,Withdrawal
TX01352,CUST0550,ACC0550,CARD0617,MERCH0169,2025-01-31 20:59:29,170.52,USD,Declined,POS,Purchase
TX01353,CUST0014,ACC0014,CARD1397,MERCH0100,2025-07-12 16:07:45,246.08,GBP,Approved,POS,Refund
TX01354,CUST0838,ACC0838,CARD1330,MERCH0027,2025-08-20 01:15:22,43.73,USD,Pending,ATM,Withdrawal
TX01355,CUST0285,ACC0285,CARD0152,MERCH0069,2025-07-03 09:48:39,32.4,USD,Declined,POS,Transfer
TX01356,CUST0360,ACC0360,CARD1123,MERCH0057,2025-01-15 07:22:23,7.97,USD,Approved,ATM,Transfer
TX01357,CUST0151,ACC0151,CARD0864,MERCH0017,2025-11-01 08:27:53,43.83,USD,Approved,POS,Purchase
TX01358,CUST0499,ACC0499,CARD0551,MERCH0071,2025-01-20 18:56:05,8.63,GBP,Approved,ATM,Purchase
TX01359,CUST0594,ACC0594,CARD0718,MERCH0047,2025-01-08 21:01:32,68.58,USD,Approved,POS,Purchase
TX01360,CUST0029,ACC0029,CARD1338,MERCH0079,2025-02-03 08:31:56,28.62,INR,Approved,Web,Transfer
TX01361,CUST0454,ACC0454,CARD1498,MERCH0110,2025-08-12 01:53:54,135.09,USD,Approved,POS,Withdrawal
TX01362,CUST0988,ACC0988,CARD1461,MERCH0013,2025-09-03 05:02:59,77.61,CAD,Approved,POS,Purchase
TX01363,CUST0823,ACC0823,CARD0624,MERCH0139,2025-04-18 04:23:02,19.74,USD,Approved,POS,Withdrawal
TX01364,CUST0273,ACC0273,CARD0254,MERCH0124,2025-01-24 20:49:27,81.59,USD,Declined,POS,Purchase
TX01365,CUST0623,ACC0623,CARD0235,MERCH0109,2025-02-24 02:38:16,40.23,EUR,Approved,POS,Purchase
TX01366,CUST0025,ACC0025,CARD0956,MERCH0090,2025-10-19 10:53:58,176.0,USD,Approved,Web,Purchase
TX01367,CUST0352,ACC0352,CARD0099,MERCH0086,2025-07-05 16:38:06,72.99,GBP,Approved,POS,Purchase
TX01368,CUST0612,ACC0612,CARD0109,MERCH0092,2025-01-12 01:01:52,28.85,EUR,Approved,Web,Transfer
TX01369,CUST0349,ACC0349,CARD1070,MERCH0024,2025-07-27 03:27:00,69.53,EUR,Approved,Web,Purchase
TX01370,CUST0331,ACC0331,CARD0226,MERCH0073,2025-12-05 01:28:35,43.11,USD,Approved,Mobile App,Purchase
TX01371,CUST0842,ACC0842,CARD0859,MERCH0004,2025-09-19 20:50:33,243.28,EUR,Approved,Mobile App,Withdrawal
TX01372,CUST0685,ACC0685,CARD0929,MERCH0113,2025-04-13 21:57:10,619.46,EUR,Approved,Mobile App,Transfer
TX01373,CUST0665,ACC0665,CARD1475,MERCH0046,2025-01-09 16:56:12,8.87,GBP,Approved,Web,Purchase
TX01374,CUST0113,ACC0113,CARD1163,MERCH0018,2025-09-01 15:31:59,180.69,USD,Approved,POS,Withdrawal
TX01375,CUST0861,ACC0861,CARD1354,MERCH0043,2025-02-24 22:34:48,50.97,CAD,Approved,Web,Purchase
TX01376,CUST0997,ACC0997,CARD0823,MERCH0161,2025-01-15 01:08:52,15.31,INR,Approved,Web,Purchase
TX01377,CUST0476,ACC0476,CARD0861,MERCH0093,2025-06-27 11:33:18,7.17,CAD,Approved,POS,Purchase
TX01378,CUST0097,ACC0097,CARD0792,MERCH0103,2025-04-27 05:42:31,324.31,EUR,Approved,Web,Withdrawal
TX01379,CUST0703,ACC0703,CARD1426,MERCH0124,2025-12-18 18:56:46,70.45,EUR,Approved,POS,Withdrawal
TX01380,CUST0570,ACC0570,CARD0096,MERCH0010,2025-05-29 07:18:16,786.65,USD,Approved,POS,Purchase
TX01381,CUST0504,ACC0504,CARD0522,MERCH0073,2025-04-15 05:01:06,92.61,CAD,Approved,Web,Purchase
TX01382,CUST0131,ACC0131,CARD0805,MERCH0187,2025-08-09 20:59:37,36.16,INR,Approved,POS,Purchase
TX01383,CUST0275,ACC0275,CARD1061,MERCH0031,2025-12-17 21:26:13,230.18,USD,Approved,POS,Transfer
TX01384,CUST0937,ACC0937,CARD0699,MERCH0156,2025-01-06 17:59:31,396.55,USD,Declined,POS,Withdrawal
TX01385,CUST0010,ACC0010,CARD1239,MERCH0060,2025-10-26 07:38:04,258.61,CAD,Approved,POS,Withdrawal
TX01386,CUST0849,ACC0849,CARD1359,MERCH0131,2025-02-11 07:31:55,210.09,USD,Declined,POS,Purchase
TX01387,CUST0183,ACC0183,CARD1401,MERCH0118,2025-09-28 09:58:06,66.13,USD,Approved,POS,Purchase
TX01388,CUST0392,ACC0392,CARD0921,MERCH0183,2025-03-26 02:45:01,15.0,INR,Approved,POS,Purchase
TX01389,CUST0373,ACC0373,CARD0566,MERCH0014,2025-02-27 23:01:50,38.72,GBP,Approved,POS,Purchase
TX01390,CUST0102,ACC0102,CARD0493,MERCH0186,2025-07-18 09:06:46,93.81,CAD,Approved,POS,Purchase
TX01391,CUST0937,ACC0937,CARD0699,MERCH0143,2025-09-09 06:30:53,474.22,USD,Reversed,Web,Refund
TX01392,CUST0797,ACC0797,CARD0001,MERCH0002,2025-10-18 19:33:13,197.48,USD,Approved,POS,Transfer
TX01393,CUST0684,ACC0684,CARD0824,MERCH0024,2025-02-21 20:20:29,269.29,EUR,Approved,Mobile App,Withdrawal
TX01394,CUST0705,ACC0705,CARD1257,MERCH0064,2025-06-05 14:46:17,53.71,EUR,Approved,Web,Purchase
TX01395,CUST0998,ACC0998,CARD1161,MERCH0199,2025-01-30 02:35:05,177.72,USD,Pending,Web,Purchase
TX01396,CUST0943,ACC0943,CARD0750,MERCH0100,2025-06-16 21:08:46,302.55,CAD,Declined,Web,Purchase
TX01397,CUST0401,ACC0401,CARD0512,MERCH0114,2025-03-10 11:13:50,102.92,CAD,Approved,POS,Purchase
TX01398,CUST0254,ACC0254,CARD0489,MERCH0024,2025-02-21 01:09:18,89.29,USD,Approved,ATM,Purchase
TX01399,CUST0435,ACC0435,CARD0877,MERCH0155,2025-10-19 07:42:18,195.63,USD,Approved,POS,Refund
TX01400,CUST0912,ACC0912,CARD0350,MERCH0165,2025-06-01 01:32:23,128.12,USD,Approved,POS,Withdrawal
TX01401,CUST0745,ACC0745,CARD0925,MERCH0091,2025-06-06 13:18:44,752.99,EUR,Approved,POS,Purchase
TX01402,CUST0799,ACC0799,CARD0685,MERCH0167,2025-05-30 10:11:19,88.03,USD,Approved,Mobile App,Purchase
TX01403,CUST0383,ACC0383,CARD1410,MERCH0191,2025-09-28 12:11:28,34.03,EUR,Approved,ATM,Purchase
TX01404,CUST0793,ACC0793,CARD1169,MERCH0026,2025-03-10 01:19:59,100.78,EUR,Declined,Mobile App,Purchase
TX01405,CUST0548,ACC0548,CARD0418,MERCH0065,2025-01-04 16:49:18,45.22,CAD,Approved,Web,Refund
TX01406,CUST0174,ACC0174,CARD1052,MERCH0120,2025-11-22 10:08:54,128.58,USD,Approved,ATM,Withdrawal
TX01407,CUST0095,ACC0095,CARD0879,MERCH0004,2025-01-16 06:51:26,25.17,EUR,Approved,POS,Purchase
TX01408,CUST0632,ACC0632,CARD1277,MERCH0157,2025-12-26 20:06:32,454.29,GBP,Reversed,Web,Purchase
TX01409,CUST0324,ACC0324,CARD0038,MERCH0001,2025-04-17 09:46:34,299.73,EUR,Approved,ATM,Purchase
TX01410,CUST0689,ACC0689,CARD0058,MERCH0050,2025-06-11 14:51:56,30.36,INR,Approved,Mobile App,Withdrawal
TX01411,CUST0694,ACC0694,CARD1173,MERCH0110,2025-06-04 12:15:04,33.38,EUR,Approved,POS,Purchase
TX01412,CUST0062,ACC0062,CARD1364,MERCH0139,2025-07-16 10:35:30,112.75,CAD,Approved,Web,Purchase
TX01413,CUST0621,ACC0621,CARD1239,MERCH0074,2025-03-27 08:19:14,227.34,USD,Approved,POS,Purchase
TX01414,CUST0391,ACC0391,CARD0538,MERCH0187,2025-10-13 06:00:52,42.09,EUR,Approved,POS,Purchase
TX01415,CUST0983,ACC0983,CARD1467,MERCH0062,2025-12-21 14:12:43,14.44,EUR,Approved,Web,Purchase
TX01416,CUST0820,ACC0820,CARD0990,MERCH0081,2025-07-09 03:11:20,123.29,INR,Approved,POS,Purchase
TX01417,CUST0080,ACC0080,CARD0402,MERCH0164,2025-12-21 18:32:55,181.45,USD,Approved,POS,Purchase
TX01418,CUST0454,ACC0454,CARD1498,MERCH0056,2025-11-16 14:45:49,47.03,USD,Approved,Web,Purchase
TX01419,CUST0806,ACC0806,CARD1372,MERCH0111,2025-03-28 09:25:52,206.93,EUR,Approved,Web,Purchase
TX01420,CUST0921,ACC0921,CARD0625,MERCH0021,2025-07-10 08:38:59,456.3,USD,Approved,POS,Purchase
TX01421,CUST0747,ACC0747,CARD1277,MERCH0141,2025-06-01 16:54:17,27.11,EUR,Approved,POS,Transfer
TX01422,CUST0092,ACC0092,CARD0296,MERCH0009,2025-02-15 20:10:52,112.32,INR,Approved,Mobile App,Purchase
TX01423,CUST0262,ACC0262,CARD1439,MERCH0139,2025-05-18 08:22:41,13.78,CAD,Approved,POS,Purchase
TX01424,CUST0095,ACC0095,CARD0879,MERCH0070,2025-10-15 23:50:56,39.73,USD,Approved,Web,Purchase
TX01425,CUST0016,ACC0016,CARD0872,MERCH0129,2025-06-13 19:27:23,19.12,USD,Approved,ATM,Purchase
TX01426,CUST0835,ACC0835,CARD0764,MERCH0118,2025-01-16 22:47:35,82.63,EUR,Approved,Web,Purchase
TX01427,CUST0244,ACC0244,CARD0464,MERCH0198,2025-09-04 10:35:35,262.91,EUR,Approved,POS,Transfer
TX01428,CUST0446,ACC0446,CARD0636,MERCH0056,2025-11-27 23:31:17,134.1,EUR,Approved,POS,Purchase
TX01429,CUST0492,ACC0492,CARD0453,MERCH0031,2025-01-01 01:02:53,42.77,GBP,Approved,Web,Refund
TX01430,CUST0633,ACC0633,CARD1254,MERCH0037,2025-10-21 12:23:08,11.14,EUR,Pending,Mobile App,Transfer
TX01431,CUST0313,ACC0313,CARD1219,MERCH0175,2025-12-03 05:41:51,125.91,USD,Declined,Web,Transfer
TX01432,CUST0911,ACC0911,CARD1080,MERCH0091,2025-04-28 04:29:27,26.37,GBP,Approved,POS,Purchase
TX01433,CUST0546,ACC0546,CARD0970,MERCH0114,2025-07-03 09:41:29,67.95,USD,Approved,POS,Purchase
TX01434,CUST0223,ACC0223,CARD1440,MERCH0128,2025-04-21 16:44:22,112.06,USD,Declined,POS,Withdrawal
TX01435,CUST0498,ACC0498,CARD0341,MERCH0175,2025-03-15 22:18:11,356.09,GBP,Approved,Web,Purchase
TX01436,CUST0572,ACC0572,CARD1214,MERCH0122,2025-09-09 03:48:10,17.8,EUR,Approved,Web,Purchase
TX01437,CUST0605,ACC0605,CARD0948,MERCH0069,2025-11-09 01:47:53,170.67,EUR,Approved,POS,Transfer
TX01438,CUST0817,ACC0817,CARD1078,MERCH0186,2025-12-05 05:11:09,7.13,USD,Approved,Mobile App,Refund
TX01439,CUST0069,ACC0069,CARD0776,MERCH0036,2025-06-22 22:46:38,154.1,USD,Approved,Web,Purchase
TX01440,CUST0227,ACC0227,CARD0203,MERCH0032,2025-04-03 17:37:07,125.29,USD,Approved,Mobile App,Purchase
TX01441,CUST0049,ACC0049,CARD0021,MERCH0064,2025-02-19 17:08:44,255.59,EUR,Approved,Web,Purchase
TX01442,CUST0845,ACC0845,CARD1332,MERCH0199,2025-08-11 03:00:32,118.78,USD,Approved,Web,Purchase
TX01443,CUST0641,ACC0641,CARD1218,MERCH0170,2025-09-23 04:05:08,70.22,EUR,Approved,Web,Purchase
TX01444,CUST0974,ACC0974,CARD0623,MERCH0048,2025-08-21 06:30:38,46.71,GBP,Approved,Web,Withdrawal
TX01445,CUST0391,ACC0391,CARD0538,MERCH0081,2025-11-12 22:15:07,18.37,EUR,Approved,Mobile App,Withdrawal
TX01446,CUST0604,ACC0604,CARD1049,MERCH0158,2025-06-08 18:10:28,119.73,CAD,Approved,Web,Refund
TX01447,CUST0224,ACC0224,CARD0247,MERCH0149,2025-11-12 03:03:22,333.82,CAD,Approved,POS,Purchase
TX01448,CUST0803,ACC0803,CARD0881,MERCH0060,2025-11-10 06:14:00,113.46,CAD,Approved,Web,Purchase
TX01449,CUST0165,ACC0165,CARD1184,MERCH0141,2025-10-28 18:52:43,206.54,EUR,Approved,POS,Withdrawal
TX01450,CUST0661,ACC0661,CARD0091,MERCH0001,2025-10-09 01:49:23,58.17,USD,Approved,Mobile App,Transfer
TX01451,CUST0101,ACC0101,CARD0380,MERCH0065,2025-02-21 01:37:20,94.17,EUR,Approved,POS,Transfer
TX01452,CUST0643,ACC0643,CARD1189,MERCH0033,2025-11-03 06:43:14,63.87,GBP,Approved,POS,Purchase
TX01453,CUST0394,ACC0394,CARD0525,MERCH0038,2025-09-27 06:14:08,22.36,USD,Reversed,POS,Refund
TX01454,CUST0824,ACC0824,CARD0767,MERCH0025,2025-07-24 06:32:08,85.93,GBP,Approved,POS,Purchase
TX01455,CUST0231,ACC0231,CARD0767,MERCH0154,2025-08-07 01:12:32,221.77,EUR,Approved,POS,Refund
TX01456,CUST0063,ACC0063,CARD0092,MERCH0059,2025-07-04 02:53:04,80.37,USD,Approved,POS,Withdrawal
TX01457,CUST0042,ACC0042,CARD0687,MERCH0161,2025-06-27 05:40:49,162.55,EUR,Approved,POS,Purchase
TX01458,CUST0494,ACC0494,CARD0912,MERCH0101,2025-01-14 11:26:45,218.2,USD,Approved,POS,Refund
TX01459,CUST0965,ACC0965,CARD0067,MERCH0127,2025-07-06 02:05:04,63.45,USD,Approved,Mobile App,Purchase
TX01460,CUST0055,ACC0055,CARD0316,MERCH0041,2025-09-16 16:10:09,244.56,CAD,Approved,POS,Refund
TX01461,CUST0313,ACC0313,CARD1219,MERCH0158,2025-02-09 09:16:08,67.08,EUR,Declined,ATM,Withdrawal
TX01462,CUST0722,ACC0722,CARD0668,MERCH0057,2025-05-05 14:29:45,49.38,EUR,Approved,Mobile App,Withdrawal
TX01463,CUST0988,ACC0988,CARD1461,MERCH0177,2025-12-17 22:17:01,42.74,USD,Approved,POS,Purchase
TX01464,CUST0915,ACC0915,CARD0048,MERCH0048,2025-03-25 02:25:24,38.45,EUR,Approved,POS,Purchase
TX01465,CUST0428,ACC0428,CARD0264,MERCH0072,2025-10-08 22:51:17,205.41,USD,Approved,POS,Refund
TX01466,CUST0449,ACC0449,CARD0120,MERCH0177,2025-06-21 21:54:32,332.73,GBP,Approved,Web,Purchase
TX01467,CUST0156,ACC0156,CARD0096,MERCH0175,2025-04-13 19:32:13,44.33,GBP,Approved,Web,Transfer
TX01468,CUST0365,ACC0365,CARD0253,MERCH0056,2025-08-24 00:43:16,18.36,CAD,Approved,POS,Withdrawal
TX01469,CUST0195,ACC0195,CARD1249,MERCH0065,2025-09-29 21:28:51,61.48,USD,Declined,POS,Withdrawal
TX01470,CUST0714,ACC0714,CARD1036,MERCH0012,2025-05-17 16:12:06,165.87,EUR,Approved,Web,Withdrawal
TX01471,CUST0397,ACC0397,CARD0036,MERCH0069,2025-12-25 02:59:42,73.95,GBP,Approved,POS,Purchase
TX01472,CUST0509,ACC0509,CARD0762,MERCH0134,2025-01-19 06:40:22,124.5,USD,Approved,ATM,Purchase
TX01473,CUST0062,ACC0062,CARD1364,MERCH0089,2025-10-10 04:47:25,209.57,USD,Approved,POS,Withdrawal
TX01474,CUST0800,ACC0800,CARD0717,MERCH0193,2025-12-07 02:47:07,83.76,GBP,Approved,POS,Transfer
TX01475,CUST0143,ACC0143,CARD0398,MERCH0025,2025-06-12 00:58:46,1219.2,GBP,Approved,POS,Withdrawal
TX01476,CUST0308,ACC0308,CARD0398,MERCH0001,2025-05-30 12:19:21,58.06,EUR,Approved,Web,Purchase
TX01477,CUST0414,ACC0414,CARD1214,MERCH0160,2025-09-12 18:39:18,579.21,USD,Approved,POS,Refund
TX01478,CUST0403,ACC0403,CARD0654,MERCH0131,2025-12-16 05:05:16,39.04,EUR,Approved,POS,Withdrawal
TX01479,CUST0333,ACC0333,CARD0798,MERCH0049,2025-05-12 16:14:25,22.64,USD,Approved,POS,Purchase
TX01480,CUST0037,ACC0037,CARD1500,MERCH0147,2025-10-17 06:29:55,213.44,EUR,Approved,POS,Withdrawal
TX01481,CUST0468,ACC0468,CARD1261,MERCH0060,2025-08-15 06:35:07,186.76,EUR,Approved,Web,Withdrawal
TX01482,CUST0157,ACC0157,CARD0485,MERCH0157,2025-09-27 21:05:37,255.04,EUR,Approved,POS,Withdrawal
TX01483,CUST0558,ACC0558,CARD1301,MERCH0178,2025-04-22 15:40:16,68.15,GBP,Approved,Web,Withdrawal
TX01484,CUST0165,ACC0165,CARD1184,MERCH0002,2025-02-24 18:36:49,405.63,GBP,Approved,POS,Purchase
TX01485,CUST0857,ACC0857,CARD0900,MERCH0073,2025-04-27 09:02:28,24.09,EUR,Approved,Web,Purchase
TX01486,CUST0130,ACC0130,CARD0407,MERCH0184,2025-07-23 21:33:13,9.61,USD,Approved,Web,Purchase
TX01487,CUST0407,ACC0407,CARD1116,MERCH0145,2025-07-08 06:37:54,58.62,USD,Pending,Web,Purchase
TX01488,CUST0142,ACC0142,CARD0767,MERCH0188,2025-03-25 03:58:01,244.42,USD,Approved,Web,Purchase
TX01489,CUST0270,ACC0270,CARD0002,MERCH0110,2025-06-29 06:11:29,172.66,EUR,Approved,POS,Purchase
TX01490,CUST0326,ACC0326,CARD1389,MERCH0164,2025-06-30 01:24:14,90.96,INR,Approved,ATM,Transfer
TX01491,CUST0775,ACC0775,CARD1485,MERCH0061,2025-06-30 18:34:06,49.41,EUR,Approved,Web,Purchase
TX01492,CUST0721,ACC0721,CARD1432,MERCH0017,2025-04-16 08:08:32,14.17,USD,Approved,POS,Withdrawal
TX01493,CUST0940,ACC0940,CARD1031,MERCH0049,2025-09-19 01:10:57,66.76,USD,Approved,POS,Purchase
TX01494,CUST0853,ACC0853,CARD1130,MERCH0076,2025-06-30 03:36:52,97.43,USD,Approved,POS,Purchase
TX01495,CUST0342,ACC0342,CARD1216,MERCH0188,2025-10-01 12:31:16,179.24,USD,Approved,Web,Purchase
TX01496,CUST0705,ACC0705,CARD1257,MERCH0148,2025-10-02 08:54:36,160.76,EUR,Approved,POS,Transfer
TX01497,CUST0648,ACC0648,CARD0500,MERCH0178,2025-04-26 20:52:44,446.6,USD,Reversed,ATM,Purchase
TX01498,CUST0503,ACC0503,CARD0023,MERCH0131,2025-01-25 04:48:55,20.87,USD,Approved,POS,Purchase
TX01499,CUST0401,ACC0401,CARD0512,MERCH0043,2025-11-29 12:09:33,66.5,USD,Approved,Web,Purchase
TX01500,CUST0828,ACC0828,CARD1253,MERCH0057,2025-07-30 16:26:24,103.54,EUR,Approved,Web,Purchase
TX01501,CUST0012,ACC0012,CARD1483,MERCH0050,2025-11-17 20:10:13,171.62,EUR,Approved,Mobile App,Transfer
TX01502,CUST0856,ACC0856,CARD0797,MERCH0196,2025-12-05 18:45:07,107.61,GBP,Approved,POS,Withdrawal
TX01503,CUST0341,ACC0341,CARD0547,MERCH0178,2025-09-14 09:25:59,370.86,USD,Approved,ATM,Purchase
TX01504,CUST0616,ACC0616,CARD0398,MERCH0037,2025-12-03 12:39:48,145.73,GBP,Approved,ATM,Purchase
TX01505,CUST0707,ACC0707,CARD1167,MERCH0046,2025-03-27 19:03:02,11.07,EUR,Approved,ATM,Purchase
TX01506,CUST0661,ACC0661,CARD0091,MERCH0170,2025-10-31 12:21:58,23.1,USD,Approved,Mobile App,Withdrawal
TX01507,CUST0370,ACC0370,CARD1347,MERCH0015,2025-11-01 15:24:51,215.06,USD,Approved,Mobile App,Purchase
TX01508,CUST0669,ACC0669,CARD1244,MERCH0161,2025-12-30 18:59:00,193.71,USD,Approved,Web,Withdrawal
TX01509,CUST0774,ACC0774,CARD0689,MERCH0080,2025-12-19 08:39:34,30.0,EUR,Approved,Mobile App,Withdrawal
TX01510,CUST0632,ACC0632,CARD1277,MERCH0139,2025-07-20 07:11:49,14.11,USD,Approved,Web,Purchase
TX01511,CUST0515,ACC0515,CARD1040,MERCH0148,2025-05-07 02:19:26,134.67,GBP,Approved,Web,Withdrawal
TX01512,CUST0896,ACC0896,CARD0838,MERCH0024,2025-05-14 15:05:37,156.48,USD,Approved,Web,Purchase
TX01513,CUST0546,ACC0546,CARD0970,MERCH0125,2025-10-06 17:16:37,26.81,EUR,Approved,ATM,Purchase
TX01514,CUST0128,ACC0128,CARD1072,MERCH0192,2025-12-29 14:08:44,101.26,USD,Declined,POS,Purchase
TX01515,CUST0998,ACC0998,CARD1161,MERCH0118,2025-06-20 04:50:58,59.76,EUR,Approved,Mobile App,Purchase
TX01516,CUST0697,ACC0697,CARD1237,MERCH0080,2025-11-24 18:09:42,406.71,CAD,Approved,POS,Transfer
TX01517,CUST0840,ACC0840,CARD0798,MERCH0094,2025-06-02 20:38:39,42.12,INR,Approved,POS,Withdrawal
TX01518,CUST0474,ACC0474,CARD0581,MERCH0065,2025-05-25 22:15:45,203.22,USD,Approved,POS,Refund
TX01519,CUST0380,ACC0380,CARD0962,MERCH0088,2025-06-04 12:29:02,114.51,USD,Approved,POS,Purchase
TX01520,CUST0689,ACC0689,CARD0058,MERCH0088,2025-12-03 09:46:18,6.74,GBP,Approved,ATM,Purchase
TX01521,CUST0190,ACC0190,CARD0710,MERCH0145,2025-11-21 02:30:39,114.16,USD,Declined,POS,Purchase
TX01522,CUST0287,ACC0287,CARD1144,MERCH0126,2025-05-23 01:47:21,20.72,EUR,Approved,Web,Transfer
TX01523,CUST0740,ACC0740,CARD1225,MERCH0089,2025-02-03 22:01:54,166.41,INR,Declined,POS,Purchase
TX01524,CUST0405,ACC0405,CARD0471,MERCH0061,2025-08-27 07:34:33,130.04,EUR,Approved,ATM,Purchase
TX01525,CUST0201,ACC0201,CARD1257,MERCH0015,2025-09-11 11:48:20,6.57,USD,Approved,Mobile App,Purchase
TX01526,CUST0973,ACC0973,CARD0034,MERCH0094,2025-06-25 01:05:56,39.35,GBP,Approved,POS,Purchase
TX01527,CUST0708,ACC0708,CARD1439,MERCH0051,2025-08-02 00:39:25,229.57,INR,Approved,POS,Purchase
TX01528,CUST0382,ACC0382,CARD0490,MERCH0027,2025-01-13 01:23:20,53.4,GBP,Approved,Web,Purchase
TX01529,CUST0247,ACC0247,CARD0764,MERCH0074,2025-08-29 14:34:59,108.76,EUR,Approved,Web,Purchase
TX01530,CUST0318,ACC0318,CARD0460,MERCH0061,2025-04-02 03:35:07,61.09,CAD,Approved,POS,Purchase
TX01531,CUST0813,ACC0813,CARD0118,MERCH0186,2025-08-17 14:32:11,386.75,INR,Pending,ATM,Purchase
TX01532,CUST0758,ACC0758,CARD0877,MERCH0031,2025-10-16 21:35:55,120.37,CAD,Approved,Mobile App,Withdrawal
TX01533,CUST0683,ACC0683,CARD1433,MERCH0012,2025-06-25 19:25:51,183.69,EUR,Approved,POS,Purchase
TX01534,CUST0017,ACC0017,CARD0131,MERCH0046,2025-10-13 01:47:52,18.08,GBP,Approved,ATM,Purchase
TX01535,CUST0969,ACC0969,CARD0111,MERCH0159,2025-08-29 07:34:40,11.18,EUR,Reversed,POS,Withdrawal
TX01536,CUST0059,ACC0059,CARD1370,MERCH0032,2025-12-22 13:26:42,50.01,USD,Reversed,Web,Purchase
TX01537,CUST0026,ACC0026,CARD0277,MERCH0160,2025-03-12 03:04:26,60.47,EUR,Approved,Web,Transfer
TX01538,CUST0892,ACC0892,CARD0604,MERCH0181,2025-07-14 01:56:48,179.56,GBP,Approved,POS,Purchase
TX01539,CUST0166,ACC0166,CARD1267,MERCH0061,2025-10-27 22:26:39,131.29,CAD,Approved,POS,Purchase
TX01540,CUST0858,ACC0858,CARD0138,MERCH0046,2025-01-11 22:47:05,75.4,CAD,Approved,POS,Purchase
TX01541,CUST0828,ACC0828,CARD1253,MERCH0085,2025-09-15 16:29:13,164.25,USD,Approved,Web,Withdrawal
TX01542,CUST0861,ACC0861,CARD1354,MERCH0080,2025-07-15 11:59:12,31.79,EUR,Approved,ATM,Purchase
TX01543,CUST0001,ACC0001,CARD1127,MERCH0135,2025-08-08 12:53:49,14.84,EUR,Declined,Web,Purchase
TX01544,CUST0268,ACC0268,CARD1017,MERCH0004,2025-06-23 08:01:27,294.14,CAD,Declined,Web,Purchase
TX01545,CUST0948,ACC0948,CARD1039,MERCH0052,2025-04-03 01:12:35,129.5,USD,Approved,Web,Purchase
TX01546,CUST0856,ACC0856,CARD0797,MERCH0159,2025-03-04 19:50:42,162.09,GBP,Approved,POS,Purchase
TX01547,CUST0859,ACC0859,CARD0184,MERCH0112,2025-12-13 21:41:48,60.06,EUR,Approved,Mobile App,Purchase
TX01548,CUST0558,ACC0558,CARD1301,MERCH0036,2025-03-11 01:14:34,74.77,CAD,Approved,Web,Transfer
TX01549,CUST0344,ACC0344,CARD0017,MERCH0182,2025-10-06 07:53:10,17.89,EUR,Declined,POS,Purchase
TX01550,CUST0864,ACC0864,CARD0069,MERCH0054,2025-10-29 22:49:34,296.72,EUR,Approved,POS,Withdrawal
TX01551,CUST0228,ACC0228,CARD1208,MERCH0119,2025-06-21 01:19:47,139.63,INR,Approved,ATM,Purchase
TX01552,CUST0168,ACC0168,CARD0578,MERCH0127,2025-09-21 20:23:18,18.1,GBP,Approved,POS,Purchase
TX01553,CUST0408,ACC0408,CARD1378,MERCH0017,2025-11-18 12:08:44,249.85,USD,Approved,ATM,Refund
TX01554,CUST0115,ACC0115,CARD0392,MERCH0075,2025-09-06 06:19:00,93.08,USD,Approved,POS,Withdrawal
TX01555,CUST0781,ACC0781,CARD0823,MERCH0158,2025-06-08 00:33:55,222.29,GBP,Approved,Web,Purchase
TX01556,CUST0104,ACC0104,CARD1181,MERCH0105,2025-04-10 18:43:08,6.91,USD,Approved,POS,Purchase
TX01557,CUST0460,ACC0460,CARD1082,MERCH0150,2025-04-22 12:01:55,9.37,GBP,Approved,Mobile App,Transfer
TX01558,CUST0294,ACC0294,CARD1251,MERCH0117,2025-06-15 12:57:07,33.09,EUR,Approved,Web,Refund
TX01559,CUST0704,ACC0704,CARD0047,MERCH0043,2025-04-22 13:42:14,40.53,INR,Approved,POS,Withdrawal
TX01560,CUST0225,ACC0225,CARD0836,MERCH0112,2025-03-26 16:59:56,221.56,EUR,Declined,POS,Withdrawal
TX01561,CUST0028,ACC0028,CARD0460,MERCH0115,2025-06-14 11:02:06,188.98,GBP,Approved,POS,Purchase
TX01562,CUST0481,ACC0481,CARD0997,MERCH0027,2025-03-31 21:02:31,148.6,USD,Approved,Mobile App,Refund
TX01563,CUST0046,ACC0046,CARD0832,MERCH0037,2025-08-26 08:31:34,329.24,EUR,Approved,Mobile App,Purchase
TX01564,CUST0404,ACC0404,CARD0972,MERCH0046,2025-01-22 06:43:50,47.58,USD,Approved,Mobile App,Purchase
TX01565,CUST0772,ACC0772,CARD0827,MERCH0113,2025-08-03 17:39:05,357.15,GBP,Approved,POS,Refund
TX01566,CUST0649,ACC0649,CARD0511,MERCH0035,2025-01-30 01:40:33,365.31,GBP,Approved,Web,Purchase
TX01567,CUST0195,ACC0195,CARD1249,MERCH0132,2025-04-16 07:30:25,90.44,USD,Approved,ATM,Purchase
TX01568,CUST0892,ACC0892,CARD0604,MERCH0080,2025-11-26 21:34:21,19.87,USD,Approved,Mobile App,Purchase
TX01569,CUST0287,ACC0287,CARD1144,MERCH0080,2025-06-03 05:49:58,199.5,GBP,Approved,POS,Transfer
TX01570,CUST0117,ACC0117,CARD0289,MERCH0154,2025-07-16 17:00:48,66.63,GBP,Approved,Web,Purchase
TX01571,CUST0906,ACC0906,CARD0249,MERCH0121,2025-02-15 06:24:17,242.66,EUR,Approved,Web,Purchase
TX01572,CUST0395,ACC0395,CARD0828,MERCH0147,2025-06-02 19:37:11,31.81,INR,Approved,Web,Purchase
TX01573,CUST0698,ACC0698,CARD0203,MERCH0122,2025-09-21 18:39:33,121.32,CAD,Approved,POS,Purchase
TX01574,CUST0275,ACC0275,CARD1061,MERCH0081,2025-12-01 10:45:34,111.41,EUR,Approved,POS,Transfer
TX01575,CUST0637,ACC0637,CARD1417,MERCH0173,2025-05-01 17:49:35,20.86,USD,Approved,ATM,Purchase
TX01576,CUST0985,ACC0985,CARD0877,MERCH0154,2025-03-04 17:43:03,72.73,EUR,Approved,POS,Purchase
TX01577,CUST0790,ACC0790,CARD0714,MERCH0150,2025-03-25 14:10:42,18.28,GBP,Approved,POS,Purchase
TX01578,CUST0615,ACC0615,CARD0935,MERCH0119,2025-05-14 02:24:29,98.75,EUR,Approved,Mobile App,Purchase
TX01579,CUST0215,ACC0215,CARD0220,MERCH0058,2025-05-01 18:51:42,282.64,GBP,Approved,Web,Purchase
TX01580,CUST0939,ACC0939,CARD0883,MERCH0063,2025-05-08 00:06:06,52.25,USD,Approved,ATM,Purchase
TX01581,CUST0490,ACC0490,CARD0958,MERCH0156,2025-10-15 02:45:07,222.14,CAD,Pending,POS,Purchase
TX01582,CUST0726,ACC0726,CARD1372,MERCH0193,2025-03-23 09:06:20,35.4,GBP,Approved,Web,Purchase
TX01583,CUST0863,ACC0863,CARD0984,MERCH0172,2025-01-24 23:39:19,173.01,USD,Approved,POS,Refund
TX01584,CUST0004,ACC0004,CARD1295,MERCH0100,2025-09-27 18:11:39,375.72,USD,Approved,POS,Withdrawal
TX01585,CUST0881,ACC0881,CARD1219,MERCH0171,2025-03-11 02:04:45,63.72,USD,Declined,POS,Purchase
TX01586,CUST0452,ACC0452,CARD1370,MERCH0165,2025-03-30 22:37:19,351.01,GBP,Approved,Web,Purchase
TX01587,CUST0602,ACC0602,CARD1123,MERCH0066,2025-05-21 16:15:28,110.61,GBP,Approved,Web,Purchase
TX01588,CUST0991,ACC0991,CARD0624,MERCH0145,2025-02-01 07:43:19,62.15,EUR,Approved,Web,Refund
TX01589,CUST0182,ACC0182,CARD1409,MERCH0168,2025-12-13 12:52:19,345.24,USD,Approved,POS,Purchase
TX01590,CUST0358,ACC0358,CARD0181,MERCH0166,2025-08-04 02:04:06,9.88,USD,Approved,Web,Purchase
TX01591,CUST0399,ACC0399,CARD0020,MERCH0085,2025-10-12 16:11:00,9.26,EUR,Approved,POS,Refund
TX01592,CUST0980,ACC0980,CARD0692,MERCH0189,2025-01-30 06:52:03,142.38,USD,Approved,POS,Purchase
TX01593,CUST0833,ACC0833,CARD0103,MERCH0137,2025-05-24 02:51:46,244.0,EUR,Approved,Web,Purchase
TX01594,CUST0899,ACC0899,CARD0524,MERCH0189,2025-12-23 05:40:55,213.87,USD,Approved,POS,Purchase
TX01595,CUST0662,ACC0662,CARD0714,MERCH0144,2025-10-08 08:19:34,17.42,USD,Approved,Web,Purchase
TX01596,CUST0768,ACC0768,CARD0853,MERCH0123,2025-08-24 01:05:36,455.12,EUR,Approved,Web,Purchase
TX01597,CUST0441,ACC0441,CARD0823,MERCH0002,2025-05-08 17:46:09,187.14,CAD,Approved,POS,Transfer
TX01598,CUST0702,ACC0702,CARD1465,MERCH0106,2025-07-28 19:02:11,451.72,USD,Declined,Mobile App,Purchase
TX01599,CUST0809,ACC0809,CARD0154,MERCH0108,2025-07-05 09:43:04,64.87,EUR,Approved,Web,Withdrawal
TX01600,CUST0828,ACC0828,CARD1253,MERCH0072,2025-06-21 12:18:11,182.6,USD,Approved,POS,Refund
TX01601,CUST0071,ACC0071,CARD0206,MERCH0171,2025-07-24 06:09:10,299.85,EUR,Approved,Web,Withdrawal
TX01602,CUST0545,ACC0545,CARD0605,MERCH0126,2025-02-15 08:06:18,76.82,CAD,Approved,Web,Withdrawal
TX01603,CUST0436,ACC0436,CARD0992,MERCH0170,2025-01-09 15:46:30,507.26,USD,Approved,Web,Refund
TX01604,CUST0836,ACC0836,CARD0738,MERCH0057,2025-06-10 04:20:48,51.18,USD,Approved,Mobile App,Purchase
TX01605,CUST0604,ACC0604,CARD1049,MERCH0081,2025-12-06 10:11:12,61.88,USD,Approved,ATM,Purchase
TX01606,CUST0251,ACC0251,CARD0147,MERCH0195,2025-04-16 09:36:33,384.48,EUR,Approved,ATM,Refund
TX01607,CUST0130,ACC0130,CARD0407,MERCH0158,2025-12-07 02:43:35,529.29,EUR,Approved,Web,Purchase
TX01608,CUST0630,ACC0630,CARD0492,MERCH0141,2025-07-11 05:55:02,55.36,USD,Approved,Web,Purchase
TX01609,CUST0570,ACC0570,CARD0096,MERCH0019,2025-05-17 23:39:00,27.0,USD,Approved,POS,Purchase
TX01610,CUST0368,ACC0368,CARD1185,MERCH0007,2025-07-07 20:22:36,218.48,CAD,Approved,Mobile App,Withdrawal
TX01611,CUST0380,ACC0380,CARD0962,MERCH0137,2025-05-11 14:38:34,403.17,EUR,Approved,POS,Refund
TX01612,CUST0408,ACC0408,CARD1378,MERCH0054,2025-09-20 06:41:29,142.71,EUR,Approved,Web,Purchase
TX01613,CUST0569,ACC0569,CARD1009,MERCH0104,2025-01-24 09:05:46,155.98,CAD,Approved,POS,Purchase
TX01614,CUST0355,ACC0355,CARD1373,MERCH0086,2025-09-23 14:25:40,220.92,USD,Approved,POS,Purchase
TX01615,CUST0878,ACC0878,CARD0360,MERCH0082,2025-09-26 10:07:56,29.92,CAD,Approved,POS,Withdrawal
TX01616,CUST0482,ACC0482,CARD1110,MERCH0061,2025-06-21 00:29:29,549.42,INR,Approved,POS,Purchase
TX01617,CUST0635,ACC0635,CARD1192,MERCH0087,2025-10-22 13:03:14,72.96,USD,Approved,POS,Purchase
TX01618,CUST0099,ACC0099,CARD0764,MERCH0002,2025-10-02 03:02:45,153.43,EUR,Approved,POS,Purchase
TX01619,CUST0916,ACC0916,CARD0337,MERCH0178,2025-06-07 15:24:59,99.84,EUR,Approved,Web,Withdrawal
TX01620,CUST0199,ACC0199,CARD1398,MERCH0031,2025-05-29 01:43:38,99.72,CAD,Approved,Web,Withdrawal
TX01621,CUST0805,ACC0805,CARD0034,MERCH0033,2025-08-17 20:33:51,186.97,USD,Approved,Web,Purchase
TX01622,CUST0550,ACC0550,CARD0617,MERCH0080,2025-03-03 17:47:37,789.94,GBP,Approved,Web,Withdrawal
TX01623,CUST0155,ACC0155,CARD1021,MERCH0011,2025-10-01 21:21:47,166.41,INR,Approved,Mobile App,Purchase
TX01624,CUST0401,ACC0401,CARD0512,MERCH0161,2025-07-06 03:07:06,242.02,GBP,Declined,Web,Purchase
TX01625,CUST0353,ACC0353,CARD1061,MERCH0128,2025-08-17 14:31:11,9.2,CAD,Approved,POS,Purchase
TX01626,CUST0006,ACC0006,CARD1096,MERCH0135,2025-11-15 10:18:37,254.45,GBP,Approved,POS,Purchase
TX01627,CUST0256,ACC0256,CARD0551,MERCH0128,2025-12-24 16:31:18,58.5,CAD,Approved,POS,Purchase
TX01628,CUST0134,ACC0134,CARD0726,MERCH0031,2025-06-30 21:54:32,25.32,USD,Approved,ATM,Purchase
TX01629,CUST0342,ACC0342,CARD1216,MERCH0176,2025-08-10 04:49:33,23.04,GBP,Approved,POS,Purchase
TX01630,CUST0300,ACC0300,CARD0914,MERCH0126,2025-02-18 15:35:41,175.86,GBP,Approved,Web,Purchase
TX01631,CUST0735,ACC0735,CARD0041,MERCH0047,2025-06-24 18:51:34,910.9,EUR,Approved,POS,Purchase
TX01632,CUST0573,ACC0573,CARD0037,MERCH0181,2025-10-01 01:46:00,169.58,USD,Approved,POS,Purchase
TX01633,CUST0486,ACC0486,CARD1093,MERCH0107,2025-07-28 01:02:23,50.64,EUR,Approved,Mobile App,Purchase
TX01634,CUST0429,ACC0429,CARD1077,MERCH0019,2025-01-07 04:37:32,39.09,USD,Approved,POS,Withdrawal
TX01635,CUST0820,ACC0820,CARD0990,MERCH0081,2025-05-06 19:43:31,116.97,USD,Approved,Web,Purchase
TX01636,CUST0268,ACC0268,CARD1017,MERCH0123,2025-03-31 11:45:48,15.09,USD,Approved,ATM,Withdrawal
TX01637,CUST0886,ACC0886,CARD0061,MERCH0134,2025-06-08 21:23:21,81.46,INR,Pending,POS,Purchase
TX01638,CUST0047,ACC0047,CARD1155,MERCH0107,2025-10-09 21:19:17,169.6,USD,Approved,Web,Transfer
TX01639,CUST0462,ACC0462,CARD0513,MERCH0049,2025-11-28 00:38:55,519.73,GBP,Approved,POS,Purchase
TX01640,CUST0001,ACC0001,CARD1127,MERCH0073,2025-04-01 19:28:32,88.18,USD,Approved,ATM,Purchase
TX01641,CUST0043,ACC0043,CARD0958,MERCH0050,2025-05-05 00:08:20,38.51,EUR,Approved,Mobile App,Withdrawal
TX01642,CUST0847,ACC0847,CARD0166,MERCH0081,2025-05-06 02:14:43,260.04,EUR,Approved,POS,Purchase
TX01643,CUST0920,ACC0920,CARD0008,MERCH0095,2025-04-13 22:34:16,209.5,EUR,Approved,ATM,Purchase
TX01644,CUST0915,ACC0915,CARD0048,MERCH0012,2025-07-06 19:06:52,299.6,GBP,Approved,POS,Refund
TX01645,CUST0831,ACC0831,CARD0075,MERCH0023,2025-01-14 01:50:13,41.26,GBP,Approved,POS,Refund
TX01646,CUST0219,ACC0219,CARD1427,MERCH0054,2025-10-31 11:15:40,82.84,GBP,Approved,Web,Withdrawal
TX01647,CUST0196,ACC0196,CARD1258,MERCH0118,2025-05-24 23:47:46,603.94,EUR,Declined,Web,Purchase
TX01648,CUST0237,ACC0237,CARD0752,MERCH0197,2025-02-22 13:37:37,30.8,GBP,Approved,Web,Withdrawal
TX01649,CUST0407,ACC0407,CARD1116,MERCH0059,2025-01-03 05:42:27,171.96,EUR,Approved,Web,Purchase
TX01650,CUST0497,ACC0497,CARD0432,MERCH0164,2025-09-03 01:36:09,45.61,USD,Approved,Web,Refund
TX01651,CUST0888,ACC0888,CARD1075,MERCH0003,2025-11-04 17:02:20,109.02,CAD,Approved,ATM,Withdrawal
TX01652,CUST0167,ACC0167,CARD1110,MERCH0058,2025-12-18 09:46:02,246.8,CAD,Approved,Mobile App,Purchase
TX01653,CUST0929,ACC0929,CARD0474,MERCH0183,2025-11-21 23:52:04,105.59,USD,Approved,Web,Purchase
TX01654,CUST0307,ACC0307,CARD0801,MERCH0057,2025-06-04 06:08:22,250.58,CAD,Approved,POS,Withdrawal
TX01655,CUST0081,ACC0081,CARD0730,MERCH0145,2025-02-02 21:38:11,88.36,GBP,Declined,Mobile App,Transfer
TX01656,CUST0576,ACC0576,CARD0217,MERCH0167,2025-07-06 13:59:48,1106.46,EUR,Approved,Web,Transfer
TX01657,CUST0900,ACC0900,CARD0346,MERCH0090,2025-03-29 08:39:07,90.86,USD,Approved,ATM,Refund
TX01658,CUST0577,ACC0577,CARD0867,MERCH0196,2025-12-17 06:34:19,29.27,INR,Approved,POS,Purchase
TX01659,CUST0525,ACC0525,CARD0380,MERCH0055,2025-08-28 22:48:16,82.09,GBP,Approved,Web,Purchase
TX01660,CUST0923,ACC0923,CARD0719,MERCH0045,2025-02-22 06:24:48,208.56,USD,Approved,ATM,Withdrawal
TX01661,CUST0068,ACC0068,CARD0509,MERCH0001,2025-04-24 16:39:58,287.52,EUR,Approved,Web,Purchase
TX01662,CUST0744,ACC0744,CARD0752,MERCH0021,2025-01-25 05:34:59,97.46,EUR,Pending,Web,Refund
TX01663,CUST0416,ACC0416,CARD0150,MERCH0021,2025-06-28 10:28:59,140.39,EUR,Declined,ATM,Withdrawal
TX01664,CUST0655,ACC0655,CARD1276,MERCH0052,2025-07-17 04:49:12,284.54,EUR,Approved,Web,Refund
TX01665,CUST0898,ACC0898,CARD0233,MERCH0082,2025-11-21 05:52:28,256.94,EUR,Pending,Web,Purchase
TX01666,CUST0443,ACC0443,CARD0656,MERCH0171,2025-03-26 18:54:00,165.82,EUR,Declined,POS,Purchase
TX01667,CUST0760,ACC0760,CARD1143,MERCH0180,2025-09-10 15:51:54,258.13,CAD,Approved,Web,Purchase
TX01668,CUST0979,ACC0979,CARD0613,MERCH0067,2025-09-21 04:55:48,133.67,INR,Approved,POS,Purchase
TX01669,CUST0856,ACC0856,CARD0797,MERCH0113,2025-03-02 09:21:31,5.7,GBP,Approved,POS,Withdrawal
TX01670,CUST0324,ACC0324,CARD0038,MERCH0044,2025-09-16 16:46:00,11.32,CAD,Approved,Web,Purchase
TX01671,CUST0208,ACC0208,CARD1137,MERCH0160,2025-01-07 16:29:55,590.37,CAD,Approved,POS,Withdrawal
TX01672,CUST0378,ACC0378,CARD1312,MERCH0010,2025-08-19 08:25:40,28.5,USD,Approved,ATM,Purchase
TX01673,CUST0194,ACC0194,CARD0318,MERCH0064,2025-05-05 00:51:26,82.76,CAD,Approved,Web,Transfer
TX01674,CUST0840,ACC0840,CARD0798,MERCH0069,2025-01-13 04:43:33,412.29,USD,Approved,Web,Withdrawal
TX01675,CUST0461,ACC0461,CARD0634,MERCH0068,2025-08-28 09:19:02,37.54,USD,Approved,POS,Refund
TX01676,CUST0658,ACC0658,CARD0876,MERCH0028,2025-12-26 13:37:59,283.48,EUR,Approved,POS,Purchase
TX01677,CUST0261,ACC0261,CARD0151,MERCH0181,2025-11-16 15:42:30,260.78,EUR,Approved,POS,Purchase
TX01678,CUST0063,ACC0063,CARD0092,MERCH0116,2025-01-30 21:22:35,648.88,EUR,Approved,POS,Transfer
TX01679,CUST0783,ACC0783,CARD0476,MERCH0051,2025-04-28 05:21:23,54.63,GBP,Approved,Mobile App,Purchase
TX01680,CUST0184,ACC0184,CARD1307,MERCH0181,2025-07-12 10:37:13,61.82,USD,Approved,Mobile App,Purchase
TX01681,CUST0329,ACC0329,CARD1307,MERCH0004,2025-07-14 06:18:15,354.77,INR,Approved,Mobile App,Refund
TX01682,CUST0067,ACC0067,CARD1452,MERCH0079,2025-08-27 22:34:17,45.0,EUR,Approved,Web,Purchase
TX01683,CUST0819,ACC0819,CARD0389,MERCH0017,2025-09-01 13:31:48,124.08,CAD,Approved,Web,Purchase
TX01684,CUST0537,ACC0537,CARD1277,MERCH0108,2025-04-05 00:16:50,189.31,USD,Approved,Web,Purchase
TX01685,CUST0556,ACC0556,CARD1444,MERCH0195,2025-03-18 05:31:01,52.59,EUR,Approved,POS,Purchase
TX01686,CUST0560,ACC0560,CARD0761,MERCH0074,2025-03-03 02:36:09,423.1,EUR,Approved,Web,Withdrawal
TX01687,CUST0363,ACC0363,CARD1140,MERCH0175,2025-10-01 07:24:31,169.36,EUR,Approved,POS,Purchase
TX01688,CUST0725,ACC0725,CARD1146,MERCH0184,2025-05-17 17:55:12,12.24,USD,Approved,Web,Withdrawal
TX01689,CUST0568,ACC0568,CARD0978,MERCH0023,2025-08-23 21:00:56,26.88,EUR,Declined,POS,Purchase
TX01690,CUST0572,ACC0572,CARD1214,MERCH0018,2025-09-13 12:15:38,36.75,USD,Approved,Web,Transfer
TX01691,CUST0014,ACC0014,CARD1397,MERCH0129,2025-06-22 18:54:49,47.15,EUR,Approved,POS,Purchase
TX01692,CUST0846,ACC0846,CARD0249,MERCH0035,2025-05-10 16:36:29,201.78,INR,Approved,POS,Withdrawal
TX01693,CUST0309,ACC0309,CARD1301,MERCH0064,2025-10-21 13:48:23,18.97,USD,Declined,Web,Refund
TX01694,CUST0286,ACC0286,CARD0054,MERCH0186,2025-12-04 16:10:28,69.75,EUR,Approved,POS,Withdrawal
TX01695,CUST0122,ACC0122,CARD1052,MERCH0059,2025-12-15 00:50:51,368.52,GBP,Approved,POS,Purchase
TX01696,CUST0786,ACC0786,CARD1461,MERCH0001,2025-07-22 08:00:05,127.02,USD,Approved,POS,Purchase
TX01697,CUST0036,ACC0036,CARD0511,MERCH0131,2025-09-16 12:22:37,51.28,USD,Approved,POS,Purchase
TX01698,CUST0515,ACC0515,CARD1040,MERCH0067,2025-03-07 21:45:03,477.18,USD,Approved,Mobile App,Withdrawal
TX01699,CUST0283,ACC0283,CARD1155,MERCH0037,2025-12-17 18:19:54,47.02,USD,Approved,Web,Purchase
TX01700,CUST0594,ACC0594,CARD0718,MERCH0029,2025-12-08 04:27:46,358.24,USD,Approved,Mobile App,Transfer
TX01701,CUST0971,ACC0971,CARD0111,MERCH0089,2025-04-24 21:39:42,199.07,USD,Approved,POS,Refund
TX01702,CUST0949,ACC0949,CARD1216,MERCH0161,2025-06-10 11:56:07,207.36,USD,Approved,POS,Purchase
TX01703,CUST0257,ACC0257,CARD0338,MERCH0100,2025-01-15 19:57:14,222.19,GBP,Declined,Web,Purchase
TX01704,CUST0248,ACC0248,CARD0955,MERCH0189,2025-01-27 13:55:55,110.96,GBP,Approved,POS,Refund
TX01705,CUST0637,ACC0637,CARD1417,MERCH0122,2025-01-12 21:04:02,257.77,GBP,Declined,POS,Purchase
TX01706,CUST0698,ACC0698,CARD0203,MERCH0090,2025-01-30 10:17:58,276.36,EUR,Approved,Web,Purchase
TX01707,CUST0167,ACC0167,CARD1110,MERCH0132,2025-07-13 15:15:18,72.06,USD,Approved,Web,Withdrawal
TX01708,CUST0213,ACC0213,CARD0002,MERCH0014,2025-10-17 02:08:31,81.71,EUR,Approved,POS,Purchase
TX01709,CUST0190,ACC0190,CARD0710,MERCH0161,2025-02-08 17:35:27,334.41,USD,Approved,POS,Refund
TX01710,CUST0137,ACC0137,CARD1486,MERCH0150,2025-07-25 01:06:10,116.58,EUR,Approved,Web,Withdrawal
TX01711,CUST0307,ACC0307,CARD0801,MERCH0176,2025-02-12 10:02:56,307.55,CAD,Approved,POS,Purchase
TX01712,CUST0728,ACC0728,CARD0090,MERCH0131,2025-09-16 22:49:28,152.83,USD,Approved,ATM,Purchase
TX01713,CUST0453,ACC0453,CARD0741,MERCH0085,2025-03-15 01:39:10,140.05,EUR,Approved,ATM,Refund
TX01714,CUST0330,ACC0330,CARD0027,MERCH0151,2025-10-23 14:43:29,9.72,EUR,Approved,Mobile App,Withdrawal
TX01715,CUST0789,ACC0789,CARD0677,MERCH0196,2025-11-19 06:29:58,53.84,GBP,Approved,POS,Purchase
TX01716,CUST0005,ACC0005,CARD1131,MERCH0021,2025-07-09 07:26:01,109.59,USD,Approved,POS,Purchase
TX01717,CUST0112,ACC0112,CARD1087,MERCH0171,2025-10-29 20:08:22,137.76,USD,Approved,ATM,Purchase
TX01718,CUST0618,ACC0618,CARD0634,MERCH0026,2025-11-27 20:02:03,154.31,CAD,Approved,POS,Refund
TX01719,CUST0915,ACC0915,CARD0048,MERCH0041,2025-12-19 19:37:07,193.93,USD,Approved,POS,Purchase
TX01720,CUST0184,ACC0184,CARD1307,MERCH0122,2025-10-09 22:56:37,165.17,EUR,Approved,POS,Purchase
TX01721,CUST0499,ACC0499,CARD0551,MERCH0038,2025-10-05 00:26:01,288.15,CAD,Approved,POS,Refund
TX01722,CUST0941,ACC0941,CARD1027,MERCH0088,2025-03-14 23:54:26,57.53,CAD,Approved,Web,Purchase
TX01723,CUST0573,ACC0573,CARD0037,MERCH0011,2025-06-20 04:28:59,158.9,USD,Approved,ATM,Purchase
TX01724,CUST0833,ACC0833,CARD0103,MERCH0029,2025-01-03 09:09:37,12.88,USD,Pending,Mobile App,Refund
TX01725,CUST0254,ACC0254,CARD0489,MERCH0060,2025-12-04 10:12:14,103.14,USD,Approved,Web,Purchase
TX01726,CUST0567,ACC0567,CARD1123,MERCH0195,2025-12-08 20:39:14,51.8,EUR,Approved,POS,Refund
TX01727,CUST0274,ACC0274,CARD0453,MERCH0193,2025-06-16 18:33:06,76.92,EUR,Approved,Web,Purchase
TX01728,CUST0211,ACC0211,CARD0699,MERCH0061,2025-05-31 18:48:19,70.7,INR,Approved,POS,Purchase
TX01729,CUST0210,ACC0210,CARD1105,MERCH0147,2025-03-29 22:57:53,14.35,EUR,Approved,POS,Purchase
TX01730,CUST0695,ACC0695,CARD0080,MERCH0174,2025-12-26 06:03:52,99.29,EUR,Approved,POS,Refund
TX01731,CUST0741,ACC0741,CARD0929,MERCH0177,2025-11-29 14:04:25,789.02,EUR,Approved,Web,Purchase
TX01732,CUST0214,ACC0214,CARD0642,MERCH0022,2025-07-28 11:37:42,58.27,USD,Declined,POS,Purchase
TX01733,CUST0915,ACC0915,CARD0048,MERCH0078,2025-09-30 11:04:17,204.85,USD,Approved,ATM,Purchase
TX01734,CUST0022,ACC0022,CARD0806,MERCH0113,2025-01-24 05:15:40,124.04,USD,Approved,ATM,Purchase
TX01735,CUST0613,ACC0613,CARD1066,MERCH0185,2025-04-02 01:28:00,64.01,GBP,Approved,POS,Withdrawal
TX01736,CUST0923,ACC0923,CARD0719,MERCH0123,2025-05-29 00:36:04,19.08,EUR,Approved,Web,Purchase
TX01737,CUST0943,ACC0943,CARD0750,MERCH0142,2025-02-22 22:07:04,41.47,USD,Approved,Mobile App,Transfer
TX01738,CUST0751,ACC0751,CARD0709,MERCH0044,2025-09-19 15:18:10,233.39,EUR,Declined,ATM,Transfer
TX01739,CUST0293,ACC0293,CARD0254,MERCH0144,2025-08-22 12:54:14,54.07,USD,Approved,Mobile App,Purchase
TX01740,CUST0489,ACC0489,CARD0094,MERCH0097,2025-02-04 21:35:14,28.38,USD,Approved,POS,Purchase
TX01741,CUST0915,ACC0915,CARD0048,MERCH0077,2025-07-16 22:57:13,65.36,CAD,Approved,POS,Purchase
TX01742,CUST0668,ACC0668,CARD0754,MERCH0140,2025-09-30 19:11:21,136.58,CAD,Approved,POS,Refund
TX01743,CUST0875,ACC0875,CARD0095,MERCH0055,2025-08-11 00:14:23,187.34,USD,Approved,Web,Purchase
TX01744,CUST0581,ACC0581,CARD0596,MERCH0051,2025-10-04 15:07:39,78.5,GBP,Approved,POS,Purchase
TX01745,CUST0436,ACC0436,CARD0992,MERCH0102,2025-09-14 18:23:09,108.42,EUR,Approved,Mobile App,Withdrawal
TX01746,CUST0324,ACC0324,CARD0038,MERCH0167,2025-05-16 02:15:29,96.02,USD,Approved,POS,Refund
TX01747,CUST0906,ACC0906,CARD0249,MERCH0161,2025-11-03 06:25:18,6.36,EUR,Approved,Mobile App,Purchase
TX01748,CUST0309,ACC0309,CARD1301,MERCH0161,2025-10-19 05:50:53,80.53,USD,Approved,POS,Transfer
TX01749,CUST0986,ACC0986,CARD1401,MERCH0029,2025-05-09 10:20:04,137.76,USD,Approved,POS,Purchase
TX01750,CUST0898,ACC0898,CARD0233,MERCH0069,2025-10-25 11:44:00,131.58,USD,Approved,Web,Purchase
TX01751,CUST0232,ACC0232,CARD0294,MERCH0198,2025-07-31 16:58:22,212.8,USD,Pending,POS,Purchase
TX01752,CUST0088,ACC0088,CARD0456,MERCH0159,2025-04-10 04:31:25,171.47,USD,Approved,Mobile App,Withdrawal
TX01753,CUST0488,ACC0488,CARD1009,MERCH0080,2025-09-20 17:06:29,53.61,USD,Approved,Web,Purchase
TX01754,CUST0402,ACC0402,CARD0400,MERCH0031,2025-05-01 15:06:31,49.29,EUR,Approved,Mobile App,Purchase
TX01755,CUST0947,ACC0947,CARD0739,MERCH0112,2025-03-13 00:49:13,98.58,GBP,Approved,ATM,Purchase
TX01756,CUST0882,ACC0882,CARD1219,MERCH0046,2025-10-29 21:22:02,203.06,USD,Approved,Mobile App,Purchase
TX01757,CUST0757,ACC0757,CARD1275,MERCH0097,2025-09-01 19:30:18,19.78,USD,Approved,Web,Purchase
TX01758,CUST0748,ACC0748,CARD0390,MERCH0052,2025-01-06 03:05:54,449.42,USD,Approved,Web,Purchase
TX01759,CUST0604,ACC0604,CARD1049,MERCH0138,2025-04-13 02:30:47,122.51,CAD,Approved,POS,Purchase
TX01760,CUST0459,ACC0459,CARD1013,MERCH0074,2025-04-09 03:58:43,59.88,USD,Declined,Web,Purchase
TX01761,CUST0929,ACC0929,CARD0474,MERCH0041,2025-11-14 16:18:50,182.33,CAD,Approved,ATM,Purchase
TX01762,CUST0687,ACC0687,CARD1141,MERCH0077,2025-03-24 07:18:12,11.86,EUR,Declined,POS,Purchase
TX01763,CUST0241,ACC0241,CARD1148,MERCH0131,2025-06-01 12:31:51,104.36,CAD,Declined,Mobile App,Purchase
TX01764,CUST0258,ACC0258,CARD0872,MERCH0187,2025-07-09 21:01:21,104.82,EUR,Approved,Mobile App,Purchase
TX01765,CUST0379,ACC0379,CARD0854,MERCH0114,2025-01-22 10:58:11,31.51,USD,Declined,ATM,Purchase
TX01766,CUST0289,ACC0289,CARD0587,MERCH0052,2025-07-04 04:41:45,277.46,EUR,Approved,POS,Transfer
TX01767,CUST0194,ACC0194,CARD0318,MERCH0162,2025-03-07 07:17:14,244.04,EUR,Reversed,POS,Purchase
TX01768,CUST0455,ACC0455,CARD0117,MERCH0177,2025-02-07 18:28:58,29.86,EUR,Approved,POS,Purchase
TX01769,CUST0576,ACC0576,CARD0217,MERCH0156,2025-05-03 09:02:53,72.84,EUR,Approved,Mobile App,Withdrawal
TX01770,CUST0822,ACC0822,CARD0401,MERCH0087,2025-06-05 17:52:00,20.88,USD,Approved,POS,Purchase
TX01771,CUST0343,ACC0343,CARD1073,MERCH0109,2025-03-08 22:21:56,288.18,EUR,Approved,POS,Withdrawal
TX01772,CUST0127,ACC0127,CARD1057,MERCH0141,2025-12-28 11:29:13,63.58,CAD,Approved,POS,Purchase
TX01773,CUST0426,ACC0426,CARD0613,MERCH0069,2025-05-20 23:12:17,91.79,INR,Declined,POS,Purchase
TX01774,CUST0431,ACC0431,CARD0005,MERCH0120,2025-02-27 04:44:04,63.71,EUR,Declined,Web,Purchase
TX01775,CUST0738,ACC0738,CARD0959,MERCH0067,2025-05-11 06:28:09,60.67,USD,Approved,Web,Refund
TX01776,CUST0494,ACC0494,CARD0912,MERCH0061,2025-11-16 21:05:52,211.33,USD,Approved,ATM,Purchase
TX01777,CUST0083,ACC0083,CARD0202,MERCH0188,2025-03-13 10:06:08,211.49,GBP,Approved,POS,Refund
TX01778,CUST0025,ACC0025,CARD0956,MERCH0071,2025-11-25 19:40:15,114.41,GBP,Approved,Mobile App,Purchase
TX01779,CUST0172,ACC0172,CARD0646,MERCH0152,2025-03-11 16:57:20,165.77,CAD,Approved,Web,Refund
TX01780,CUST0544,ACC0544,CARD0776,MERCH0191,2025-08-20 16:21:40,112.51,EUR,Approved,POS,Purchase
TX01781,CUST0455,ACC0455,CARD0117,MERCH0189,2025-05-15 12:32:46,9.35,CAD,Approved,Mobile App,Withdrawal
TX01782,CUST0263,ACC0263,CARD1322,MERCH0151,2025-09-03 09:10:50,15.24,GBP,Approved,POS,Withdrawal
TX01783,CUST0527,ACC0527,CARD0691,MERCH0030,2025-01-08 22:06:06,77.61,EUR,Approved,Web,Transfer
TX01784,CUST0463,ACC0463,CARD0802,MERCH0188,2025-07-13 13:21:10,212.79,GBP,Approved,Web,Purchase
TX01785,CUST0283,ACC0283,CARD1155,MERCH0146,2025-02-16 01:58:41,371.67,USD,Approved,Web,Withdrawal
TX01786,CUST0237,ACC0237,CARD0752,MERCH0096,2025-12-08 15:42:41,9.52,EUR,Approved,POS,Withdrawal
TX01787,CUST0954,ACC0954,CARD1297,MERCH0056,2025-01-10 22:45:09,73.84,INR,Approved,Web,Purchase
TX01788,CUST0944,ACC0944,CARD0363,MERCH0053,2025-10-16 00:21:33,43.0,USD,Approved,Mobile App,Transfer
TX01789,CUST0786,ACC0786,CARD1461,MERCH0007,2025-10-29 13:40:12,258.28,GBP,Approved,Web,Purchase
TX01790,CUST0469,ACC0469,CARD0897,MERCH0097,2025-06-13 20:54:36,285.59,USD,Approved,Mobile App,Purchase
TX01791,CUST0672,ACC0672,CARD0456,MERCH0197,2025-09-29 18:07:11,39.68,GBP,Approved,Web,Withdrawal
TX01792,CUST0892,ACC0892,CARD0604,MERCH0113,2025-09-03 10:50:44,191.11,EUR,Approved,POS,Withdrawal
TX01793,CUST0801,ACC0801,CARD1470,MERCH0125,2025-09-01 20:25:09,202.38,CAD,Approved,POS,Purchase
TX01794,CUST0343,ACC0343,CARD1073,MERCH0200,2025-02-07 13:28:23,34.23,GBP,Approved,Web,Withdrawal
TX01795,CUST0767,ACC0767,CARD0177,MERCH0180,2025-02-17 09:14:01,90.29,EUR,Approved,Mobile App,Withdrawal
TX01796,CUST0057,ACC0057,CARD0242,MERCH0132,2025-02-28 18:56:12,150.27,USD,Declined,POS,Purchase
TX01797,CUST0070,ACC0070,CARD0035,MERCH0162,2025-08-06 07:33:10,8.96,GBP,Approved,POS,Purchase
TX01798,CUST0494,ACC0494,CARD0912,MERCH0197,2025-05-09 05:56:23,82.78,EUR,Approved,POS,Transfer
TX01799,CUST0712,ACC0712,CARD0471,MERCH0161,2025-03-26 00:44:34,30.26,EUR,Reversed,Web,Purchase
TX01800,CUST0962,ACC0962,CARD1236,MERCH0121,2025-11-10 06:20:20,122.1,USD,Approved,Web,Purchase
TX01801,CUST0266,ACC0266,CARD0346,MERCH0197,2025-02-18 07:07:46,282.65,CAD,Approved,Web,Purchase
TX01802,CUST0148,ACC0148,CARD1039,MERCH0038,2025-10-02 00:34:36,116.59,EUR,Approved,POS,Transfer
TX01803,CUST0781,ACC0781,CARD0823,MERCH0122,2025-12-09 14:32:22,10.5,CAD,Approved,Web,Withdrawal
TX01804,CUST0330,ACC0330,CARD0027,MERCH0026,2025-06-29 15:20:08,9.52,GBP,Approved,Mobile App,Purchase
TX01805,CUST0280,ACC0280,CARD1123,MERCH0129,2025-05-31 17:06:12,144.52,USD,Approved,POS,Purchase
TX01806,CUST0669,ACC0669,CARD1244,MERCH0004,2025-11-23 06:26:56,64.62,EUR,Approved,POS,Withdrawal
TX01807,CUST0262,ACC0262,CARD1439,MERCH0039,2025-01-22 22:32:16,132.53,CAD,Approved,Web,Purchase
TX01808,CUST0501,ACC0501,CARD1278,MERCH0054,2025-03-18 05:36:11,31.8,GBP,Approved,Mobile App,Refund
TX01809,CUST0008,ACC0008,CARD0122,MERCH0161,2025-01-04 03:58:53,229.99,EUR,Approved,POS,Purchase
TX01810,CUST0501,ACC0501,CARD1278,MERCH0033,2025-11-24 21:05:40,300.69,INR,Approved,ATM,Purchase
TX01811,CUST0956,ACC0956,CARD0086,MERCH0200,2025-05-08 11:31:56,335.04,USD,Approved,POS,Purchase
TX01812,CUST0864,ACC0864,CARD0069,MERCH0020,2025-08-06 04:10:15,59.38,USD,Approved,POS,Purchase
TX01813,CUST0650,ACC0650,CARD1351,MERCH0016,2025-08-25 05:53:56,167.15,GBP,Approved,Web,Purchase
TX01814,CUST0581,ACC0581,CARD0596,MERCH0149,2025-12-26 18:30:40,54.08,USD,Approved,Web,Refund
TX01815,CUST0159,ACC0159,CARD0231,MERCH0173,2025-09-04 12:41:44,220.8,EUR,Approved,POS,Purchase
TX01816,CUST0401,ACC0401,CARD0512,MERCH0127,2025-03-04 07:11:46,24.26,GBP,Approved,Web,Withdrawal
TX01817,CUST0973,ACC0973,CARD0034,MERCH0087,2025-04-26 13:15:28,220.81,EUR,Approved,POS,Purchase
TX01818,CUST0455,ACC0455,CARD0117,MERCH0082,2025-01-31 02:32:25,91.9,USD,Approved,Web,Purchase
TX01819,CUST0410,ACC0410,CARD0727,MERCH0062,2025-01-03 05:03:46,295.22,EUR,Approved,POS,Refund
TX01820,CUST0822,ACC0822,CARD0401,MERCH0031,2025-08-31 06:41:59,206.45,EUR,Approved,Web,Purchase
TX01821,CUST0815,ACC0815,CARD1330,MERCH0042,2025-03-14 15:55:53,75.87,EUR,Approved,Web,Purchase
TX01822,CUST0104,ACC0104,CARD1181,MERCH0012,2025-03-02 17:15:26,355.79,GBP,Approved,Mobile App,Purchase
TX01823,CUST0855,ACC0855,CARD0133,MERCH0065,2025-01-01 14:29:49,54.97,USD,Approved,Web,Transfer
TX01824,CUST0028,ACC0028,CARD0460,MERCH0073,2025-02-07 18:58:05,516.64,GBP,Approved,Web,Refund
TX01825,CUST0670,ACC0670,CARD1082,MERCH0131,2025-03-20 11:55:49,223.64,GBP,Reversed,Web,Purchase
TX01826,CUST0943,ACC0943,CARD0750,MERCH0115,2025-12-04 06:48:32,706.26,GBP,Approved,ATM,Withdrawal
TX01827,CUST0478,ACC0478,CARD1100,MERCH0137,2025-07-09 21:57:11,13.31,EUR,Approved,Mobile App,Purchase
TX01828,CUST0084,ACC0084,CARD0996,MERCH0106,2025-03-08 00:34:24,53.04,USD,Approved,Mobile App,Withdrawal
TX01829,CUST0605,ACC0605,CARD0948,MERCH0179,2025-11-12 19:45:52,207.79,USD,Approved,Web,Refund
TX01830,CUST0594,ACC0594,CARD0718,MERCH0016,2025-10-23 03:02:40,388.14,GBP,Approved,Web,Purchase
TX01831,CUST0854,ACC0854,CARD0081,MERCH0078,2025-12-11 16:22:00,9.38,EUR,Approved,POS,Withdrawal
TX01832,CUST0981,ACC0981,CARD1306,MERCH0125,2025-04-25 19:56:19,5.0,USD,Approved,Mobile App,Purchase
TX01833,CUST0949,ACC0949,CARD1216,MERCH0131,2025-12-11 13:10:52,49.41,EUR,Approved,POS,Withdrawal
TX01834,CUST0672,ACC0672,CARD0456,MERCH0152,2025-05-19 19:34:19,292.37,GBP,Approved,POS,Purchase
TX01835,CUST0752,ACC0752,CARD0450,MERCH0141,2025-11-20 07:45:49,223.61,USD,Approved,Web,Withdrawal
TX01836,CUST0114,ACC0114,CARD0593,MERCH0130,2025-10-21 19:53:32,67.39,INR,Approved,POS,Purchase
TX01837,CUST0466,ACC0466,CARD0560,MERCH0199,2025-01-17 20:25:37,5.3,USD,Approved,ATM,Purchase
TX01838,CUST0529,ACC0529,CARD1292,MERCH0112,2025-10-19 22:46:33,126.35,EUR,Approved,Mobile App,Withdrawal
TX01839,CUST0523,ACC0523,CARD0852,MERCH0127,2025-09-20 03:25:03,45.76,EUR,Declined,Web,Purchase
TX01840,CUST0477,ACC0477,CARD0247,MERCH0021,2025-01-14 14:01:51,210.33,USD,Approved,POS,Purchase
TX01841,CUST0296,ACC0296,CARD0510,MERCH0147,2025-10-08 05:04:40,93.68,CAD,Approved,Web,Purchase
TX01842,CUST0979,ACC0979,CARD0613,MERCH0089,2025-01-04 01:56:07,175.26,EUR,Approved,Web,Purchase
TX01843,CUST0243,ACC0243,CARD1350,MERCH0047,2025-01-06 21:39:12,291.89,USD,Approved,POS,Withdrawal
TX01844,CUST0212,ACC0212,CARD0113,MERCH0150,2025-08-20 16:09:28,120.1,GBP,Declined,ATM,Transfer
TX01845,CUST0469,ACC0469,CARD0897,MERCH0161,2025-07-14 22:46:24,66.41,EUR,Declined,POS,Purchase
TX01846,CUST0922,ACC0922,CARD1277,MERCH0160,2025-11-17 19:30:46,225.15,INR,Approved,Mobile App,Withdrawal
TX01847,CUST0740,ACC0740,CARD1225,MERCH0192,2025-10-04 10:48:12,51.22,EUR,Approved,Mobile App,Withdrawal
TX01848,CUST0924,ACC0924,CARD0303,MERCH0085,2025-06-07 04:19:43,338.18,USD,Approved,ATM,Purchase
TX01849,CUST0636,ACC0636,CARD0170,MERCH0167,2025-10-16 15:20:15,16.12,USD,Approved,Web,Purchase
TX01850,CUST0629,ACC0629,CARD0954,MERCH0128,2025-10-05 01:41:49,275.7,GBP,Reversed,Web,Refund
TX01851,CUST0140,ACC0140,CARD1242,MERCH0072,2025-07-01 16:35:57,19.4,EUR,Approved,ATM,Purchase
TX01852,CUST0693,ACC0693,CARD0815,MERCH0042,2025-01-04 00:20:38,13.67,INR,Approved,Mobile App,Purchase
TX01853,CUST0715,ACC0715,CARD1354,MERCH0009,2025-08-05 08:38:35,72.71,GBP,Approved,Mobile App,Withdrawal
TX01854,CUST0651,ACC0651,CARD0217,MERCH0025,2025-07-28 01:33:40,475.42,CAD,Approved,Mobile App,Withdrawal
TX01855,CUST0652,ACC0652,CARD1325,MERCH0002,2025-03-15 12:17:38,620.53,INR,Approved,Web,Transfer
TX01856,CUST0968,ACC0968,CARD1170,MERCH0019,2025-04-03 21:27:39,38.86,EUR,Approved,POS,Refund
TX01857,CUST0783,ACC0783,CARD0476,MERCH0020,2025-03-06 08:54:06,29.14,USD,Approved,POS,Purchase
TX01858,CUST0053,ACC0053,CARD0388,MERCH0070,2025-11-18 21:27:35,70.3,USD,Approved,Web,Withdrawal
TX01859,CUST0261,ACC0261,CARD0151,MERCH0017,2025-10-05 23:11:21,66.67,USD,Reversed,POS,Refund
TX01860,CUST0307,ACC0307,CARD0801,MERCH0124,2025-08-06 23:08:56,218.81,EUR,Declined,Web,Purchase
TX01861,CUST0480,ACC0480,CARD1459,MERCH0089,2025-04-05 17:33:39,93.05,USD,Approved,Web,Withdrawal
TX01862,CUST0586,ACC0586,CARD1043,MERCH0196,2025-04-17 03:54:31,232.04,USD,Approved,Web,Purchase
TX01863,CUST0774,ACC0774,CARD0689,MERCH0094,2025-01-14 00:35:18,212.17,USD,Approved,POS,Purchase
TX01864,CUST0200,ACC0200,CARD1496,MERCH0084,2025-06-01 17:20:08,134.52,USD,Approved,Web,Withdrawal
TX01865,CUST0089,ACC0089,CARD1486,MERCH0131,2025-03-16 22:34:31,273.92,USD,Approved,ATM,Refund
TX01866,CUST0681,ACC0681,CARD1215,MERCH0087,2025-08-03 08:38:07,37.66,USD,Approved,Mobile App,Purchase
TX01867,CUST0836,ACC0836,CARD0738,MERCH0051,2025-02-20 14:45:21,31.48,EUR,Approved,POS,Purchase
TX01868,CUST0642,ACC0642,CARD0029,MERCH0082,2025-05-23 05:31:14,213.33,USD,Approved,Web,Refund
TX01869,CUST0254,ACC0254,CARD0489,MERCH0154,2025-02-05 23:10:43,47.12,GBP,Approved,Mobile App,Purchase
TX01870,CUST0197,ACC0197,CARD0684,MERCH0184,2025-06-16 06:19:47,5.42,USD,Approved,Web,Withdrawal
TX01871,CUST0783,ACC0783,CARD0476,MERCH0192,2025-07-11 06:01:45,369.49,CAD,Approved,Web,Purchase
TX01872,CUST0179,ACC0179,CARD1255,MERCH0008,2025-09-19 12:24:13,151.3,EUR,Approved,POS,Purchase
TX01873,CUST0345,ACC0345,CARD1196,MERCH0165,2025-04-09 23:56:57,93.3,EUR,Reversed,POS,Purchase
TX01874,CUST0214,ACC0214,CARD0642,MERCH0121,2025-05-02 08:57:32,199.05,EUR,Approved,POS,Purchase
TX01875,CUST0828,ACC0828,CARD1253,MERCH0155,2025-04-27 20:13:19,65.82,USD,Approved,POS,Purchase
TX01876,CUST0106,ACC0106,CARD0065,MERCH0173,2025-08-22 21:45:13,465.78,USD,Approved,Web,Purchase
TX01877,CUST0739,ACC0739,CARD1169,MERCH0004,2025-03-08 05:39:03,15.66,GBP,Approved,Web,Purchase
TX01878,CUST0078,ACC0078,CARD1130,MERCH0086,2025-08-06 22:19:58,158.64,CAD,Approved,Web,Purchase
TX01879,CUST0837,ACC0837,CARD0806,MERCH0128,2025-09-30 14:45:06,230.28,INR,Approved,POS,Purchase
TX01880,CUST0502,ACC0502,CARD0357,MERCH0110,2025-05-27 22:33:47,99.98,EUR,Approved,Web,Refund
TX01881,CUST0584,ACC0584,CARD0397,MERCH0099,2025-12-10 06:57:08,215.96,EUR,Approved,Web,Purchase
TX01882,CUST0311,ACC0311,CARD1416,MERCH0037,2025-06-01 08:37:46,397.41,EUR,Approved,ATM,Purchase
TX01883,CUST0710,ACC0710,CARD1283,MERCH0071,2025-10-31 23:11:10,209.38,EUR,Approved,POS,Purchase
TX01884,CUST0040,ACC0040,CARD0190,MERCH0033,2025-12-20 09:09:19,60.52,GBP,Approved,POS,Purchase
TX01885,CUST0921,ACC0921,CARD0625,MERCH0031,2025-02-10 22:08:31,128.78,USD,Pending,Web,Withdrawal
TX01886,CUST0958,ACC0958,CARD0126,MERCH0183,2025-11-20 19:50:28,368.89,CAD,Approved,Web,Purchase
TX01887,CUST0342,ACC0342,CARD1216,MERCH0125,2025-11-05 00:57:29,94.43,USD,Approved,ATM,Withdrawal
TX01888,CUST0498,ACC0498,CARD0341,MERCH0012,2025-05-16 21:38:49,176.71,EUR,Approved,Web,Purchase
TX01889,CUST0634,ACC0634,CARD1198,MERCH0011,2025-01-07 07:15:41,98.97,INR,Approved,Mobile App,Purchase
TX01890,CUST0022,ACC0022,CARD0806,MERCH0088,2025-05-06 06:38:28,24.4,CAD,Approved,Web,Purchase
TX01891,CUST0785,ACC0785,CARD0771,MERCH0072,2025-03-20 08:58:42,14.06,EUR,Approved,POS,Withdrawal
TX01892,CUST0740,ACC0740,CARD1225,MERCH0032,2025-01-23 03:53:32,461.34,USD,Approved,Mobile App,Purchase
TX01893,CUST0769,ACC0769,CARD1306,MERCH0057,2025-03-15 04:50:12,147.22,USD,Approved,POS,Withdrawal
TX01894,CUST0119,ACC0119,CARD0231,MERCH0166,2025-03-23 01:34:16,21.44,USD,Approved,POS,Purchase
TX01895,CUST0364,ACC0364,CARD0191,MERCH0188,2025-09-21 23:35:58,297.2,GBP,Approved,ATM,Purchase
TX01896,CUST0054,ACC0054,CARD0601,MERCH0086,2025-01-02 14:10:30,115.94,EUR,Approved,POS,Transfer
TX01897,CUST0602,ACC0602,CARD1123,MERCH0019,2025-08-12 00:26:47,226.72,EUR,Approved,POS,Purchase
TX01898,CUST0385,ACC0385,CARD1128,MERCH0116,2025-03-09 13:27:27,25.33,EUR,Approved,POS,Withdrawal
TX01899,CUST0933,ACC0933,CARD1410,MERCH0184,2025-04-04 19:13:21,361.13,EUR,Reversed,Web,Purchase
TX01900,CUST0881,ACC0881,CARD1219,MERCH0014,2025-09-11 22:44:04,138.94,EUR,Approved,POS,Refund
TX01901,CUST0549,ACC0549,CARD0115,MERCH0033,2025-08-09 01:31:02,206.06,CAD,Approved,POS,Refund
TX01902,CUST0616,ACC0616,CARD0398,MERCH0010,2025-04-07 08:49:55,9.78,USD,Declined,Web,Withdrawal
TX01903,CUST0547,ACC0547,CARD1022,MERCH0080,2025-06-24 13:27:45,61.82,GBP,Declined,ATM,Withdrawal
TX01904,CUST0893,ACC0893,CARD0682,MERCH0192,2025-07-01 14:02:08,51.68,USD,Approved,POS,Transfer
TX01905,CUST0314,ACC0314,CARD0401,MERCH0064,2025-04-25 18:18:03,453.15,GBP,Approved,Web,Purchase
TX01906,CUST0416,ACC0416,CARD0150,MERCH0190,2025-01-01 00:29:43,35.75,CAD,Approved,Web,Transfer
TX01907,CUST0323,ACC0323,CARD0750,MERCH0068,2025-08-19 02:20:17,189.16,USD,Declined,POS,Purchase
TX01908,CUST0970,ACC0970,CARD0228,MERCH0092,2025-01-19 08:32:30,11.55,USD,Approved,POS,Purchase
TX01909,CUST0575,ACC0575,CARD0279,MERCH0125,2025-11-29 03:01:12,38.04,USD,Approved,Web,Refund
TX01910,CUST0990,ACC0990,CARD0277,MERCH0171,2025-01-24 13:21:26,67.01,USD,Approved,Web,Withdrawal
TX01911,CUST0997,ACC0997,CARD0823,MERCH0080,2025-07-30 23:11:54,242.35,GBP,Pending,POS,Purchase
TX01912,CUST0428,ACC0428,CARD0264,MERCH0059,2025-04-24 09:38:40,239.08,USD,Approved,POS,Refund
TX01913,CUST0655,ACC0655,CARD1276,MERCH0180,2025-06-09 04:48:58,462.38,USD,Approved,POS,Transfer
TX01914,CUST0849,ACC0849,CARD1359,MERCH0097,2025-08-08 20:34:44,377.92,EUR,Approved,Web,Purchase
TX01915,CUST0547,ACC0547,CARD1022,MERCH0019,2025-06-18 13:43:13,17.75,EUR,Approved,Web,Withdrawal
TX01916,CUST0093,ACC0093,CARD0720,MERCH0149,2025-05-19 07:25:20,270.68,EUR,Approved,Web,Purchase
TX01917,CUST0384,ACC0384,CARD0785,MERCH0022,2025-05-27 03:42:48,95.0,EUR,Approved,Web,Withdrawal
TX01918,CUST0148,ACC0148,CARD1039,MERCH0009,2025-02-11 13:19:29,306.36,GBP,Approved,ATM,Purchase
TX01919,CUST0030,ACC0030,CARD0022,MERCH0009,2025-07-18 02:25:34,19.03,USD,Approved,ATM,Purchase
TX01920,CUST0856,ACC0856,CARD0797,MERCH0027,2025-06-29 03:23:17,264.55,EUR,Approved,Web,Purchase
TX01921,CUST0504,ACC0504,CARD0522,MERCH0017,2025-10-15 15:47:11,31.09,GBP,Approved,Web,Purchase
TX01922,CUST0294,ACC0294,CARD1251,MERCH0172,2025-08-06 20:15:25,65.93,USD,Reversed,POS,Purchase
TX01923,CUST0141,ACC0141,CARD0503,MERCH0045,2025-11-27 22:21:28,9.39,GBP,Approved,POS,Purchase
TX01924,CUST0378,ACC0378,CARD1312,MERCH0008,2025-05-07 04:20:24,24.81,GBP,Approved,Web,Withdrawal
TX01925,CUST0676,ACC0676,CARD1025,MERCH0146,2025-07-19 06:45:15,93.51,GBP,Approved,ATM,Purchase
TX01926,CUST0533,ACC0533,CARD0285,MERCH0125,2025-01-15 10:52:17,260.84,EUR,Approved,POS,Purchase
TX01927,CUST0443,ACC0443,CARD0656,MERCH0123,2025-12-19 13:23:52,227.86,GBP,Approved,Mobile App,Purchase
TX01928,CUST0523,ACC0523,CARD0852,MERCH0033,2025-08-21 21:42:22,45.24,GBP,Approved,ATM,Withdrawal
TX01929,CUST0276,ACC0276,CARD1184,MERCH0001,2025-08-07 04:20:36,29.68,GBP,Approved,Mobile App,Purchase
TX01930,CUST0556,ACC0556,CARD1444,MERCH0006,2025-09-18 02:48:28,78.96,EUR,Approved,Mobile App,Purchase
TX01931,CUST0647,ACC0647,CARD1366,MERCH0041,2025-12-07 05:14:43,327.18,USD,Approved,POS,Purchase
TX01932,CUST0816,ACC0816,CARD0268,MERCH0183,2025-12-02 01:59:20,19.38,USD,Approved,POS,Withdrawal
TX01933,CUST0541,ACC0541,CARD0727,MERCH0005,2025-07-09 03:05:23,122.43,USD,Declined,POS,Purchase
TX01934,CUST0619,ACC0619,CARD1157,MERCH0187,2025-07-17 19:34:56,18.95,USD,Approved,Mobile App,Purchase
TX01935,CUST0102,ACC0102,CARD0493,MERCH0080,2025-10-04 23:16:31,100.29,EUR,Approved,POS,Withdrawal
TX01936,CUST0804,ACC0804,CARD0488,MERCH0018,2025-02-08 08:34:41,25.34,INR,Approved,POS,Purchase
TX01937,CUST0876,ACC0876,CARD1398,MERCH0177,2025-05-01 18:53:02,17.56,INR,Approved,Web,Refund
TX01938,CUST0344,ACC0344,CARD0017,MERCH0082,2025-09-19 08:30:57,36.77,GBP,Approved,Web,Transfer
TX01939,CUST0559,ACC0559,CARD1021,MERCH0065,2025-08-04 13:35:51,49.21,INR,Approved,Web,Purchase
TX01940,CUST0520,ACC0520,CARD0896,MERCH0083,2025-02-18 03:44:00,53.5,INR,Approved,ATM,Withdrawal
TX01941,CUST0887,ACC0887,CARD0634,MERCH0182,2025-11-17 13:48:11,160.46,CAD,Approved,POS,Purchase
TX01942,CUST0186,ACC0186,CARD0628,MERCH0189,2025-12-22 22:18:23,13.48,USD,Approved,Web,Purchase
TX01943,CUST0971,ACC0971,CARD0111,MERCH0136,2025-11-24 05:27:53,17.64,EUR,Approved,Web,Transfer
TX01944,CUST0349,ACC0349,CARD1070,MERCH0131,2025-02-20 15:11:38,36.37,EUR,Approved,POS,Purchase
TX01945,CUST0460,ACC0460,CARD1082,MERCH0025,2025-11-01 07:22:00,313.43,USD,Approved,Web,Purchase
TX01946,CUST0745,ACC0745,CARD0925,MERCH0069,2025-03-15 04:23:04,153.57,GBP,Approved,Web,Refund
TX01947,CUST0056,ACC0056,CARD0014,MERCH0183,2025-07-18 10:34:39,201.61,USD,Approved,Web,Purchase
TX01948,CUST0180,ACC0180,CARD0190,MERCH0168,2025-07-08 05:41:31,74.39,USD,Approved,POS,Purchase
TX01949,CUST0524,ACC0524,CARD0690,MERCH0082,2025-08-27 13:32:00,40.97,USD,Reversed,Mobile App,Purchase
TX01950,CUST0435,ACC0435,CARD0877,MERCH0178,2025-09-27 17:00:17,10.81,EUR,Approved,ATM,Purchase
TX01951,CUST0087,ACC0087,CARD1295,MERCH0117,2025-02-17 07:27:12,105.57,EUR,Approved,POS,Purchase
TX01952,CUST0494,ACC0494,CARD0912,MERCH0095,2025-02-04 03:34:24,133.1,GBP,Approved,Web,Withdrawal
TX01953,CUST0619,ACC0619,CARD1157,MERCH0033,2025-11-11 02:16:17,345.96,USD,Approved,Web,Refund
TX01954,CUST0217,ACC0217,CARD1249,MERCH0111,2025-02-05 15:36:50,325.68,EUR,Declined,POS,Purchase
TX01955,CUST0238,ACC0238,CARD0144,MERCH0146,2025-08-31 03:17:24,87.93,GBP,Declined,Web,Purchase
TX01956,CUST0825,ACC0825,CARD1327,MERCH0125,2025-04-17 09:40:54,87.64,GBP,Approved,POS,Transfer
TX01957,CUST0060,ACC0060,CARD0565,MERCH0185,2025-03-10 21:05:55,31.35,USD,Approved,ATM,Withdrawal
TX01958,CUST0359,ACC0359,CARD0607,MERCH0016,2025-01-12 12:12:30,49.65,USD,Approved,Web,Purchase
TX01959,CUST0172,ACC0172,CARD0646,MERCH0080,2025-07-23 03:33:55,394.87,USD,Approved,ATM,Purchase
TX01960,CUST0193,ACC0193,CARD0649,MERCH0038,2025-05-06 02:50:23,27.8,GBP,Approved,POS,Purchase
TX01961,CUST0078,ACC0078,CARD1130,MERCH0169,2025-10-26 02:51:13,524.62,USD,Approved,POS,Purchase
TX01962,CUST0630,ACC0630,CARD0492,MERCH0135,2025-08-28 06:42:40,110.4,USD,Approved,Web,Purchase
TX01963,CUST0731,ACC0731,CARD1202,MERCH0078,2025-02-18 20:39:45,96.49,USD,Declined,Mobile App,Purchase
TX01964,CUST0215,ACC0215,CARD0220,MERCH0181,2025-05-05 13:36:28,33.79,GBP,Approved,Web,Purchase
TX01965,CUST0937,ACC0937,CARD0699,MERCH0063,2025-04-19 23:11:00,167.5,EUR,Approved,Web,Purchase
TX01966,CUST0613,ACC0613,CARD1066,MERCH0112,2025-01-24 18:45:19,97.39,EUR,Approved,Web,Purchase
TX01967,CUST0095,ACC0095,CARD0879,MERCH0089,2025-11-11 04:03:49,74.46,EUR,Approved,POS,Purchase
TX01968,CUST0837,ACC0837,CARD0806,MERCH0160,2025-01-10 11:13:36,51.08,USD,Approved,Web,Purchase
TX01969,CUST0558,ACC0558,CARD1301,MERCH0038,2025-08-03 12:47:53,15.32,USD,Approved,Web,Transfer
TX01970,CUST0294,ACC0294,CARD1251,MERCH0150,2025-05-06 14:17:46,114.89,USD,Approved,POS,Withdrawal
TX01971,CUST0475,ACC0475,CARD0790,MERCH0144,2025-10-07 11:58:15,61.29,USD,Approved,POS,Withdrawal
TX01972,CUST0596,ACC0596,CARD1408,MERCH0052,2025-04-24 20:07:16,189.58,CAD,Approved,Web,Purchase
TX01973,CUST0591,ACC0591,CARD0076,MERCH0029,2025-09-23 19:15:36,197.84,EUR,Approved,Web,Purchase
TX01974,CUST0983,ACC0983,CARD1467,MERCH0144,2025-08-28 11:55:26,65.54,GBP,Approved,Mobile App,Purchase
TX01975,CUST0554,ACC0554,CARD0413,MERCH0076,2025-08-20 12:26:15,170.9,USD,Approved,POS,Purchase
TX01976,CUST0911,ACC0911,CARD1080,MERCH0145,2025-08-30 08:09:33,49.9,USD,Approved,Web,Refund
TX01977,CUST0866,ACC0866,CARD0053,MERCH0064,2025-08-17 20:10:51,199.84,USD,Approved,Web,Purchase
TX01978,CUST0260,ACC0260,CARD0473,MERCH0091,2025-10-06 21:50:04,7.43,EUR,Approved,Web,Withdrawal
TX01979,CUST0396,ACC0396,CARD0903,MERCH0089,2025-07-28 17:04:15,29.66,USD,Approved,Web,Purchase
TX01980,CUST0579,ACC0579,CARD1297,MERCH0013,2025-10-24 17:20:25,47.16,EUR,Approved,Mobile App,Transfer
TX01981,CUST0657,ACC0657,CARD0445,MERCH0072,2025-08-08 22:41:04,227.38,GBP,Approved,Web,Purchase
TX01982,CUST0158,ACC0158,CARD1431,MERCH0184,2025-09-25 16:16:36,15.3,INR,Approved,Mobile App,Transfer
TX01983,CUST0746,ACC0746,CARD0909,MERCH0005,2025-04-29 09:47:35,36.25,USD,Approved,Web,Purchase
TX01984,CUST0708,ACC0708,CARD1439,MERCH0012,2025-06-27 23:45:23,71.62,USD,Approved,POS,Purchase
TX01985,CUST0589,ACC0589,CARD0445,MERCH0169,2025-02-05 17:18:06,6.38,USD,Approved,POS,Refund
TX01986,CUST0996,ACC0996,CARD0350,MERCH0003,2025-04-18 06:35:29,220.4,GBP,Approved,POS,Purchase
TX01987,CUST0891,ACC0891,CARD1490,MERCH0033,2025-04-06 06:03:38,128.18,USD,Approved,POS,Transfer
TX01988,CUST0020,ACC0020,CARD0344,MERCH0121,2025-01-20 14:53:49,351.41,EUR,Approved,Web,Purchase
TX01989,CUST0203,ACC0203,CARD0442,MERCH0050,2025-04-07 15:23:58,9.73,EUR,Approved,Web,Purchase
TX01990,CUST0282,ACC0282,CARD0208,MERCH0184,2025-03-03 02:37:37,52.49,USD,Declined,Web,Purchase
TX01991,CUST0748,ACC0748,CARD0390,MERCH0137,2025-08-26 09:25:22,202.1,USD,Approved,Web,Purchase
TX01992,CUST0672,ACC0672,CARD0456,MERCH0178,2025-04-03 09:05:50,173.66,USD,Approved,Web,Withdrawal
TX01993,CUST0276,ACC0276,CARD1184,MERCH0029,2025-04-01 10:29:50,46.77,USD,Approved,POS,Purchase
TX01994,CUST0085,ACC0085,CARD0270,MERCH0039,2025-12-08 09:33:41,140.84,USD,Declined,POS,Withdrawal
TX01995,CUST0131,ACC0131,CARD0805,MERCH0091,2025-07-17 22:50:01,241.81,EUR,Approved,Web,Purchase
TX01996,CUST0226,ACC0226,CARD1463,MERCH0100,2025-01-01 08:09:54,10.09,EUR,Declined,POS,Refund
TX01997,CUST0670,ACC0670,CARD1082,MERCH0173,2025-09-20 10:02:51,194.68,USD,Approved,POS,Purchase
TX01998,CUST0379,ACC0379,CARD0854,MERCH0017,2025-07-31 17:05:26,48.57,EUR,Approved,POS,Purchase
TX01999,CUST0539,ACC0539,CARD0754,MERCH0056,2025-06-02 03:39:09,448.05,USD,Approved,POS,Purchase
TX02000,CUST0289,ACC0289,CARD0587,MERCH0046,2025-07-06 03:59:56,120.9,EUR,Reversed,POS,Refund
TX02001,CUST0548,ACC0548,CARD0418,MERCH0067,2025-10-12 13:06:38,10.09,GBP,Approved,Web,Purchase
TX02002,CUST0182,ACC0182,CARD1409,MERCH0197,2025-10-01 08:36:56,82.48,GBP,Approved,POS,Purchase
TX02003,CUST0017,ACC0017,CARD0131,MERCH0142,2025-05-03 08:59:58,513.59,USD,Approved,POS,Purchase
TX02004,CUST0745,ACC0745,CARD0925,MERCH0067,2025-07-01 23:48:15,201.61,EUR,Approved,Mobile App,Refund
TX02005,CUST0771,ACC0771,CARD1241,MERCH0023,2025-07-26 19:41:26,58.6,GBP,Pending,POS,Purchase
TX02006,CUST0194,ACC0194,CARD0318,MERCH0094,2025-01-22 06:56:17,133.44,USD,Approved,Web,Purchase
TX02007,CUST0031,ACC0031,CARD0253,MERCH0189,2025-03-21 00:02:09,142.11,EUR,Approved,POS,Purchase
TX02008,CUST0933,ACC0933,CARD1410,MERCH0151,2025-10-19 12:35:31,8.54,GBP,Approved,ATM,Purchase
TX02009,CUST0935,ACC0935,CARD0666,MERCH0155,2025-11-19 13:28:23,34.55,USD,Approved,Web,Purchase
TX02010,CUST0804,ACC0804,CARD0488,MERCH0054,2025-02-24 10:06:57,125.37,EUR,Approved,POS,Purchase
TX02011,CUST0963,ACC0963,CARD0025,MERCH0138,2025-08-15 14:30:49,82.31,EUR,Approved,POS,Purchase
TX02012,CUST0450,ACC0450,CARD0831,MERCH0077,2025-09-10 02:27:13,36.62,USD,Approved,POS,Withdrawal
TX02013,CUST0724,ACC0724,CARD1032,MERCH0016,2025-08-31 08:11:13,227.2,USD,Approved,Mobile App,Refund
TX02014,CUST0301,ACC0301,CARD0878,MERCH0041,2025-08-14 12:57:27,105.71,USD,Approved,Web,Purchase
TX02015,CUST0974,ACC0974,CARD0623,MERCH0098,2025-02-24 00:21:39,60.65,USD,Declined,POS,Purchase
TX02016,CUST0648,ACC0648,CARD0500,MERCH0183,2025-11-02 18:17:55,31.45,USD,Approved,ATM,Purchase
TX02017,CUST0977,ACC0977,CARD0595,MERCH0128,2025-06-02 15:13:56,146.69,USD,Approved,POS,Transfer
TX02018,CUST0837,ACC0837,CARD0806,MERCH0061,2025-04-21 23:36:11,169.61,USD,Declined,Web,Purchase
TX02019,CUST0227,ACC0227,CARD0203,MERCH0086,2025-07-23 11:41:35,171.12,EUR,Approved,Mobile App,Refund
TX02020,CUST0949,ACC0949,CARD1216,MERCH0118,2025-11-21 18:35:09,42.32,EUR,Approved,Mobile App,Purchase
TX02021,CUST0192,ACC0192,CARD1435,MERCH0100,2025-06-15 16:44:45,140.71,USD,Approved,Web,Purchase
TX02022,CUST0742,ACC0742,CARD0461,MERCH0049,2025-10-07 02:10:37,358.72,USD,Approved,Mobile App,Purchase
TX02023,CUST0764,ACC0764,CARD0146,MERCH0180,2025-09-06 15:24:36,70.35,USD,Approved,ATM,Refund
TX02024,CUST0072,ACC0072,CARD1105,MERCH0002,2025-07-10 08:25:46,40.5,USD,Approved,ATM,Refund
TX02025,CUST0378,ACC0378,CARD1312,MERCH0120,2025-03-19 06:30:12,226.86,USD,Approved,POS,Refund
TX02026,CUST0424,ACC0424,CARD1003,MERCH0178,2025-12-02 08:33:24,34.2,EUR,Approved,POS,Withdrawal
TX02027,CUST0944,ACC0944,CARD0363,MERCH0123,2025-07-02 03:02:14,48.9,USD,Approved,POS,Purchase
TX02028,CUST0495,ACC0495,CARD0218,MERCH0086,2025-01-04 05:40:05,20.91,USD,Approved,Mobile App,Purchase
TX02029,CUST0554,ACC0554,CARD0413,MERCH0171,2025-11-13 19:39:26,51.77,GBP,Approved,POS,Purchase
TX02030,CUST0731,ACC0731,CARD1202,MERCH0077,2025-11-30 06:12:34,84.23,EUR,Approved,POS,Withdrawal
TX02031,CUST0487,ACC0487,CARD1071,MERCH0136,2025-09-08 04:49:48,14.95,EUR,Declined,POS,Purchase
TX02032,CUST0522,ACC0522,CARD1499,MERCH0059,2025-06-21 16:01:33,313.02,GBP,Approved,Web,Withdrawal
TX02033,CUST0334,ACC0334,CARD0284,MERCH0193,2025-06-24 05:50:21,113.13,USD,Approved,Web,Purchase
TX02034,CUST0966,ACC0966,CARD0233,MERCH0012,2025-02-24 14:39:36,138.05,INR,Approved,POS,Withdrawal
TX02035,CUST0453,ACC0453,CARD0741,MERCH0004,2025-06-22 20:00:09,74.61,CAD,Approved,Web,Refund
TX02036,CUST0172,ACC0172,CARD0646,MERCH0117,2025-08-07 21:17:00,171.22,USD,Approved,POS,Withdrawal
TX02037,CUST0590,ACC0590,CARD1257,MERCH0095,2025-08-16 07:59:16,89.79,CAD,Approved,POS,Transfer
TX02038,CUST0477,ACC0477,CARD0247,MERCH0125,2025-06-22 00:48:39,219.89,GBP,Approved,ATM,Purchase
TX02039,CUST0654,ACC0654,CARD1094,MERCH0041,2025-06-22 15:10:06,263.39,CAD,Approved,Web,Purchase
TX02040,CUST0533,ACC0533,CARD0285,MERCH0123,2025-07-31 19:30:27,172.14,EUR,Approved,POS,Refund
TX02041,CUST0646,ACC0646,CARD1389,MERCH0007,2025-06-22 11:08:38,106.4,EUR,Declined,ATM,Purchase
TX02042,CUST0762,ACC0762,CARD0374,MERCH0069,2025-05-13 09:57:09,233.67,USD,Pending,POS,Purchase
TX02043,CUST0486,ACC0486,CARD1093,MERCH0069,2025-10-15 06:11:17,107.27,EUR,Approved,Web,Purchase
TX02044,CUST0319,ACC0319,CARD0955,MERCH0081,2025-12-16 16:34:33,22.73,USD,Approved,Web,Withdrawal
TX02045,CUST0408,ACC0408,CARD1378,MERCH0030,2025-10-20 04:54:36,23.55,USD,Approved,Web,Purchase
TX02046,CUST0837,ACC0837,CARD0806,MERCH0073,2025-12-15 17:58:28,450.17,INR,Approved,Web,Purchase
TX02047,CUST0868,ACC0868,CARD0205,MERCH0006,2025-01-25 22:39:08,41.04,USD,Approved,POS,Refund
TX02048,CUST0302,ACC0302,CARD0338,MERCH0089,2025-08-11 18:46:43,258.86,GBP,Approved,Web,Refund
TX02049,CUST0319,ACC0319,CARD0955,MERCH0147,2025-09-04 07:20:39,47.49,USD,Declined,POS,Purchase
TX02050,CUST0011,ACC0011,CARD0331,MERCH0066,2025-07-20 08:16:50,89.52,USD,Approved,Web,Withdrawal
TX02051,CUST0313,ACC0313,CARD1219,MERCH0010,2025-07-08 17:54:27,164.61,EUR,Approved,Web,Transfer
TX02052,CUST0666,ACC0666,CARD0173,MERCH0144,2025-01-26 12:25:13,30.95,USD,Approved,Web,Purchase
TX02053,CUST0042,ACC0042,CARD0687,MERCH0037,2025-01-11 16:21:46,205.48,INR,Approved,Mobile App,Purchase
TX02054,CUST0973,ACC0973,CARD0034,MERCH0077,2025-12-16 08:16:18,180.64,USD,Approved,POS,Purchase
TX02055,CUST0643,ACC0643,CARD1189,MERCH0077,2025-10-17 23:09:48,122.49,USD,Declined,POS,Transfer
TX02056,CUST0177,ACC0177,CARD1372,MERCH0032,2025-03-28 16:09:36,130.17,USD,Approved,POS,Purchase
TX02057,CUST0029,ACC0029,CARD1338,MERCH0047,2025-06-05 09:10:53,21.77,USD,Approved,ATM,Withdrawal
TX02058,CUST0655,ACC0655,CARD1276,MERCH0110,2025-07-05 03:19:17,90.89,USD,Approved,Mobile App,Withdrawal
TX02059,CUST0787,ACC0787,CARD1047,MERCH0200,2025-05-23 04:57:09,18.58,EUR,Approved,ATM,Purchase
TX02060,CUST0704,ACC0704,CARD0047,MERCH0171,2025-07-25 17:49:01,60.2,EUR,Approved,POS,Purchase
TX02061,CUST0696,ACC0696,CARD0886,MERCH0120,2025-07-04 07:19:12,350.86,USD,Approved,Web,Purchase
TX02062,CUST0120,ACC0120,CARD1018,MERCH0164,2025-01-08 15:38:39,133.19,USD,Approved,Web,Purchase
TX02063,CUST0092,ACC0092,CARD0296,MERCH0154,2025-03-13 20:44:02,208.63,GBP,Approved,Web,Purchase
TX02064,CUST0057,ACC0057,CARD0242,MERCH0010,2025-10-15 11:57:28,132.96,EUR,Approved,Web,Purchase
TX02065,CUST0114,ACC0114,CARD0593,MERCH0159,2025-11-27 20:58:52,37.39,EUR,Approved,POS,Withdrawal
TX02066,CUST0729,ACC0729,CARD0698,MERCH0097,2025-06-04 09:48:39,140.51,EUR,Approved,Web,Purchase
TX02067,CUST0360,ACC0360,CARD1123,MERCH0157,2025-10-02 04:27:05,216.21,GBP,Approved,Mobile App,Purchase
TX02068,CUST0531,ACC0531,CARD1192,MERCH0005,2025-02-22 06:18:26,27.35,GBP,Reversed,POS,Purchase
TX02069,CUST0997,ACC0997,CARD0823,MERCH0077,2025-08-28 08:34:16,259.66,GBP,Approved,ATM,Purchase
TX02070,CUST0455,ACC0455,CARD0117,MERCH0001,2025-09-12 02:32:59,126.58,USD,Approved,Web,Withdrawal
TX02071,CUST0036,ACC0036,CARD0511,MERCH0131,2025-08-12 04:53:07,5.64,USD,Approved,Web,Purchase
TX02072,CUST0500,ACC0500,CARD1313,MERCH0067,2025-07-01 01:06:15,115.03,USD,Approved,Web,Purchase
TX02073,CUST0691,ACC0691,CARD0672,MERCH0199,2025-01-14 21:47:35,80.55,CAD,Approved,Web,Withdrawal
TX02074,CUST0144,ACC0144,CARD0871,MERCH0163,2025-09-26 11:42:34,57.74,USD,Approved,POS,Purchase
TX02075,CUST0288,ACC0288,CARD0628,MERCH0015,2025-03-13 08:00:30,226.27,EUR,Approved,Web,Purchase
TX02076,CUST0445,ACC0445,CARD0370,MERCH0195,2025-06-03 08:30:09,349.64,GBP,Approved,POS,Withdrawal
TX02077,CUST0909,ACC0909,CARD0214,MERCH0093,2025-03-23 12:32:47,220.73,EUR,Approved,ATM,Purchase
TX02078,CUST0710,ACC0710,CARD1283,MERCH0030,2025-02-17 16:09:31,286.37,USD,Declined,POS,Purchase
TX02079,CUST0676,ACC0676,CARD1025,MERCH0103,2025-02-02 01:50:47,364.17,USD,Approved,POS,Purchase
TX02080,CUST0230,ACC0230,CARD0401,MERCH0082,2025-04-25 01:40:15,370.64,USD,Approved,ATM,Purchase
TX02081,CUST0012,ACC0012,CARD1483,MERCH0075,2025-01-03 06:41:07,23.26,USD,Approved,POS,Withdrawal
TX02082,CUST0517,ACC0517,CARD0336,MERCH0171,2025-12-22 00:34:16,96.43,USD,Approved,POS,Transfer
TX02083,CUST0559,ACC0559,CARD1021,MERCH0060,2025-11-03 08:08:48,5.04,GBP,Approved,Mobile App,Refund
TX02084,CUST0695,ACC0695,CARD0080,MERCH0040,2025-04-07 11:52:51,110.92,CAD,Approved,POS,Purchase
TX02085,CUST0903,ACC0903,CARD1102,MERCH0193,2025-05-22 12:55:15,392.04,EUR,Approved,POS,Refund
TX02086,CUST0416,ACC0416,CARD0150,MERCH0157,2025-01-27 19:04:10,38.3,EUR,Approved,POS,Withdrawal
TX02087,CUST0168,ACC0168,CARD0578,MERCH0074,2025-05-11 11:09:11,158.16,EUR,Approved,Mobile App,Purchase
TX02088,CUST0701,ACC0701,CARD1251,MERCH0121,2025-04-04 23:11:03,160.08,USD,Approved,POS,Transfer
TX02089,CUST0117,ACC0117,CARD0289,MERCH0147,2025-03-27 07:49:15,31.22,USD,Approved,Web,Purchase
TX02090,CUST0681,ACC0681,CARD1215,MERCH0003,2025-05-18 05:04:48,45.88,USD,Approved,POS,Purchase
TX02091,CUST0542,ACC0542,CARD0849,MERCH0036,2025-09-03 03:07:31,97.99,GBP,Approved,POS,Purchase
TX02092,CUST0219,ACC0219,CARD1427,MERCH0043,2025-01-21 07:06:14,36.28,INR,Approved,POS,Withdrawal
TX02093,CUST0787,ACC0787,CARD1047,MERCH0143,2025-09-22 10:51:35,136.92,EUR,Approved,ATM,Purchase
TX02094,CUST0843,ACC0843,CARD0435,MERCH0169,2025-08-15 07:54:11,104.4,USD,Approved,Web,Purchase
TX02095,CUST0222,ACC0222,CARD0730,MERCH0115,2025-02-05 09:40:14,114.85,EUR,Approved,POS,Refund
TX02096,CUST0728,ACC0728,CARD0090,MERCH0109,2025-03-14 23:39:01,26.66,EUR,Approved,POS,Purchase
TX02097,CUST0609,ACC0609,CARD1168,MERCH0090,2025-01-01 21:21:08,114.24,EUR,Approved,Web,Purchase
TX02098,CUST0850,ACC0850,CARD1020,MERCH0164,2025-10-20 02:37:25,12.61,GBP,Approved,Web,Refund
TX02099,CUST0344,ACC0344,CARD0017,MERCH0084,2025-07-30 08:16:07,324.97,GBP,Approved,POS,Purchase
TX02100,CUST0726,ACC0726,CARD1372,MERCH0077,2025-12-29 20:18:20,68.07,EUR,Approved,POS,Purchase
TX02101,CUST0041,ACC0041,CARD0958,MERCH0161,2025-03-25 07:45:46,296.04,EUR,Approved,Mobile App,Withdrawal
TX02102,CUST0149,ACC0149,CARD0892,MERCH0005,2025-08-24 00:56:04,186.43,INR,Approved,Web,Purchase
TX02103,CUST0101,ACC0101,CARD0380,MERCH0078,2025-08-10 19:24:14,222.98,GBP,Approved,POS,Refund
TX02104,CUST0013,ACC0013,CARD0088,MERCH0091,2025-10-08 21:23:35,61.65,EUR,Approved,POS,Purchase
TX02105,CUST0824,ACC0824,CARD0767,MERCH0087,2025-08-19 00:40:52,43.77,EUR,Approved,Web,Withdrawal
TX02106,CUST0242,ACC0242,CARD0187,MERCH0014,2025-06-18 09:13:13,83.32,GBP,Declined,POS,Purchase
TX02107,CUST0639,ACC0639,CARD0795,MERCH0104,2025-02-11 07:02:25,8.68,EUR,Approved,POS,Purchase
TX02108,CUST0594,ACC0594,CARD0718,MERCH0196,2025-07-15 23:51:35,381.54,EUR,Approved,Web,Purchase
TX02109,CUST0934,ACC0934,CARD0365,MERCH0083,2025-04-06 16:26:36,78.41,USD,Approved,Web,Purchase
TX02110,CUST0265,ACC0265,CARD0144,MERCH0175,2025-01-14 23:07:00,675.55,GBP,Approved,Web,Purchase
TX02111,CUST0029,ACC0029,CARD1338,MERCH0054,2025-11-16 07:22:01,219.98,EUR,Approved,Web,Purchase
TX02112,CUST0806,ACC0806,CARD1372,MERCH0132,2025-06-09 02:58:51,17.59,EUR,Approved,Mobile App,Transfer
TX02113,CUST0905,ACC0905,CARD0794,MERCH0095,2025-11-09 17:31:34,166.9,CAD,Approved,POS,Purchase
TX02114,CUST0584,ACC0584,CARD0397,MERCH0009,2025-06-10 13:10:11,52.38,CAD,Approved,POS,Purchase
TX02115,CUST0923,ACC0923,CARD0719,MERCH0053,2025-12-17 21:22:25,46.9,GBP,Approved,POS,Purchase
TX02116,CUST0446,ACC0446,CARD0636,MERCH0077,2025-06-12 02:16:12,49.47,USD,Approved,ATM,Purchase
TX02117,CUST0056,ACC0056,CARD0014,MERCH0060,2025-08-11 18:25:13,376.67,EUR,Approved,Web,Purchase
TX02118,CUST0068,ACC0068,CARD0509,MERCH0046,2025-08-27 05:29:23,108.97,USD,Declined,POS,Purchase
TX02119,CUST0690,ACC0690,CARD0685,MERCH0054,2025-02-03 23:53:17,171.06,USD,Approved,POS,Purchase
TX02120,CUST0514,ACC0514,CARD0516,MERCH0074,2025-06-16 18:52:55,54.47,CAD,Approved,Web,Withdrawal
TX02121,CUST0069,ACC0069,CARD0776,MERCH0112,2025-05-05 13:13:14,116.02,CAD,Approved,POS,Withdrawal
TX02122,CUST0916,ACC0916,CARD0337,MERCH0095,2025-05-30 18:45:25,69.64,EUR,Approved,Web,Purchase
TX02123,CUST0917,ACC0917,CARD1050,MERCH0165,2025-07-08 06:50:04,63.1,USD,Approved,ATM,Purchase
TX02124,CUST0990,ACC0990,CARD0277,MERCH0023,2025-12-28 06:08:55,47.55,USD,Approved,POS,Purchase
TX02125,CUST0629,ACC0629,CARD0954,MERCH0027,2025-12-03 10:31:58,83.89,EUR,Approved,POS,Refund
TX02126,CUST0500,ACC0500,CARD1313,MERCH0070,2025-06-30 14:07:29,166.83,USD,Approved,POS,Purchase
TX02127,CUST0359,ACC0359,CARD0607,MERCH0194,2025-05-08 12:09:34,42.66,EUR,Approved,POS,Withdrawal
TX02128,CUST0685,ACC0685,CARD0929,MERCH0109,2025-10-21 02:58:00,509.78,EUR,Approved,Web,Purchase
TX02129,CUST0952,ACC0952,CARD0714,MERCH0189,2025-12-23 15:17:17,24.96,CAD,Approved,POS,Purchase
TX02130,CUST0816,ACC0816,CARD0268,MERCH0077,2025-05-10 16:21:54,103.15,USD,Approved,Web,Refund
TX02131,CUST0453,ACC0453,CARD0741,MERCH0179,2025-07-17 02:52:29,18.33,USD,Approved,Web,Refund
TX02132,CUST0301,ACC0301,CARD0878,MERCH0050,2025-11-24 16:53:40,8.44,CAD,Approved,ATM,Purchase
TX02133,CUST0183,ACC0183,CARD1401,MERCH0124,2025-09-02 09:35:53,388.97,EUR,Approved,Web,Transfer
TX02134,CUST0880,ACC0880,CARD0281,MERCH0019,2025-11-13 04:01:38,254.41,USD,Approved,POS,Withdrawal
TX02135,CUST0206,ACC0206,CARD1410,MERCH0001,2025-02-17 16:36:30,182.7,USD,Approved,POS,Purchase
TX02136,CUST0466,ACC0466,CARD0560,MERCH0040,2025-05-14 00:03:58,305.58,GBP,Approved,Web,Withdrawal
TX02137,CUST0806,ACC0806,CARD1372,MERCH0160,2025-03-09 20:47:54,248.57,GBP,Approved,POS,Refund
TX02138,CUST0563,ACC0563,CARD0457,MERCH0022,2025-01-22 21:04:45,161.29,CAD,Approved,POS,Purchase
TX02139,CUST0914,ACC0914,CARD0831,MERCH0112,2025-09-28 21:26:19,286.93,USD,Reversed,ATM,Refund
TX02140,CUST0012,ACC0012,CARD1483,MERCH0194,2025-10-27 07:51:14,79.34,GBP,Approved,POS,Withdrawal
TX02141,CUST0359,ACC0359,CARD0607,MERCH0040,2025-08-08 11:05:13,125.7,EUR,Declined,POS,Purchase
TX02142,CUST0423,ACC0423,CARD1078,MERCH0038,2025-08-18 12:43:39,229.62,USD,Approved,Mobile App,Withdrawal
TX02143,CUST0324,ACC0324,CARD0038,MERCH0048,2025-09-06 21:37:37,18.29,INR,Approved,POS,Withdrawal
TX02144,CUST0704,ACC0704,CARD0047,MERCH0183,2025-08-16 18:01:50,298.47,EUR,Reversed,POS,Purchase
TX02145,CUST0109,ACC0109,CARD1153,MERCH0075,2025-10-28 13:51:15,30.59,CAD,Approved,POS,Purchase
TX02146,CUST0548,ACC0548,CARD0418,MERCH0183,2025-03-13 20:32:27,304.86,CAD,Approved,Web,Withdrawal
TX02147,CUST0027,ACC0027,CARD1185,MERCH0179,2025-10-02 06:24:15,60.95,USD,Declined,ATM,Transfer
TX02148,CUST0887,ACC0887,CARD0634,MERCH0107,2025-03-16 17:31:21,64.35,EUR,Approved,Web,Purchase
TX02149,CUST0172,ACC0172,CARD0646,MERCH0188,2025-05-16 23:52:00,16.52,EUR,Approved,POS,Purchase
TX02150,CUST0105,ACC0105,CARD0015,MERCH0008,2025-03-15 19:03:45,330.6,GBP,Approved,POS,Purchase
TX02151,CUST0529,ACC0529,CARD1292,MERCH0086,2025-02-12 04:33:53,33.77,EUR,Approved,Web,Purchase
TX02152,CUST0792,ACC0792,CARD0083,MERCH0068,2025-01-03 21:15:19,154.16,GBP,Approved,Web,Purchase
TX02153,CUST0964,ACC0964,CARD1418,MERCH0075,2025-08-07 12:06:18,159.91,USD,Approved,Web,Withdrawal
TX02154,CUST0134,ACC0134,CARD0726,MERCH0200,2025-10-11 19:30:07,54.52,EUR,Approved,Web,Refund
TX02155,CUST0751,ACC0751,CARD0709,MERCH0137,2025-03-11 13:58:37,641.72,USD,Approved,ATM,Purchase
TX02156,CUST0438,ACC0438,CARD1374,MERCH0090,2025-07-21 18:19:10,14.95,USD,Reversed,POS,Transfer
TX02157,CUST0123,ACC0123,CARD0135,MERCH0130,2025-08-09 18:01:13,145.43,GBP,Approved,POS,Transfer
TX02158,CUST0615,ACC0615,CARD0935,MERCH0080,2025-09-03 17:13:22,102.96,USD,Approved,Mobile App,Purchase
TX02159,CUST0617,ACC0617,CARD1247,MERCH0095,2025-10-12 10:39:39,47.25,USD,Approved,POS,Withdrawal
TX02160,CUST0412,ACC0412,CARD0051,MERCH0070,2025-12-12 11:26:03,31.79,USD,Declined,POS,Purchase
TX02161,CUST0413,ACC0413,CARD0575,MERCH0090,2025-01-25 08:47:56,205.39,EUR,Approved,Web,Refund
TX02162,CUST0689,ACC0689,CARD0058,MERCH0059,2025-02-10 23:44:43,377.1,USD,Declined,POS,Purchase
TX02163,CUST0002,ACC0002,CARD1460,MERCH0147,2025-08-28 12:48:30,22.07,GBP,Pending,POS,Purchase
TX02164,CUST0075,ACC0075,CARD1022,MERCH0028,2025-04-27 20:06:09,37.35,EUR,Approved,ATM,Purchase
TX02165,CUST0327,ACC0327,CARD0563,MERCH0072,2025-05-25 06:48:27,648.22,USD,Approved,POS,Purchase
TX02166,CUST0532,ACC0532,CARD1067,MERCH0014,2025-07-21 11:31:35,7.27,EUR,Approved,Web,Purchase
TX02167,CUST0640,ACC0640,CARD0634,MERCH0024,2025-12-21 16:54:46,111.47,USD,Approved,POS,Purchase
TX02168,CUST0548,ACC0548,CARD0418,MERCH0112,2025-04-15 04:29:06,113.89,EUR,Approved,Mobile App,Purchase
TX02169,CUST0738,ACC0738,CARD0959,MERCH0044,2025-11-18 15:14:03,50.81,USD,Approved,POS,Purchase
TX02170,CUST0302,ACC0302,CARD0338,MERCH0056,2025-01-15 06:33:56,168.16,USD,Approved,Mobile App,Purchase
TX02171,CUST0535,ACC0535,CARD0012,MERCH0120,2025-07-16 14:17:14,439.9,USD,Reversed,POS,Withdrawal
TX02172,CUST0450,ACC0450,CARD0831,MERCH0179,2025-12-10 17:25:26,94.73,USD,Approved,Web,Purchase
TX02173,CUST0586,ACC0586,CARD1043,MERCH0032,2025-01-06 02:48:28,212.6,GBP,Approved,Web,Purchase
TX02174,CUST0065,ACC0065,CARD0956,MERCH0178,2025-10-16 11:49:13,160.8,USD,Approved,POS,Withdrawal
TX02175,CUST0131,ACC0131,CARD0805,MERCH0169,2025-05-25 14:27:57,101.07,USD,Approved,POS,Purchase
TX02176,CUST0290,ACC0290,CARD1444,MERCH0194,2025-02-11 10:37:17,12.66,USD,Approved,Web,Purchase
TX02177,CUST0942,ACC0942,CARD0919,MERCH0025,2025-07-19 16:28:23,208.07,INR,Approved,POS,Purchase
TX02178,CUST0492,ACC0492,CARD0453,MERCH0116,2025-06-23 20:44:53,72.71,GBP,Approved,ATM,Transfer
TX02179,CUST0631,ACC0631,CARD0913,MERCH0189,2025-12-01 16:06:06,43.14,USD,Approved,POS,Transfer
TX02180,CUST0429,ACC0429,CARD1077,MERCH0066,2025-12-19 19:32:03,449.25,USD,Approved,Web,Purchase
TX02181,CUST0792,ACC0792,CARD0083,MERCH0042,2025-06-12 14:18:44,227.75,CAD,Reversed,Mobile App,Purchase
TX02182,CUST0947,ACC0947,CARD0739,MERCH0193,2025-08-16 02:36:00,496.59,USD,Approved,POS,Purchase
TX02183,CUST0594,ACC0594,CARD0718,MERCH0164,2025-11-04 03:35:41,49.4,INR,Approved,POS,Purchase
TX02184,CUST0012,ACC0012,CARD1483,MERCH0076,2025-05-02 04:03:40,275.99,USD,Approved,POS,Purchase
TX02185,CUST0289,ACC0289,CARD0587,MERCH0137,2025-08-14 14:19:19,145.37,USD,Approved,ATM,Transfer
TX02186,CUST0288,ACC0288,CARD0628,MERCH0164,2025-09-14 12:44:12,603.53,EUR,Approved,Web,Purchase
TX02187,CUST0183,ACC0183,CARD1401,MERCH0038,2025-06-14 10:26:36,443.7,EUR,Approved,Web,Withdrawal
TX02188,CUST0580,ACC0580,CARD0062,MERCH0161,2025-03-10 02:30:12,546.61,INR,Approved,POS,Refund
TX02189,CUST0173,ACC0173,CARD0796,MERCH0170,2025-08-12 20:30:51,459.76,GBP,Approved,POS,Purchase
TX02190,CUST0466,ACC0466,CARD0560,MERCH0061,2025-12-10 23:16:34,6.15,EUR,Approved,Web,Refund
TX02191,CUST0425,ACC0425,CARD0444,MERCH0174,2025-01-12 10:16:32,207.69,EUR,Approved,ATM,Refund
TX02192,CUST0398,ACC0398,CARD0685,MERCH0089,2025-05-15 03:02:57,52.6,GBP,Approved,POS,Withdrawal
TX02193,CUST0161,ACC0161,CARD1195,MERCH0189,2025-03-12 13:09:36,188.13,EUR,Approved,Mobile App,Purchase
TX02194,CUST0670,ACC0670,CARD1082,MERCH0018,2025-07-06 02:33:38,596.46,USD,Approved,POS,Withdrawal
TX02195,CUST0122,ACC0122,CARD1052,MERCH0070,2025-10-12 05:41:41,11.02,USD,Approved,Mobile App,Refund
TX02196,CUST0178,ACC0178,CARD1497,MERCH0082,2025-06-15 04:13:30,130.55,USD,Approved,POS,Withdrawal
TX02197,CUST0512,ACC0512,CARD1016,MERCH0116,2025-09-03 17:42:01,204.18,GBP,Approved,Web,Purchase
TX02198,CUST0233,ACC0233,CARD0280,MERCH0080,2025-11-21 11:50:53,48.83,USD,Approved,ATM,Transfer
TX02199,CUST0341,ACC0341,CARD0547,MERCH0015,2025-05-31 11:22:30,43.26,USD,Approved,Web,Refund
TX02200,CUST0889,ACC0889,CARD1427,MERCH0176,2025-08-01 18:18:31,14.34,GBP,Approved,ATM,Purchase
TX02201,CUST0459,ACC0459,CARD1013,MERCH0200,2025-08-06 05:46:22,19.79,USD,Approved,POS,Withdrawal
TX02202,CUST0989,ACC0989,CARD0662,MERCH0013,2025-10-03 08:09:39,165.39,EUR,Approved,ATM,Purchase
TX02203,CUST0574,ACC0574,CARD1393,MERCH0119,2025-01-21 05:33:04,110.54,CAD,Approved,Mobile App,Purchase
TX02204,CUST0807,ACC0807,CARD0095,MERCH0043,2025-02-20 01:49:50,9.58,EUR,Approved,POS,Purchase
TX02205,CUST0951,ACC0951,CARD0028,MERCH0188,2025-09-27 04:12:42,529.3,USD,Approved,Web,Purchase
TX02206,CUST0457,ACC0457,CARD1151,MERCH0057,2025-03-24 03:38:25,165.09,EUR,Approved,ATM,Withdrawal
TX02207,CUST0956,ACC0956,CARD0086,MERCH0199,2025-05-04 10:10:41,113.69,GBP,Approved,POS,Purchase
TX02208,CUST0054,ACC0054,CARD0601,MERCH0017,2025-09-19 03:13:48,52.77,EUR,Approved,Web,Purchase
TX02209,CUST0536,ACC0536,CARD1326,MERCH0178,2025-02-18 18:03:49,165.99,USD,Approved,Web,Purchase
TX02210,CUST0233,ACC0233,CARD0280,MERCH0032,2025-04-27 00:24:36,72.92,USD,Approved,POS,Purchase
TX02211,CUST0840,ACC0840,CARD0798,MERCH0150,2025-09-20 11:20:00,186.85,GBP,Approved,Mobile App,Withdrawal
TX02212,CUST0944,ACC0944,CARD0363,MERCH0055,2025-05-09 03:02:02,177.13,USD,Approved,POS,Purchase
TX02213,CUST0050,ACC0050,CARD0841,MERCH0185,2025-01-27 17:49:58,19.6,GBP,Approved,POS,Purchase
TX02214,CUST0649,ACC0649,CARD0511,MERCH0013,2025-11-10 09:03:20,364.96,EUR,Approved,Web,Refund
TX02215,CUST0916,ACC0916,CARD0337,MERCH0047,2025-04-07 02:16:07,105.11,EUR,Approved,Web,Purchase
TX02216,CUST0584,ACC0584,CARD0397,MERCH0087,2025-01-17 05:52:44,79.87,CAD,Approved,Mobile App,Withdrawal
TX02217,CUST0141,ACC0141,CARD0503,MERCH0062,2025-04-11 08:43:35,471.71,USD,Approved,Web,Purchase
TX02218,CUST0218,ACC0218,CARD0385,MERCH0182,2025-08-03 19:58:15,91.49,USD,Declined,Web,Purchase
TX02219,CUST0052,ACC0052,CARD1298,MERCH0029,2025-01-29 21:03:49,196.6,EUR,Approved,Web,Purchase
TX02220,CUST0840,ACC0840,CARD0798,MERCH0022,2025-10-10 16:23:01,164.69,USD,Approved,Mobile App,Purchase
TX02221,CUST0204,ACC0204,CARD0564,MERCH0065,2025-04-27 00:10:15,32.07,EUR,Approved,ATM,Purchase
TX02222,CUST0470,ACC0470,CARD1296,MERCH0029,2025-02-14 21:38:57,713.98,INR,Approved,Web,Purchase
TX02223,CUST0406,ACC0406,CARD1167,MERCH0048,2025-12-09 11:38:56,98.43,CAD,Approved,Web,Withdrawal
TX02224,CUST0981,ACC0981,CARD1306,MERCH0005,2025-07-08 18:51:15,80.33,EUR,Approved,POS,Purchase
TX02225,CUST0538,ACC0538,CARD0499,MERCH0163,2025-09-18 02:15:09,383.14,CAD,Approved,Mobile App,Purchase
TX02226,CUST0517,ACC0517,CARD0336,MERCH0101,2025-07-26 03:41:57,118.01,USD,Reversed,Mobile App,Transfer
TX02227,CUST0357,ACC0357,CARD0302,MERCH0071,2025-08-12 07:07:02,188.16,EUR,Approved,POS,Purchase
TX02228,CUST0826,ACC0826,CARD0919,MERCH0174,2025-05-25 09:52:19,285.86,EUR,Approved,Web,Refund
TX02229,CUST0866,ACC0866,CARD0053,MERCH0163,2025-10-27 00:43:20,45.28,USD,Approved,Web,Transfer
TX02230,CUST0937,ACC0937,CARD0699,MERCH0173,2025-06-21 08:09:29,32.85,USD,Approved,POS,Purchase
TX02231,CUST0559,ACC0559,CARD1021,MERCH0141,2025-08-02 04:38:09,15.64,CAD,Approved,Web,Refund
TX02232,CUST0610,ACC0610,CARD0569,MERCH0138,2025-02-21 10:41:09,346.15,GBP,Approved,POS,Transfer
TX02233,CUST0157,ACC0157,CARD0485,MERCH0066,2025-07-15 00:15:58,38.54,EUR,Approved,Web,Refund
TX02234,CUST0881,ACC0881,CARD1219,MERCH0198,2025-05-31 16:40:12,60.17,USD,Reversed,POS,Withdrawal
TX02235,CUST0426,ACC0426,CARD0613,MERCH0072,2025-04-28 14:06:22,55.49,USD,Approved,POS,Refund
TX02236,CUST0189,ACC0189,CARD1383,MERCH0025,2025-09-13 16:28:35,59.49,CAD,Approved,POS,Withdrawal
TX02237,CUST0822,ACC0822,CARD0401,MERCH0172,2025-03-08 21:56:43,170.42,EUR,Approved,Web,Transfer
TX02238,CUST0081,ACC0081,CARD0730,MERCH0060,2025-11-19 00:03:25,467.24,EUR,Approved,POS,Withdrawal
TX02239,CUST0229,ACC0229,CARD0123,MERCH0175,2025-10-01 03:27:22,64.95,CAD,Approved,Mobile App,Refund
TX02240,CUST0921,ACC0921,CARD0625,MERCH0040,2025-06-28 01:34:51,83.55,EUR,Approved,POS,Purchase
TX02241,CUST0140,ACC0140,CARD1242,MERCH0007,2025-03-15 05:25:04,226.2,EUR,Approved,Mobile App,Withdrawal
TX02242,CUST0763,ACC0763,CARD1089,MERCH0174,2025-09-28 16:07:31,89.93,USD,Approved,Web,Refund
TX02243,CUST0480,ACC0480,CARD1459,MERCH0151,2025-06-28 21:55:19,395.64,USD,Approved,ATM,Purchase
TX02244,CUST0532,ACC0532,CARD1067,MERCH0046,2025-04-23 11:35:16,109.94,EUR,Approved,POS,Purchase
TX02245,CUST0349,ACC0349,CARD1070,MERCH0086,2025-11-05 06:52:14,69.1,USD,Approved,POS,Purchase
TX02246,CUST0524,ACC0524,CARD0690,MERCH0141,2025-10-01 09:36:11,539.06,EUR,Approved,Web,Refund
TX02247,CUST0802,ACC0802,CARD0449,MERCH0021,2025-10-31 04:16:29,88.21,USD,Approved,Web,Transfer
TX02248,CUST0882,ACC0882,CARD1219,MERCH0001,2025-04-07 23:23:38,44.43,USD,Approved,POS,Purchase
TX02249,CUST0382,ACC0382,CARD0490,MERCH0123,2025-01-07 20:13:15,34.35,EUR,Approved,POS,Refund
TX02250,CUST0616,ACC0616,CARD0398,MERCH0147,2025-04-23 21:41:22,805.29,USD,Approved,Web,Purchase
TX02251,CUST0235,ACC0235,CARD0198,MERCH0125,2025-04-17 20:38:22,214.75,CAD,Approved,POS,Purchase
TX02252,CUST0106,ACC0106,CARD0065,MERCH0188,2025-12-24 01:38:22,83.8,USD,Approved,POS,Withdrawal
TX02253,CUST0399,ACC0399,CARD0020,MERCH0033,2025-07-18 07:30:50,267.62,EUR,Approved,Web,Purchase
TX02254,CUST0520,ACC0520,CARD0896,MERCH0004,2025-12-13 19:11:50,123.72,USD,Approved,Web,Purchase
TX02255,CUST0439,ACC0439,CARD0047,MERCH0003,2025-05-26 21:18:13,62.27,USD,Approved,ATM,Withdrawal
TX02256,CUST0231,ACC0231,CARD0767,MERCH0091,2025-03-02 05:26:15,209.03,USD,Approved,POS,Purchase
TX02257,CUST0528,ACC0528,CARD1451,MERCH0052,2025-03-02 11:10:44,210.5,CAD,Approved,Web,Withdrawal
TX02258,CUST0513,ACC0513,CARD1349,MERCH0028,2025-01-26 04:09:22,109.02,USD,Approved,POS,Purchase
TX02259,CUST0395,ACC0395,CARD0828,MERCH0070,2025-02-09 21:28:52,11.93,GBP,Approved,POS,Refund
TX02260,CUST0895,ACC0895,CARD1429,MERCH0198,2025-01-31 14:51:34,17.02,USD,Approved,Web,Transfer
TX02261,CUST0823,ACC0823,CARD0624,MERCH0183,2025-01-27 23:04:00,238.21,USD,Approved,Mobile App,Withdrawal
TX02262,CUST0867,ACC0867,CARD1474,MERCH0057,2025-06-10 08:20:41,265.15,GBP,Approved,ATM,Purchase
TX02263,CUST0157,ACC0157,CARD0485,MERCH0108,2025-10-27 19:08:26,175.12,EUR,Approved,Mobile App,Refund
TX02264,CUST0891,ACC0891,CARD1490,MERCH0144,2025-10-14 00:31:48,279.02,EUR,Approved,POS,Purchase
TX02265,CUST0905,ACC0905,CARD0794,MERCH0024,2025-07-31 17:56:27,195.67,USD,Approved,POS,Purchase
TX02266,CUST0284,ACC0284,CARD0404,MERCH0197,2025-05-23 15:35:43,345.86,USD,Approved,Mobile App,Purchase
TX02267,CUST0049,ACC0049,CARD0021,MERCH0169,2025-01-04 12:32:33,29.45,EUR,Declined,Web,Refund
TX02268,CUST0122,ACC0122,CARD1052,MERCH0077,2025-08-05 06:15:55,78.59,CAD,Approved,POS,Transfer
TX02269,CUST0957,ACC0957,CARD1498,MERCH0175,2025-07-20 19:09:53,98.57,USD,Approved,Web,Refund
TX02270,CUST0776,ACC0776,CARD0105,MERCH0076,2025-09-30 18:31:26,58.0,CAD,Approved,ATM,Withdrawal
TX02271,CUST0748,ACC0748,CARD0390,MERCH0069,2025-07-21 08:57:44,198.85,USD,Approved,Mobile App,Purchase
TX02272,CUST0053,ACC0053,CARD0388,MERCH0101,2025-10-14 13:12:33,370.31,EUR,Approved,Web,Refund
TX02273,CUST0452,ACC0452,CARD1370,MERCH0159,2025-03-29 02:43:28,84.78,USD,Approved,ATM,Purchase
TX02274,CUST0591,ACC0591,CARD0076,MERCH0092,2025-04-17 10:39:05,430.92,EUR,Approved,Mobile App,Purchase
TX02275,CUST0822,ACC0822,CARD0401,MERCH0092,2025-11-07 16:02:35,114.09,USD,Approved,POS,Purchase
TX02276,CUST0583,ACC0583,CARD1366,MERCH0030,2025-08-18 18:56:47,115.88,USD,Approved,POS,Purchase
TX02277,CUST0669,ACC0669,CARD1244,MERCH0018,2025-08-08 13:15:38,142.53,INR,Approved,Web,Transfer
TX02278,CUST0835,ACC0835,CARD0764,MERCH0044,2025-09-01 23:29:04,51.86,GBP,Approved,POS,Purchase
TX02279,CUST0848,ACC0848,CARD0984,MERCH0155,2025-01-03 12:03:21,77.52,GBP,Declined,Mobile App,Purchase
TX02280,CUST0939,ACC0939,CARD0883,MERCH0099,2025-01-21 05:03:32,125.86,USD,Approved,Mobile App,Withdrawal
TX02281,CUST0654,ACC0654,CARD1094,MERCH0154,2025-01-15 01:54:21,432.05,CAD,Approved,POS,Purchase
TX02282,CUST0757,ACC0757,CARD1275,MERCH0121,2025-07-21 14:15:19,159.37,EUR,Approved,Mobile App,Purchase
TX02283,CUST0625,ACC0625,CARD0751,MERCH0115,2025-05-17 06:46:03,65.77,CAD,Pending,Web,Refund
TX02284,CUST0974,ACC0974,CARD0623,MERCH0060,2025-10-22 10:55:00,6.58,USD,Approved,POS,Purchase
TX02285,CUST0077,ACC0077,CARD0566,MERCH0146,2025-01-25 01:39:03,604.85,USD,Reversed,Mobile App,Withdrawal
TX02286,CUST0392,ACC0392,CARD0921,MERCH0056,2025-08-22 11:50:16,106.88,INR,Approved,Web,Purchase
TX02287,CUST0459,ACC0459,CARD1013,MERCH0031,2025-03-31 07:01:27,423.3,EUR,Approved,Web,Purchase
TX02288,CUST0550,ACC0550,CARD0617,MERCH0101,2025-06-29 15:35:52,124.56,CAD,Approved,POS,Withdrawal
TX02289,CUST0908,ACC0908,CARD1145,MERCH0059,2025-03-17 16:40:40,144.51,USD,Approved,Web,Purchase
TX02290,CUST0235,ACC0235,CARD0198,MERCH0124,2025-05-18 16:50:16,191.67,EUR,Approved,POS,Purchase
TX02291,CUST0335,ACC0335,CARD0879,MERCH0130,2025-11-14 06:38:17,63.06,CAD,Approved,Web,Purchase
TX02292,CUST0327,ACC0327,CARD0563,MERCH0097,2025-08-07 05:35:14,185.09,EUR,Approved,POS,Purchase
TX02293,CUST0142,ACC0142,CARD0767,MERCH0167,2025-04-17 05:52:05,117.23,GBP,Approved,Web,Purchase
TX02294,CUST0779,ACC0779,CARD0385,MERCH0189,2025-08-09 12:27:26,172.43,USD,Approved,POS,Purchase
TX02295,CUST0079,ACC0079,CARD0703,MERCH0107,2025-05-13 10:49:33,276.03,USD,Approved,POS,Purchase
TX02296,CUST0740,ACC0740,CARD1225,MERCH0191,2025-01-23 03:51:09,35.54,USD,Approved,POS,Refund
TX02297,CUST0546,ACC0546,CARD0970,MERCH0018,2025-05-27 17:16:07,147.61,EUR,Approved,Mobile App,Purchase
TX02298,CUST0847,ACC0847,CARD0166,MERCH0145,2025-12-06 03:22:02,13.03,GBP,Approved,POS,Purchase
TX02299,CUST0753,ACC0753,CARD0010,MERCH0167,2025-11-04 03:42:15,21.16,USD,Approved,Web,Withdrawal
TX02300,CUST0114,ACC0114,CARD0593,MERCH0071,2025-05-25 17:39:36,173.4,EUR,Approved,POS,Transfer
TX02301,CUST0780,ACC0780,CARD0405,MERCH0106,2025-06-23 07:50:23,16.04,GBP,Approved,Web,Purchase
TX02302,CUST0437,ACC0437,CARD0884,MERCH0054,2025-04-29 23:13:31,140.71,USD,Approved,Mobile App,Purchase
TX02303,CUST0364,ACC0364,CARD0191,MERCH0094,2025-06-27 21:19:54,42.27,CAD,Approved,POS,Purchase
TX02304,CUST0352,ACC0352,CARD0099,MERCH0076,2025-11-16 21:01:15,59.38,INR,Approved,POS,Purchase
TX02305,CUST0838,ACC0838,CARD1330,MERCH0035,2025-12-08 11:15:03,25.83,USD,Approved,POS,Purchase
TX02306,CUST0382,ACC0382,CARD0490,MERCH0011,2025-02-28 15:36:36,47.89,USD,Declined,Web,Purchase
TX02307,CUST0493,ACC0493,CARD1228,MERCH0061,2025-08-08 22:31:20,263.3,USD,Approved,POS,Purchase
TX02308,CUST0424,ACC0424,CARD1003,MERCH0044,2025-02-16 22:18:51,157.78,GBP,Approved,Web,Purchase
TX02309,CUST0702,ACC0702,CARD1465,MERCH0121,2025-04-12 18:38:35,453.64,USD,Approved,POS,Purchase
TX02310,CUST0449,ACC0449,CARD0120,MERCH0068,2025-01-15 12:09:15,12.5,GBP,Approved,Web,Withdrawal
TX02311,CUST0490,ACC0490,CARD0958,MERCH0025,2025-12-27 19:59:48,240.83,EUR,Approved,Web,Purchase
TX02312,CUST0562,ACC0562,CARD1418,MERCH0176,2025-02-03 16:23:23,185.14,GBP,Declined,POS,Purchase
TX02313,CUST0044,ACC0044,CARD0563,MERCH0160,2025-03-18 15:19:35,50.35,GBP,Approved,Mobile App,Purchase
TX02314,CUST0074,ACC0074,CARD1026,MERCH0084,2025-05-03 14:50:52,200.94,INR,Approved,ATM,Purchase
TX02315,CUST0607,ACC0607,CARD1493,MERCH0114,2025-08-16 12:49:09,194.11,USD,Approved,POS,Transfer
TX02316,CUST0688,ACC0688,CARD0134,MERCH0132,2025-08-18 04:23:59,97.25,USD,Approved,Mobile App,Refund
TX02317,CUST0962,ACC0962,CARD1236,MERCH0166,2025-01-21 00:35:55,180.02,USD,Approved,POS,Purchase
TX02318,CUST0550,ACC0550,CARD0617,MERCH0191,2025-12-30 15:08:32,93.2,EUR,Approved,Web,Purchase
TX02319,CUST0302,ACC0302,CARD0338,MERCH0175,2025-09-08 23:55:50,66.32,EUR,Approved,POS,Withdrawal
TX02320,CUST0415,ACC0415,CARD1149,MERCH0001,2025-03-31 07:16:30,99.24,INR,Approved,Mobile App,Purchase
TX02321,CUST0957,ACC0957,CARD1498,MERCH0131,2025-06-26 13:27:05,343.25,GBP,Approved,POS,Refund
TX02322,CUST0372,ACC0372,CARD0018,MERCH0086,2025-11-04 23:55:17,77.82,USD,Approved,Mobile App,Purchase
TX02323,CUST0013,ACC0013,CARD0088,MERCH0062,2025-12-27 13:36:14,82.55,GBP,Approved,Mobile App,Withdrawal
TX02324,CUST0781,ACC0781,CARD0823,MERCH0064,2025-04-22 13:16:36,145.63,USD,Approved,POS,Purchase
TX02325,CUST0611,ACC0611,CARD1063,MERCH0145,2025-04-14 22:04:15,214.75,USD,Approved,POS,Purchase
TX02326,CUST0935,ACC0935,CARD0666,MERCH0126,2025-10-20 19:27:15,203.99,GBP,Approved,Mobile App,Purchase
TX02327,CUST0044,ACC0044,CARD0563,MERCH0105,2025-10-29 15:38:41,8.0,INR,Approved,POS,Withdrawal
TX02328,CUST0917,ACC0917,CARD1050,MERCH0062,2025-04-29 16:22:53,179.43,USD,Approved,ATM,Withdrawal
TX02329,CUST0887,ACC0887,CARD0634,MERCH0035,2025-07-10 07:06:42,94.83,GBP,Approved,ATM,Refund
TX02330,CUST0596,ACC0596,CARD1408,MERCH0013,2025-04-21 06:02:40,116.38,CAD,Approved,Web,Purchase
TX02331,CUST0762,ACC0762,CARD0374,MERCH0163,2025-12-27 06:41:25,128.72,USD,Approved,Web,Withdrawal
TX02332,CUST0051,ACC0051,CARD0167,MERCH0043,2025-08-08 18:58:39,202.36,USD,Approved,POS,Purchase
TX02333,CUST0087,ACC0087,CARD1295,MERCH0130,2025-03-06 05:19:52,271.97,GBP,Approved,Mobile App,Purchase
TX02334,CUST0859,ACC0859,CARD0184,MERCH0184,2025-09-17 14:15:30,160.88,GBP,Approved,POS,Purchase
TX02335,CUST0016,ACC0016,CARD0872,MERCH0111,2025-04-23 13:52:29,129.49,USD,Approved,POS,Purchase
TX02336,CUST0913,ACC0913,CARD0107,MERCH0128,2025-10-14 10:26:26,75.21,USD,Approved,POS,Transfer
TX02337,CUST0962,ACC0962,CARD1236,MERCH0051,2025-01-20 16:16:58,27.25,EUR,Approved,ATM,Transfer
TX02338,CUST0610,ACC0610,CARD0569,MERCH0182,2025-09-28 06:39:18,482.59,GBP,Declined,POS,Purchase
TX02339,CUST0689,ACC0689,CARD0058,MERCH0144,2025-06-29 10:25:38,97.94,EUR,Approved,Mobile App,Purchase
TX02340,CUST0323,ACC0323,CARD0750,MERCH0146,2025-07-21 06:29:46,130.28,USD,Approved,Web,Transfer
TX02341,CUST0662,ACC0662,CARD0714,MERCH0135,2025-09-03 19:56:18,213.59,GBP,Approved,POS,Refund
TX02342,CUST0843,ACC0843,CARD0435,MERCH0045,2025-02-02 06:53:52,15.63,EUR,Approved,Web,Purchase
TX02343,CUST0616,ACC0616,CARD0398,MERCH0164,2025-02-03 10:48:50,294.66,CAD,Approved,POS,Refund
TX02344,CUST0253,ACC0253,CARD0864,MERCH0169,2025-06-01 01:07:53,244.2,CAD,Declined,POS,Refund
TX02345,CUST0967,ACC0967,CARD0109,MERCH0042,2025-09-17 04:27:15,228.37,GBP,Approved,Mobile App,Purchase
TX02346,CUST0464,ACC0464,CARD1120,MERCH0135,2025-03-18 15:18:17,8.33,INR,Approved,POS,Withdrawal
TX02347,CUST0218,ACC0218,CARD0385,MERCH0015,2025-05-17 16:01:42,117.15,INR,Approved,POS,Purchase
TX02348,CUST0332,ACC0332,CARD1301,MERCH0060,2025-07-27 23:38:27,13.37,EUR,Approved,POS,Withdrawal
TX02349,CUST0610,ACC0610,CARD0569,MERCH0040,2025-07-21 19:43:51,125.07,GBP,Approved,Web,Purchase
TX02350,CUST0906,ACC0906,CARD0249,MERCH0165,2025-09-07 04:06:21,195.12,EUR,Approved,Mobile App,Purchase
TX02351,CUST0989,ACC0989,CARD0662,MERCH0194,2025-10-05 12:32:47,24.49,EUR,Approved,POS,Purchase
TX02352,CUST0227,ACC0227,CARD0203,MERCH0112,2025-11-27 05:32:08,183.06,USD,Approved,POS,Withdrawal
TX02353,CUST0565,ACC0565,CARD0192,MERCH0183,2025-08-22 10:59:59,94.55,USD,Approved,POS,Refund
TX02354,CUST0379,ACC0379,CARD0854,MERCH0077,2025-05-23 19:38:07,255.34,USD,Approved,POS,Purchase
TX02355,CUST0708,ACC0708,CARD1439,MERCH0105,2025-06-30 08:57:39,119.4,USD,Approved,Web,Purchase
TX02356,CUST0476,ACC0476,CARD0861,MERCH0107,2025-10-13 23:58:04,66.45,USD,Approved,POS,Refund
TX02357,CUST0023,ACC0023,CARD0386,MERCH0122,2025-08-24 12:06:00,65.52,CAD,Approved,Mobile App,Purchase
TX02358,CUST0235,ACC0235,CARD0198,MERCH0080,2025-05-01 01:42:05,346.66,EUR,Approved,ATM,Transfer
TX02359,CUST0405,ACC0405,CARD0471,MERCH0125,2025-10-02 01:20:38,95.46,USD,Approved,Mobile App,Withdrawal
TX02360,CUST0936,ACC0936,CARD0526,MERCH0184,2025-10-31 15:57:09,83.07,EUR,Approved,POS,Withdrawal
TX02361,CUST0581,ACC0581,CARD0596,MERCH0172,2025-03-04 11:59:59,11.1,USD,Pending,Web,Purchase
TX02362,CUST0310,ACC0310,CARD0816,MERCH0185,2025-10-20 09:23:42,72.96,GBP,Approved,Mobile App,Purchase
TX02363,CUST0051,ACC0051,CARD0167,MERCH0134,2025-11-26 05:35:13,289.2,USD,Approved,POS,Purchase
TX02364,CUST0417,ACC0417,CARD0314,MERCH0032,2025-04-17 00:44:29,219.69,USD,Approved,Mobile App,Purchase
TX02365,CUST0973,ACC0973,CARD0034,MERCH0108,2025-10-03 22:40:17,42.44,CAD,Approved,Mobile App,Purchase
TX02366,CUST0688,ACC0688,CARD0134,MERCH0114,2025-05-19 01:35:17,84.92,EUR,Approved,POS,Purchase
TX02367,CUST0627,ACC0627,CARD1033,MERCH0146,2025-02-13 17:56:15,37.83,CAD,Approved,Web,Withdrawal
TX02368,CUST0336,ACC0336,CARD0960,MERCH0068,2025-12-09 03:34:33,467.58,EUR,Approved,POS,Refund
TX02369,CUST0813,ACC0813,CARD0118,MERCH0127,2025-05-09 06:31:01,141.74,USD,Approved,POS,Purchase
TX02370,CUST0673,ACC0673,CARD0829,MERCH0135,2025-08-19 23:44:48,215.58,EUR,Approved,Mobile App,Withdrawal
TX02371,CUST0734,ACC0734,CARD0869,MERCH0114,2025-05-17 04:13:18,192.66,USD,Approved,ATM,Transfer
TX02372,CUST0726,ACC0726,CARD1372,MERCH0008,2025-12-21 14:06:39,315.35,USD,Approved,ATM,Purchase
TX02373,CUST0815,ACC0815,CARD1330,MERCH0064,2025-11-04 09:42:41,452.36,USD,Approved,POS,Transfer
TX02374,CUST0345,ACC0345,CARD1196,MERCH0135,2025-02-02 05:45:39,9.95,GBP,Approved,ATM,Purchase
TX02375,CUST0899,ACC0899,CARD0524,MERCH0041,2025-03-28 16:09:46,560.15,GBP,Approved,Mobile App,Purchase
TX02376,CUST0526,ACC0526,CARD0957,MERCH0040,2025-09-22 23:50:23,311.66,USD,Approved,Mobile App,Refund
TX02377,CUST0354,ACC0354,CARD0280,MERCH0003,2025-01-30 14:17:11,77.42,USD,Approved,ATM,Refund
TX02378,CUST0731,ACC0731,CARD1202,MERCH0145,2025-03-17 02:58:06,277.16,CAD,Approved,Web,Purchase
TX02379,CUST0331,ACC0331,CARD0226,MERCH0194,2025-05-09 09:27:42,205.09,USD,Approved,POS,Purchase
TX02380,CUST0938,ACC0938,CARD1336,MERCH0110,2025-03-30 06:57:21,241.34,EUR,Approved,POS,Refund
TX02381,CUST0658,ACC0658,CARD0876,MERCH0114,2025-06-19 02:52:47,42.4,EUR,Approved,POS,Transfer
TX02382,CUST0122,ACC0122,CARD1052,MERCH0112,2025-06-23 20:03:10,161.86,GBP,Approved,Web,Withdrawal
TX02383,CUST0914,ACC0914,CARD0831,MERCH0180,2025-03-08 03:31:33,8.94,USD,Approved,POS,Purchase
TX02384,CUST0647,ACC0647,CARD1366,MERCH0150,2025-01-26 08:16:18,287.81,CAD,Declined,Web,Withdrawal
TX02385,CUST0300,ACC0300,CARD0914,MERCH0004,2025-12-30 07:12:46,457.52,EUR,Approved,POS,Purchase
TX02386,CUST0286,ACC0286,CARD0054,MERCH0134,2025-03-01 12:40:06,167.76,USD,Approved,ATM,Refund
TX02387,CUST0101,ACC0101,CARD0380,MERCH0166,2025-05-03 20:07:48,112.82,USD,Approved,POS,Purchase
TX02388,CUST0675,ACC0675,CARD1385,MERCH0026,2025-10-31 05:03:21,199.05,USD,Approved,Web,Withdrawal
TX02389,CUST0918,ACC0918,CARD0804,MERCH0139,2025-07-10 04:09:59,64.26,USD,Approved,Web,Purchase
TX02390,CUST0377,ACC0377,CARD0626,MERCH0017,2025-08-21 14:21:13,152.68,CAD,Approved,POS,Purchase
TX02391,CUST0959,ACC0959,CARD0812,MERCH0092,2025-05-26 19:25:02,195.4,USD,Approved,Web,Withdrawal
TX02392,CUST0232,ACC0232,CARD0294,MERCH0031,2025-12-01 21:39:54,28.09,CAD,Declined,Web,Purchase
TX02393,CUST0847,ACC0847,CARD0166,MERCH0163,2025-01-28 05:43:35,27.64,EUR,Approved,Web,Transfer
TX02394,CUST0399,ACC0399,CARD0020,MERCH0144,2025-08-29 02:30:47,193.89,USD,Approved,Mobile App,Withdrawal
TX02395,CUST0576,ACC0576,CARD0217,MERCH0107,2025-08-16 01:04:30,89.79,USD,Approved,POS,Purchase
TX02396,CUST0507,ACC0507,CARD1204,MERCH0146,2025-10-30 15:22:09,335.01,EUR,Approved,Mobile App,Withdrawal
TX02397,CUST0468,ACC0468,CARD1261,MERCH0111,2025-01-02 23:05:38,61.08,EUR,Approved,Mobile App,Withdrawal
TX02398,CUST0776,ACC0776,CARD0105,MERCH0101,2025-04-04 06:12:23,11.5,CAD,Reversed,Mobile App,Purchase
TX02399,CUST0947,ACC0947,CARD0739,MERCH0112,2025-11-04 14:07:02,162.42,EUR,Approved,POS,Purchase
TX02400,CUST0598,ACC0598,CARD1391,MERCH0062,2025-07-23 16:32:18,177.92,EUR,Approved,POS,Purchase
TX02401,CUST0042,ACC0042,CARD0687,MERCH0112,2025-12-12 14:53:15,125.98,USD,Approved,Web,Purchase
TX02402,CUST0217,ACC0217,CARD1249,MERCH0155,2025-09-11 22:51:58,177.49,CAD,Approved,POS,Purchase
TX02403,CUST0985,ACC0985,CARD0877,MERCH0163,2025-11-30 21:57:03,116.27,CAD,Pending,POS,Refund
TX02404,CUST0147,ACC0147,CARD0207,MERCH0116,2025-05-05 14:26:02,181.96,USD,Declined,POS,Withdrawal
TX02405,CUST0913,ACC0913,CARD0107,MERCH0173,2025-05-11 21:13:00,11.74,USD,Approved,Web,Purchase
TX02406,CUST0682,ACC0682,CARD1393,MERCH0035,2025-11-06 12:45:57,73.92,GBP,Approved,POS,Withdrawal
TX02407,CUST0399,ACC0399,CARD0020,MERCH0028,2025-08-08 10:45:33,40.51,GBP,Approved,ATM,Withdrawal
TX02408,CUST0894,ACC0894,CARD0534,MERCH0103,2025-11-30 08:15:15,20.69,EUR,Approved,Web,Purchase
TX02409,CUST0657,ACC0657,CARD0445,MERCH0125,2025-07-24 15:48:42,45.0,EUR,Approved,POS,Purchase
TX02410,CUST0998,ACC0998,CARD1161,MERCH0102,2025-12-21 04:53:00,36.85,CAD,Approved,Mobile App,Withdrawal
TX02411,CUST0701,ACC0701,CARD1251,MERCH0137,2025-07-08 00:13:43,547.52,USD,Declined,ATM,Purchase
TX02412,CUST0473,ACC0473,CARD1471,MERCH0143,2025-01-02 01:58:04,55.65,EUR,Approved,POS,Transfer
TX02413,CUST0325,ACC0325,CARD0230,MERCH0021,2025-06-17 02:56:47,44.39,USD,Approved,POS,Purchase
TX02414,CUST0660,ACC0660,CARD0167,MERCH0052,2025-01-24 23:35:30,275.16,USD,Approved,POS,Withdrawal
TX02415,CUST0594,ACC0594,CARD0718,MERCH0163,2025-03-09 03:19:29,86.48,CAD,Approved,Mobile App,Withdrawal
TX02416,CUST0230,ACC0230,CARD0401,MERCH0097,2025-03-25 04:48:53,87.09,EUR,Approved,POS,Purchase
TX02417,CUST0526,ACC0526,CARD0957,MERCH0051,2025-07-26 10:11:08,92.94,GBP,Approved,Mobile App,Purchase
TX02418,CUST0178,ACC0178,CARD1497,MERCH0083,2025-06-19 12:55:26,85.82,EUR,Approved,Web,Withdrawal
TX02419,CUST0638,ACC0638,CARD0946,MERCH0055,2025-04-12 16:30:26,64.3,GBP,Approved,Web,Transfer
TX02420,CUST0944,ACC0944,CARD0363,MERCH0077,2025-11-03 23:22:46,55.6,EUR,Approved,Web,Withdrawal
TX02421,CUST0209,ACC0209,CARD0952,MERCH0127,2025-10-28 21:45:49,325.51,USD,Declined,POS,Transfer
TX02422,CUST0497,ACC0497,CARD0432,MERCH0172,2025-12-15 01:16:41,31.46,CAD,Approved,POS,Purchase
TX02423,CUST0799,ACC0799,CARD0685,MERCH0193,2025-05-11 01:12:13,34.96,USD,Approved,POS,Purchase
TX02424,CUST0956,ACC0956,CARD0086,MERCH0093,2025-10-07 04:57:19,132.2,EUR,Approved,Web,Withdrawal
TX02425,CUST0735,ACC0735,CARD0041,MERCH0088,2025-05-18 11:10:04,68.16,EUR,Approved,Mobile App,Purchase
TX02426,CUST0763,ACC0763,CARD1089,MERCH0080,2025-08-16 07:44:08,87.11,USD,Approved,Mobile App,Purchase
TX02427,CUST0783,ACC0783,CARD0476,MERCH0153,2025-05-22 11:20:54,251.41,USD,Declined,POS,Withdrawal
TX02428,CUST0951,ACC0951,CARD0028,MERCH0092,2025-04-09 14:09:58,355.94,GBP,Approved,POS,Refund
TX02429,CUST0680,ACC0680,CARD0505,MERCH0047,2025-11-15 08:45:58,239.49,USD,Approved,Mobile App,Purchase
TX02430,CUST0746,ACC0746,CARD0909,MERCH0184,2025-12-21 12:06:25,45.17,EUR,Approved,ATM,Purchase
TX02431,CUST0533,ACC0533,CARD0285,MERCH0038,2025-12-01 11:11:04,591.59,EUR,Approved,POS,Transfer
TX02432,CUST0216,ACC0216,CARD0855,MERCH0139,2025-02-16 23:33:36,72.69,USD,Approved,Web,Purchase
TX02433,CUST0542,ACC0542,CARD0849,MERCH0195,2025-08-19 04:21:07,32.78,GBP,Approved,POS,Purchase
TX02434,CUST0572,ACC0572,CARD1214,MERCH0015,2025-05-26 02:46:46,108.82,CAD,Approved,POS,Withdrawal
TX02435,CUST0626,ACC0626,CARD0588,MERCH0001,2025-05-20 12:31:16,198.8,USD,Approved,Web,Purchase
TX02436,CUST0199,ACC0199,CARD1398,MERCH0135,2025-09-11 13:59:53,18.04,EUR,Approved,Mobile App,Purchase
TX02437,CUST0887,ACC0887,CARD0634,MERCH0001,2025-03-13 15:58:25,155.89,USD,Approved,POS,Purchase
TX02438,CUST0604,ACC0604,CARD1049,MERCH0049,2025-05-10 08:41:40,297.87,EUR,Approved,Web,Purchase
TX02439,CUST0296,ACC0296,CARD0510,MERCH0096,2025-08-13 14:03:49,50.53,EUR,Approved,Web,Withdrawal
TX02440,CUST0549,ACC0549,CARD0115,MERCH0157,2025-04-17 15:40:22,182.2,USD,Approved,Web,Purchase
TX02441,CUST0067,ACC0067,CARD1452,MERCH0026,2025-05-21 18:49:42,81.6,USD,Approved,Web,Purchase
TX02442,CUST0815,ACC0815,CARD1330,MERCH0087,2025-06-04 17:36:51,85.2,EUR,Approved,POS,Purchase
TX02443,CUST0220,ACC0220,CARD1154,MERCH0173,2025-09-07 00:14:48,54.45,USD,Approved,POS,Refund
TX02444,CUST0344,ACC0344,CARD0017,MERCH0093,2025-03-28 15:52:15,151.88,USD,Approved,Web,Refund
TX02445,CUST0152,ACC0152,CARD0743,MERCH0102,2025-08-29 11:32:39,72.18,INR,Approved,Web,Transfer
TX02446,CUST0145,ACC0145,CARD0795,MERCH0071,2025-11-20 06:18:19,271.59,USD,Approved,POS,Purchase
TX02447,CUST0990,ACC0990,CARD0277,MERCH0140,2025-12-23 02:45:50,499.14,EUR,Approved,Web,Purchase
TX02448,CUST0927,ACC0927,CARD0726,MERCH0095,2025-10-21 10:55:05,415.21,USD,Declined,Mobile App,Withdrawal
TX02449,CUST0999,ACC0999,CARD0759,MERCH0160,2025-11-06 00:59:29,31.71,CAD,Approved,Web,Purchase
TX02450,CUST0067,ACC0067,CARD1452,MERCH0118,2025-08-07 08:21:25,7.14,USD,Reversed,Web,Withdrawal
TX02451,CUST0645,ACC0645,CARD0339,MERCH0148,2025-09-05 23:17:25,91.56,USD,Approved,Web,Purchase
TX02452,CUST0617,ACC0617,CARD1247,MERCH0119,2025-02-21 10:02:43,200.78,EUR,Approved,POS,Purchase
TX02453,CUST0574,ACC0574,CARD1393,MERCH0051,2025-04-22 15:55:33,573.84,CAD,Approved,Web,Purchase
TX02454,CUST0938,ACC0938,CARD1336,MERCH0081,2025-07-03 02:13:59,234.47,GBP,Declined,POS,Purchase
TX02455,CUST0623,ACC0623,CARD0235,MERCH0036,2025-01-07 09:32:34,135.32,USD,Approved,Web,Withdrawal
TX02456,CUST0827,ACC0827,CARD1231,MERCH0067,2025-11-10 01:03:44,9.01,GBP,Approved,Web,Withdrawal
TX02457,CUST0303,ACC0303,CARD0822,MERCH0129,2025-09-02 00:57:16,266.91,GBP,Approved,POS,Purchase
TX02458,CUST0455,ACC0455,CARD0117,MERCH0114,2025-07-05 00:21:50,34.25,INR,Approved,POS,Refund
TX02459,CUST0528,ACC0528,CARD1451,MERCH0155,2025-04-02 21:56:33,13.58,CAD,Approved,POS,Purchase
TX02460,CUST0103,ACC0103,CARD1065,MERCH0111,2025-04-29 02:28:26,289.93,EUR,Approved,Web,Refund
TX02461,CUST0966,ACC0966,CARD0233,MERCH0168,2025-05-21 05:09:06,130.29,GBP,Approved,POS,Purchase
TX02462,CUST0795,ACC0795,CARD1102,MERCH0142,2025-06-01 09:12:29,25.64,EUR,Approved,POS,Withdrawal
TX02463,CUST0075,ACC0075,CARD1022,MERCH0100,2025-06-06 18:43:01,78.3,EUR,Approved,Web,Refund
TX02464,CUST0231,ACC0231,CARD0767,MERCH0197,2025-05-13 08:17:38,18.41,USD,Declined,POS,Transfer
TX02465,CUST0166,ACC0166,CARD1267,MERCH0109,2025-10-02 16:26:44,157.42,USD,Approved,POS,Purchase
TX02466,CUST0015,ACC0015,CARD1124,MERCH0120,2025-02-13 07:01:33,54.78,USD,Approved,ATM,Purchase
TX02467,CUST0571,ACC0571,CARD0663,MERCH0079,2025-02-07 01:17:09,306.59,INR,Pending,Mobile App,Purchase
TX02468,CUST0191,ACC0191,CARD1480,MERCH0134,2025-03-14 00:29:36,71.43,USD,Approved,POS,Purchase
TX02469,CUST0925,ACC0925,CARD0639,MERCH0161,2025-06-03 08:40:36,107.37,USD,Approved,Web,Withdrawal
TX02470,CUST0012,ACC0012,CARD1483,MERCH0183,2025-08-09 00:22:13,14.84,USD,Approved,Web,Withdrawal
TX02471,CUST0479,ACC0479,CARD0154,MERCH0019,2025-03-27 23:05:20,53.36,EUR,Approved,ATM,Purchase
TX02472,CUST0670,ACC0670,CARD1082,MERCH0127,2025-09-16 15:22:13,174.41,CAD,Approved,Web,Purchase
TX02473,CUST0118,ACC0118,CARD0379,MERCH0029,2025-05-22 14:03:26,204.92,EUR,Approved,Web,Withdrawal
TX02474,CUST0365,ACC0365,CARD0253,MERCH0189,2025-08-23 17:29:18,46.72,USD,Approved,Mobile App,Purchase
TX02475,CUST0956,ACC0956,CARD0086,MERCH0198,2025-06-21 08:34:04,110.12,CAD,Approved,POS,Withdrawal
TX02476,CUST0188,ACC0188,CARD1283,MERCH0024,2025-11-22 00:13:12,260.18,USD,Approved,Web,Purchase
TX02477,CUST0819,ACC0819,CARD0389,MERCH0151,2025-09-29 23:06:27,76.68,INR,Approved,Web,Purchase
TX02478,CUST0410,ACC0410,CARD0727,MERCH0010,2025-01-15 10:52:17,26.54,USD,Approved,ATM,Refund
TX02479,CUST0632,ACC0632,CARD1277,MERCH0182,2025-05-11 20:23:30,89.81,GBP,Declined,ATM,Purchase
TX02480,CUST0724,ACC0724,CARD1032,MERCH0105,2025-10-20 11:00:32,142.68,USD,Pending,POS,Withdrawal
TX02481,CUST0106,ACC0106,CARD0065,MERCH0169,2025-04-23 08:34:45,6.11,CAD,Approved,POS,Purchase
TX02482,CUST0797,ACC0797,CARD0001,MERCH0177,2025-07-10 21:15:44,69.29,USD,Pending,POS,Purchase
TX02483,CUST0645,ACC0645,CARD0339,MERCH0145,2025-11-23 13:21:50,145.26,USD,Approved,POS,Refund
TX02484,CUST0104,ACC0104,CARD1181,MERCH0184,2025-12-25 01:26:11,460.21,CAD,Approved,Web,Withdrawal
TX02485,CUST0637,ACC0637,CARD1417,MERCH0173,2025-06-07 18:01:14,83.78,USD,Approved,Web,Refund
TX02486,CUST0352,ACC0352,CARD0099,MERCH0158,2025-02-24 23:49:32,31.68,GBP,Approved,Web,Refund
TX02487,CUST0432,ACC0432,CARD1127,MERCH0172,2025-12-06 04:08:57,119.61,GBP,Approved,Web,Purchase
TX02488,CUST0912,ACC0912,CARD0350,MERCH0055,2025-01-27 07:08:08,55.48,EUR,Approved,POS,Refund
TX02489,CUST0601,ACC0601,CARD1093,MERCH0147,2025-02-10 20:50:19,41.27,USD,Approved,Web,Purchase
TX02490,CUST0332,ACC0332,CARD1301,MERCH0157,2025-05-18 23:02:29,138.89,CAD,Approved,ATM,Purchase
TX02491,CUST0041,ACC0041,CARD0958,MERCH0002,2025-08-30 12:33:37,376.33,CAD,Approved,Web,Withdrawal
TX02492,CUST0711,ACC0711,CARD0656,MERCH0164,2025-06-29 09:22:26,275.48,EUR,Approved,POS,Purchase
TX02493,CUST0153,ACC0153,CARD1265,MERCH0147,2025-01-06 07:02:38,35.19,USD,Approved,POS,Refund
TX02494,CUST0528,ACC0528,CARD1451,MERCH0135,2025-09-29 07:59:16,222.79,USD,Approved,POS,Purchase
TX02495,CUST0723,ACC0723,CARD0373,MERCH0154,2025-07-19 15:04:41,44.18,USD,Approved,Mobile App,Purchase
TX02496,CUST0026,ACC0026,CARD0277,MERCH0111,2025-05-18 16:08:17,56.52,EUR,Approved,POS,Purchase
TX02497,CUST0366,ACC0366,CARD0981,MERCH0038,2025-07-20 13:07:39,383.96,CAD,Approved,Mobile App,Purchase
TX02498,CUST0221,ACC0221,CARD1077,MERCH0131,2025-10-02 03:10:47,367.95,GBP,Approved,Mobile App,Purchase
TX02499,CUST0389,ACC0389,CARD1063,MERCH0102,2025-07-14 21:01:05,32.7,GBP,Approved,Web,Purchase
TX02500,CUST0698,ACC0698,CARD0203,MERCH0194,2025-05-31 03:51:47,14.95,EUR,Declined,POS,Withdrawal
TX02501,CUST0049,ACC0049,CARD0021,MERCH0095,2025-05-14 10:36:36,57.03,USD,Approved,Web,Refund
TX02502,CUST0644,ACC0644,CARD1446,MERCH0092,2025-12-20 00:43:09,135.76,GBP,Approved,Mobile App,Purchase
TX02503,CUST0847,ACC0847,CARD0166,MERCH0071,2025-01-09 00:50:34,319.2,GBP,Approved,POS,Purchase
TX02504,CUST0343,ACC0343,CARD1073,MERCH0171,2025-06-19 00:53:59,23.98,EUR,Approved,ATM,Purchase
TX02505,CUST0703,ACC0703,CARD1426,MERCH0190,2025-12-10 23:44:48,85.41,USD,Approved,Web,Purchase
TX02506,CUST0558,ACC0558,CARD1301,MERCH0199,2025-05-25 00:58:04,52.57,EUR,Approved,POS,Purchase
TX02507,CUST0696,ACC0696,CARD0886,MERCH0024,2025-08-16 05:03:45,7.26,USD,Approved,Web,Purchase
TX02508,CUST0010,ACC0010,CARD1239,MERCH0167,2025-03-17 16:58:24,237.99,USD,Approved,POS,Withdrawal
TX02509,CUST0540,ACC0540,CARD0035,MERCH0068,2025-07-08 23:35:46,256.73,EUR,Approved,Web,Purchase
TX02510,CUST0303,ACC0303,CARD0822,MERCH0128,2025-10-29 11:05:52,42.51,USD,Approved,Web,Purchase
TX02511,CUST0987,ACC0987,CARD1313,MERCH0093,2025-03-07 01:29:40,29.6,CAD,Approved,POS,Refund
TX02512,CUST0405,ACC0405,CARD0471,MERCH0044,2025-05-03 23:57:26,28.42,USD,Approved,POS,Withdrawal
TX02513,CUST0684,ACC0684,CARD0824,MERCH0133,2025-05-05 09:07:59,98.53,EUR,Approved,POS,Purchase
TX02514,CUST0146,ACC0146,CARD0393,MERCH0055,2025-09-29 13:49:04,47.45,GBP,Approved,Web,Withdrawal
TX02515,CUST0363,ACC0363,CARD1140,MERCH0158,2025-09-03 08:46:18,112.42,EUR,Approved,POS,Purchase
TX02516,CUST0106,ACC0106,CARD0065,MERCH0029,2025-11-24 19:51:59,77.88,GBP,Declined,Web,Withdrawal
TX02517,CUST0128,ACC0128,CARD1072,MERCH0154,2025-08-23 21:04:17,40.53,GBP,Approved,POS,Transfer
TX02518,CUST0398,ACC0398,CARD0685,MERCH0154,2025-10-21 10:06:06,213.66,CAD,Reversed,POS,Purchase
TX02519,CUST0277,ACC0277,CARD1015,MERCH0037,2025-08-08 11:38:31,29.44,USD,Approved,POS,Withdrawal
TX02520,CUST0401,ACC0401,CARD0512,MERCH0115,2025-09-22 06:19:51,245.59,USD,Declined,POS,Transfer
TX02521,CUST0883,ACC0883,CARD0667,MERCH0181,2025-04-20 09:56:19,128.64,EUR,Approved,POS,Withdrawal
TX02522,CUST0248,ACC0248,CARD0955,MERCH0158,2025-01-31 22:06:58,272.6,GBP,Declined,Mobile App,Refund
TX02523,CUST0806,ACC0806,CARD1372,MERCH0003,2025-04-09 19:43:14,5.72,EUR,Approved,Web,Purchase
TX02524,CUST0902,ACC0902,CARD0546,MERCH0122,2025-10-26 06:11:40,212.46,USD,Approved,ATM,Transfer
TX02525,CUST0353,ACC0353,CARD1061,MERCH0043,2025-09-23 18:57:15,12.93,USD,Approved,POS,Refund
TX02526,CUST0770,ACC0770,CARD0063,MERCH0007,2025-10-29 11:11:25,454.66,USD,Approved,Mobile App,Purchase
TX02527,CUST0297,ACC0297,CARD1497,MERCH0125,2025-08-04 13:31:11,186.97,GBP,Approved,Web,Purchase
TX02528,CUST0677,ACC0677,CARD0387,MERCH0049,2025-10-30 03:48:18,62.89,USD,Approved,Web,Transfer
TX02529,CUST0058,ACC0058,CARD0777,MERCH0121,2025-10-06 20:04:25,62.82,USD,Pending,POS,Transfer
TX02530,CUST0794,ACC0794,CARD1109,MERCH0073,2025-11-02 03:06:11,301.52,USD,Approved,POS,Purchase
TX02531,CUST0117,ACC0117,CARD0289,MERCH0041,2025-05-04 16:51:24,354.71,GBP,Approved,Mobile App,Purchase
TX02532,CUST0028,ACC0028,CARD0460,MERCH0106,2025-10-12 09:38:45,338.25,CAD,Approved,Web,Refund
TX02533,CUST0817,ACC0817,CARD1078,MERCH0077,2025-05-01 01:14:01,253.12,EUR,Approved,Web,Purchase
TX02534,CUST0992,ACC0992,CARD0516,MERCH0182,2025-07-31 05:22:12,261.42,USD,Approved,POS,Purchase
TX02535,CUST0919,ACC0919,CARD1281,MERCH0127,2025-05-28 11:39:57,132.56,USD,Approved,POS,Refund
TX02536,CUST0664,ACC0664,CARD1150,MERCH0197,2025-05-16 03:46:55,9.3,EUR,Approved,ATM,Purchase
TX02537,CUST0011,ACC0011,CARD0331,MERCH0091,2025-10-07 11:52:18,18.62,EUR,Approved,Web,Transfer
TX02538,CUST0296,ACC0296,CARD0510,MERCH0155,2025-07-12 00:16:21,162.28,EUR,Approved,Mobile App,Withdrawal
TX02539,CUST0762,ACC0762,CARD0374,MERCH0008,2025-08-30 22:41:06,81.92,CAD,Approved,POS,Refund
TX02540,CUST0130,ACC0130,CARD0407,MERCH0032,2025-08-06 19:58:05,130.66,CAD,Approved,Mobile App,Purchase
TX02541,CUST0649,ACC0649,CARD0511,MERCH0064,2025-11-10 02:58:48,44.41,USD,Declined,POS,Refund
TX02542,CUST0114,ACC0114,CARD0593,MERCH0138,2025-11-07 10:03:34,162.22,USD,Approved,POS,Purchase
TX02543,CUST0010,ACC0010,CARD1239,MERCH0013,2025-04-30 16:05:35,46.73,USD,Approved,Web,Purchase
TX02544,CUST0913,ACC0913,CARD0107,MERCH0191,2025-02-11 12:39:48,97.65,EUR,Approved,Web,Purchase
TX02545,CUST0523,ACC0523,CARD0852,MERCH0093,2025-01-10 19:00:08,102.72,EUR,Declined,POS,Purchase
TX02546,CUST0211,ACC0211,CARD0699,MERCH0163,2025-06-02 09:28:23,34.34,GBP,Pending,Web,Purchase
TX02547,CUST0409,ACC0409,CARD0834,MERCH0061,2025-10-21 13:41:04,318.37,USD,Approved,Web,Transfer
TX02548,CUST0682,ACC0682,CARD1393,MERCH0182,2025-07-08 03:43:43,116.93,GBP,Approved,ATM,Withdrawal
TX02549,CUST0435,ACC0435,CARD0877,MERCH0008,2025-06-24 11:53:25,307.37,EUR,Approved,POS,Transfer
TX02550,CUST0793,ACC0793,CARD1169,MERCH0029,2025-10-29 00:33:07,50.68,INR,Approved,POS,Withdrawal
TX02551,CUST0199,ACC0199,CARD1398,MERCH0095,2025-01-04 10:26:37,33.37,EUR,Approved,ATM,Purchase
TX02552,CUST0209,ACC0209,CARD0952,MERCH0041,2025-08-09 21:22:50,7.73,GBP,Approved,Web,Purchase
TX02553,CUST0813,ACC0813,CARD0118,MERCH0158,2025-11-14 22:14:44,19.78,USD,Approved,Web,Purchase
TX02554,CUST0124,ACC0124,CARD0201,MERCH0149,2025-09-10 15:57:47,28.93,GBP,Approved,POS,Purchase
TX02555,CUST0482,ACC0482,CARD1110,MERCH0011,2025-05-08 04:43:27,17.32,USD,Approved,ATM,Purchase
TX02556,CUST0445,ACC0445,CARD0370,MERCH0002,2025-03-26 21:21:04,345.78,EUR,Approved,Mobile App,Withdrawal
TX02557,CUST0133,ACC0133,CARD0684,MERCH0178,2025-11-14 02:37:38,368.61,USD,Approved,Mobile App,Purchase
TX02558,CUST0381,ACC0381,CARD0155,MERCH0169,2025-05-17 21:07:02,420.56,USD,Approved,ATM,Withdrawal
TX02559,CUST0559,ACC0559,CARD1021,MERCH0194,2025-02-14 14:24:17,487.31,USD,Approved,Web,Purchase
TX02560,CUST0142,ACC0142,CARD0767,MERCH0131,2025-06-25 19:37:28,106.54,USD,Approved,POS,Purchase
TX02561,CUST0517,ACC0517,CARD0336,MERCH0080,2025-02-11 10:27:52,118.26,USD,Approved,Web,Purchase
TX02562,CUST0644,ACC0644,CARD1446,MERCH0179,2025-03-30 09:52:25,26.03,INR,Approved,Mobile App,Withdrawal
TX02563,CUST0919,ACC0919,CARD1281,MERCH0196,2025-08-16 20:59:21,27.11,USD,Approved,Mobile App,Purchase
TX02564,CUST0784,ACC0784,CARD0709,MERCH0087,2025-10-18 16:48:02,227.26,GBP,Approved,Web,Purchase
TX02565,CUST0627,ACC0627,CARD1033,MERCH0153,2025-09-08 03:08:24,295.41,USD,Approved,POS,Purchase
TX02566,CUST0457,ACC0457,CARD1151,MERCH0158,2025-04-09 15:43:45,235.37,EUR,Approved,Mobile App,Withdrawal
TX02567,CUST0086,ACC0086,CARD0816,MERCH0106,2025-12-26 12:28:05,274.89,USD,Approved,Web,Withdrawal
TX02568,CUST0387,ACC0387,CARD0246,MERCH0139,2025-03-20 03:29:48,53.56,USD,Approved,POS,Purchase
TX02569,CUST0883,ACC0883,CARD0667,MERCH0017,2025-07-18 05:49:27,99.12,USD,Approved,Web,Purchase
TX02570,CUST0063,ACC0063,CARD0092,MERCH0154,2025-04-16 06:44:16,97.21,EUR,Approved,ATM,Purchase
TX02571,CUST0142,ACC0142,CARD0767,MERCH0023,2025-05-02 22:29:32,808.5,USD,Approved,POS,Purchase
TX02572,CUST0085,ACC0085,CARD0270,MERCH0184,2025-11-08 16:14:39,451.91,CAD,Approved,POS,Refund
TX02573,CUST0243,ACC0243,CARD1350,MERCH0180,2025-12-15 16:43:20,141.88,EUR,Approved,POS,Purchase
TX02574,CUST0862,ACC0862,CARD0785,MERCH0048,2025-06-19 23:05:40,27.27,GBP,Approved,POS,Purchase
TX02575,CUST0312,ACC0312,CARD1159,MERCH0020,2025-04-08 00:41:46,49.88,INR,Approved,POS,Purchase
TX02576,CUST0835,ACC0835,CARD0764,MERCH0002,2025-11-25 05:45:09,72.83,EUR,Approved,Mobile App,Withdrawal
TX02577,CUST0672,ACC0672,CARD0456,MERCH0088,2025-06-17 12:27:20,314.79,CAD,Approved,POS,Refund
TX02578,CUST0419,ACC0419,CARD1366,MERCH0031,2025-09-22 16:49:47,33.06,USD,Approved,Mobile App,Purchase
TX02579,CUST0183,ACC0183,CARD1401,MERCH0155,2025-12-26 12:00:02,42.22,GBP,Approved,POS,Withdrawal
TX02580,CUST0002,ACC0002,CARD1460,MERCH0130,2025-09-26 00:51:30,69.48,USD,Approved,ATM,Purchase
TX02581,CUST0998,ACC0998,CARD1161,MERCH0078,2025-12-20 16:27:11,397.41,EUR,Approved,POS,Transfer
TX02582,CUST0873,ACC0873,CARD1207,MERCH0004,2025-02-18 22:17:07,110.12,EUR,Declined,Web,Purchase
TX02583,CUST0294,ACC0294,CARD1251,MERCH0141,2025-12-04 09:22:21,161.12,CAD,Approved,POS,Purchase
TX02584,CUST0877,ACC0877,CARD0900,MERCH0163,2025-06-07 11:23:45,78.46,CAD,Approved,POS,Withdrawal
TX02585,CUST0109,ACC0109,CARD1153,MERCH0128,2025-12-13 00:09:30,36.33,USD,Approved,POS,Transfer
TX02586,CUST0127,ACC0127,CARD1057,MERCH0200,2025-11-05 18:17:23,42.81,USD,Approved,Web,Refund
TX02587,CUST0497,ACC0497,CARD0432,MERCH0194,2025-12-03 19:14:38,248.43,GBP,Approved,POS,Purchase
TX02588,CUST0815,ACC0815,CARD1330,MERCH0134,2025-09-28 00:12:45,340.92,GBP,Approved,Mobile App,Purchase
TX02589,CUST0624,ACC0624,CARD0658,MERCH0031,2025-09-18 06:43:18,106.91,USD,Approved,POS,Purchase
TX02590,CUST0454,ACC0454,CARD1498,MERCH0138,2025-10-01 20:21:11,71.24,EUR,Approved,POS,Withdrawal
TX02591,CUST0936,ACC0936,CARD0526,MERCH0021,2025-11-27 13:06:39,252.41,GBP,Approved,POS,Purchase
TX02592,CUST0211,ACC0211,CARD0699,MERCH0023,2025-04-24 22:10:33,172.71,GBP,Approved,Web,Withdrawal
TX02593,CUST0779,ACC0779,CARD0385,MERCH0131,2025-12-23 11:12:44,11.26,EUR,Approved,POS,Purchase
TX02594,CUST0967,ACC0967,CARD0109,MERCH0160,2025-01-28 10:24:03,69.79,GBP,Approved,POS,Purchase
TX02595,CUST0660,ACC0660,CARD0167,MERCH0148,2025-05-08 10:54:04,176.94,EUR,Approved,Web,Withdrawal
TX02596,CUST0326,ACC0326,CARD1389,MERCH0029,2025-01-24 21:32:44,132.88,CAD,Approved,POS,Purchase
TX02597,CUST0975,ACC0975,CARD1393,MERCH0105,2025-08-18 16:04:09,577.97,EUR,Approved,Web,Purchase
TX02598,CUST0439,ACC0439,CARD0047,MERCH0052,2025-06-25 14:37:32,306.62,EUR,Approved,POS,Withdrawal
TX02599,CUST0656,ACC0656,CARD1439,MERCH0115,2025-08-09 05:31:37,14.24,CAD,Approved,Web,Purchase
TX02600,CUST0435,ACC0435,CARD0877,MERCH0174,2025-02-05 10:22:57,199.07,USD,Approved,ATM,Transfer
TX02601,CUST0563,ACC0563,CARD0457,MERCH0162,2025-12-27 07:28:17,66.49,CAD,Approved,POS,Purchase
TX02602,CUST0705,ACC0705,CARD1257,MERCH0101,2025-06-26 15:55:20,176.89,EUR,Approved,POS,Withdrawal
TX02603,CUST0662,ACC0662,CARD0714,MERCH0084,2025-10-06 18:58:09,149.05,CAD,Approved,Mobile App,Purchase
TX02604,CUST0380,ACC0380,CARD0962,MERCH0061,2025-07-17 03:57:14,109.89,USD,Approved,Web,Purchase
TX02605,CUST0587,ACC0587,CARD0177,MERCH0125,2025-11-01 08:33:03,292.55,EUR,Approved,Web,Transfer
TX02606,CUST0360,ACC0360,CARD1123,MERCH0200,2025-10-17 11:57:05,190.01,GBP,Approved,Web,Purchase
TX02607,CUST0374,ACC0374,CARD0570,MERCH0071,2025-03-05 23:51:05,335.49,GBP,Approved,POS,Purchase
TX02608,CUST0318,ACC0318,CARD0460,MERCH0070,2025-11-26 01:20:58,54.61,USD,Approved,Mobile App,Purchase
TX02609,CUST0417,ACC0417,CARD0314,MERCH0139,2025-01-17 16:37:14,69.19,USD,Approved,Web,Refund
TX02610,CUST0148,ACC0148,CARD1039,MERCH0108,2025-05-21 01:15:39,150.91,EUR,Approved,Web,Purchase
TX02611,CUST0999,ACC0999,CARD0759,MERCH0191,2025-11-16 01:29:24,514.27,EUR,Approved,ATM,Purchase
TX02612,CUST0886,ACC0886,CARD0061,MERCH0021,2025-10-17 23:59:26,74.68,GBP,Approved,Web,Purchase
TX02613,CUST0720,ACC0720,CARD0972,MERCH0131,2025-03-28 10:26:14,9.92,USD,Approved,Web,Transfer
TX02614,CUST0964,ACC0964,CARD1418,MERCH0082,2025-12-24 17:23:44,93.56,CAD,Approved,ATM,Purchase
TX02615,CUST0143,ACC0143,CARD0398,MERCH0088,2025-05-20 01:00:59,122.77,EUR,Approved,POS,Purchase
TX02616,CUST0088,ACC0088,CARD0456,MERCH0111,2025-01-19 16:09:45,247.16,USD,Approved,POS,Purchase
TX02617,CUST0574,ACC0574,CARD1393,MERCH0010,2025-02-19 12:09:11,200.62,USD,Approved,POS,Transfer
TX02618,CUST0089,ACC0089,CARD1486,MERCH0155,2025-10-22 23:34:33,506.42,EUR,Approved,ATM,Purchase
TX02619,CUST0263,ACC0263,CARD1322,MERCH0012,2025-01-12 00:22:38,233.96,EUR,Approved,Web,Purchase
TX02620,CUST0713,ACC0713,CARD0971,MERCH0007,2025-01-15 15:56:11,58.21,EUR,Approved,POS,Purchase
TX02621,CUST0648,ACC0648,CARD0500,MERCH0145,2025-10-19 04:30:46,158.82,GBP,Approved,POS,Purchase
TX02622,CUST0831,ACC0831,CARD0075,MERCH0193,2025-11-17 11:26:49,172.32,USD,Declined,POS,Refund
TX02623,CUST0850,ACC0850,CARD1020,MERCH0192,2025-04-08 11:45:20,938.74,INR,Declined,POS,Withdrawal
TX02624,CUST0867,ACC0867,CARD1474,MERCH0114,2025-02-08 03:08:21,27.4,CAD,Approved,ATM,Purchase
TX02625,CUST0845,ACC0845,CARD1332,MERCH0026,2025-10-27 00:14:51,36.85,USD,Approved,Web,Purchase
TX02626,CUST0237,ACC0237,CARD0752,MERCH0015,2025-10-09 15:07:15,30.35,CAD,Approved,ATM,Withdrawal
TX02627,CUST0366,ACC0366,CARD0981,MERCH0033,2025-04-07 04:28:48,138.4,EUR,Declined,Web,Purchase
TX02628,CUST0242,ACC0242,CARD0187,MERCH0062,2025-11-05 06:53:57,26.81,EUR,Approved,Web,Purchase
TX02629,CUST0455,ACC0455,CARD0117,MERCH0047,2025-10-20 06:19:38,165.07,EUR,Approved,Web,Purchase
TX02630,CUST0753,ACC0753,CARD0010,MERCH0095,2025-05-03 04:38:28,249.27,GBP,Approved,Mobile App,Purchase
TX02631,CUST0323,ACC0323,CARD0750,MERCH0035,2025-06-18 15:54:26,90.05,INR,Approved,ATM,Purchase
TX02632,CUST0879,ACC0879,CARD0900,MERCH0193,2025-06-24 16:59:56,128.38,EUR,Approved,ATM,Purchase
TX02633,CUST0994,ACC0994,CARD0843,MERCH0200,2025-07-23 02:47:32,370.8,USD,Approved,Web,Refund
TX02634,CUST0825,ACC0825,CARD1327,MERCH0076,2025-03-07 19:17:14,131.44,EUR,Approved,POS,Transfer
TX02635,CUST0814,ACC0814,CARD0771,MERCH0123,2025-11-20 19:21:30,40.09,USD,Approved,Web,Purchase
TX02636,CUST0976,ACC0976,CARD0748,MERCH0083,2025-08-07 22:02:25,68.05,EUR,Approved,POS,Withdrawal
TX02637,CUST0888,ACC0888,CARD1075,MERCH0025,2025-09-23 21:40:59,118.2,GBP,Approved,POS,Transfer
TX02638,CUST0723,ACC0723,CARD0373,MERCH0057,2025-08-06 06:07:10,30.24,USD,Approved,POS,Purchase
TX02639,CUST0936,ACC0936,CARD0526,MERCH0032,2025-10-29 11:12:56,147.21,USD,Approved,POS,Purchase
TX02640,CUST0111,ACC0111,CARD1496,MERCH0063,2025-05-18 21:30:00,1083.54,EUR,Approved,Web,Purchase
TX02641,CUST0210,ACC0210,CARD1105,MERCH0012,2025-03-18 05:00:55,163.56,USD,Approved,POS,Purchase
TX02642,CUST0598,ACC0598,CARD1391,MERCH0063,2025-04-20 10:12:55,74.88,USD,Approved,Web,Purchase
TX02643,CUST0606,ACC0606,CARD0891,MERCH0077,2025-07-09 14:24:44,65.46,EUR,Approved,POS,Purchase
TX02644,CUST0716,ACC0716,CARD0736,MERCH0092,2025-02-04 21:14:57,407.36,INR,Approved,Web,Purchase
TX02645,CUST0770,ACC0770,CARD0063,MERCH0001,2025-10-25 12:24:36,312.79,GBP,Approved,Web,Purchase
TX02646,CUST0736,ACC0736,CARD0740,MERCH0179,2025-10-10 21:57:25,100.9,EUR,Approved,POS,Purchase
TX02647,CUST0825,ACC0825,CARD1327,MERCH0070,2025-02-01 01:19:03,70.41,EUR,Approved,Mobile App,Transfer
TX02648,CUST0073,ACC0073,CARD1412,MERCH0136,2025-09-05 01:56:54,190.92,USD,Approved,Web,Purchase
TX02649,CUST0478,ACC0478,CARD1100,MERCH0196,2025-12-07 15:49:37,61.64,GBP,Approved,Web,Purchase
TX02650,CUST0958,ACC0958,CARD0126,MERCH0133,2025-11-30 16:32:14,24.07,EUR,Approved,Web,Withdrawal
TX02651,CUST0514,ACC0514,CARD0516,MERCH0086,2025-08-22 11:38:28,60.69,INR,Approved,Web,Withdrawal
TX02652,CUST0646,ACC0646,CARD1389,MERCH0039,2025-02-13 14:08:38,90.45,INR,Approved,POS,Refund
TX02653,CUST0134,ACC0134,CARD0726,MERCH0023,2025-01-28 01:59:23,49.24,USD,Approved,Web,Purchase
TX02654,CUST0533,ACC0533,CARD0285,MERCH0068,2025-06-09 05:21:16,41.66,INR,Approved,Web,Withdrawal
TX02655,CUST0420,ACC0420,CARD0305,MERCH0180,2025-07-26 10:14:41,5.92,INR,Approved,POS,Withdrawal
TX02656,CUST0917,ACC0917,CARD1050,MERCH0004,2025-04-13 02:09:09,154.48,EUR,Declined,Web,Purchase
TX02657,CUST0066,ACC0066,CARD1479,MERCH0126,2025-04-29 21:30:50,147.96,USD,Approved,Web,Withdrawal
TX02658,CUST0995,ACC0995,CARD1470,MERCH0175,2025-06-09 05:56:23,36.24,GBP,Approved,POS,Purchase
TX02659,CUST0632,ACC0632,CARD1277,MERCH0021,2025-08-31 07:03:32,436.43,USD,Approved,Mobile App,Purchase
TX02660,CUST0405,ACC0405,CARD0471,MERCH0184,2025-12-21 16:33:50,84.04,EUR,Approved,Web,Purchase
TX02661,CUST0625,ACC0625,CARD0751,MERCH0105,2025-11-30 03:01:02,8.87,USD,Approved,POS,Transfer
TX02662,CUST0770,ACC0770,CARD0063,MERCH0066,2025-01-17 13:20:17,42.23,EUR,Approved,Web,Refund
TX02663,CUST0485,ACC0485,CARD1244,MERCH0187,2025-08-14 03:35:39,181.68,INR,Approved,Web,Purchase
TX02664,CUST0349,ACC0349,CARD1070,MERCH0007,2025-05-24 10:59:45,38.78,USD,Approved,POS,Withdrawal
TX02665,CUST0853,ACC0853,CARD1130,MERCH0049,2025-04-02 06:22:22,13.31,GBP,Approved,Mobile App,Refund
TX02666,CUST0956,ACC0956,CARD0086,MERCH0016,2025-06-02 12:15:34,149.23,USD,Approved,Mobile App,Withdrawal
TX02667,CUST0039,ACC0039,CARD0976,MERCH0145,2025-07-21 13:23:12,114.58,GBP,Declined,Mobile App,Withdrawal
TX02668,CUST0897,ACC0897,CARD0645,MERCH0084,2025-04-27 22:39:20,219.86,EUR,Approved,POS,Purchase
TX02669,CUST0676,ACC0676,CARD1025,MERCH0087,2025-06-05 19:14:43,227.18,USD,Approved,Mobile App,Purchase
TX02670,CUST0229,ACC0229,CARD0123,MERCH0098,2025-03-23 17:46:45,487.59,EUR,Approved,Mobile App,Purchase
TX02671,CUST0566,ACC0566,CARD0739,MERCH0075,2025-11-18 16:13:54,13.81,CAD,Approved,ATM,Refund
TX02672,CUST0203,ACC0203,CARD0442,MERCH0034,2025-08-26 00:26:47,10.97,USD,Approved,ATM,Withdrawal
TX02673,CUST0139,ACC0139,CARD1029,MERCH0161,2025-04-05 16:26:23,658.71,GBP,Approved,POS,Transfer
TX02674,CUST0839,ACC0839,CARD0098,MERCH0026,2025-11-22 06:25:17,160.28,EUR,Approved,POS,Purchase
TX02675,CUST0539,ACC0539,CARD0754,MERCH0066,2025-03-08 22:31:11,193.49,USD,Reversed,POS,Withdrawal
TX02676,CUST0743,ACC0743,CARD0732,MERCH0125,2025-11-17 02:07:25,20.22,CAD,Approved,Web,Withdrawal
TX02677,CUST0562,ACC0562,CARD1418,MERCH0063,2025-09-12 19:21:34,15.86,EUR,Approved,Mobile App,Purchase
TX02678,CUST0912,ACC0912,CARD0350,MERCH0087,2025-10-29 04:39:46,31.2,USD,Approved,Web,Transfer
TX02679,CUST0130,ACC0130,CARD0407,MERCH0041,2025-09-03 07:22:58,88.58,USD,Approved,Mobile App,Purchase
TX02680,CUST0514,ACC0514,CARD0516,MERCH0186,2025-11-25 19:21:42,22.51,EUR,Declined,POS,Purchase
TX02681,CUST0500,ACC0500,CARD1313,MERCH0098,2025-08-17 05:22:57,93.68,GBP,Approved,POS,Purchase
TX02682,CUST0557,ACC0557,CARD0729,MERCH0124,2025-03-04 18:00:08,128.67,EUR,Approved,POS,Purchase
TX02683,CUST0451,ACC0451,CARD1082,MERCH0079,2025-09-02 09:18:59,5.05,GBP,Approved,Web,Purchase
TX02684,CUST0201,ACC0201,CARD1257,MERCH0010,2025-03-30 03:10:40,23.2,GBP,Approved,Mobile App,Purchase
TX02685,CUST0497,ACC0497,CARD0432,MERCH0015,2025-07-23 07:17:25,75.55,EUR,Approved,Mobile App,Purchase
TX02686,CUST0414,ACC0414,CARD1214,MERCH0042,2025-03-23 20:28:23,13.22,EUR,Approved,Web,Withdrawal
TX02687,CUST0670,ACC0670,CARD1082,MERCH0093,2025-01-21 00:19:11,26.5,INR,Declined,ATM,Purchase
TX02688,CUST0340,ACC0340,CARD0659,MERCH0185,2025-07-14 04:53:21,44.56,INR,Approved,POS,Purchase
TX02689,CUST0868,ACC0868,CARD0205,MERCH0017,2025-07-03 12:35:02,89.21,EUR,Approved,Web,Purchase
TX02690,CUST0698,ACC0698,CARD0203,MERCH0188,2025-12-27 02:13:59,193.2,EUR,Approved,POS,Purchase
TX02691,CUST0940,ACC0940,CARD1031,MERCH0009,2025-11-20 19:57:19,26.35,USD,Approved,POS,Purchase
TX02692,CUST0589,ACC0589,CARD0445,MERCH0114,2025-07-13 05:17:33,205.89,USD,Approved,ATM,Purchase
TX02693,CUST0589,ACC0589,CARD0445,MERCH0036,2025-03-07 23:58:18,294.72,GBP,Approved,Mobile App,Withdrawal
TX02694,CUST0088,ACC0088,CARD0456,MERCH0036,2025-03-01 15:23:33,163.11,EUR,Approved,POS,Purchase
TX02695,CUST0035,ACC0035,CARD1083,MERCH0048,2025-02-13 07:23:17,11.71,USD,Approved,POS,Purchase
TX02696,CUST0029,ACC0029,CARD1338,MERCH0051,2025-07-29 19:08:28,92.15,GBP,Approved,POS,Purchase
TX02697,CUST0707,ACC0707,CARD1167,MERCH0097,2025-07-31 15:19:48,166.85,CAD,Approved,POS,Purchase
TX02698,CUST0899,ACC0899,CARD0524,MERCH0119,2025-08-10 20:58:06,581.05,CAD,Approved,Web,Transfer
TX02699,CUST0213,ACC0213,CARD0002,MERCH0095,2025-04-08 09:30:47,459.89,EUR,Approved,Web,Purchase
TX02700,CUST0229,ACC0229,CARD0123,MERCH0070,2025-01-19 07:20:08,80.55,EUR,Approved,Web,Transfer
TX02701,CUST0969,ACC0969,CARD0111,MERCH0074,2025-01-26 19:38:03,148.54,USD,Approved,POS,Purchase
TX02702,CUST0553,ACC0553,CARD1099,MERCH0080,2025-03-05 01:30:43,337.21,GBP,Approved,POS,Transfer
TX02703,CUST0776,ACC0776,CARD0105,MERCH0068,2025-08-11 00:01:19,271.72,CAD,Approved,POS,Refund
TX02704,CUST0890,ACC0890,CARD1029,MERCH0150,2025-02-20 10:39:05,102.92,CAD,Declined,Mobile App,Purchase
TX02705,CUST0285,ACC0285,CARD0152,MERCH0077,2025-04-12 18:49:19,50.42,GBP,Approved,ATM,Purchase
TX02706,CUST0463,ACC0463,CARD0802,MERCH0116,2025-01-10 11:52:12,27.12,USD,Approved,POS,Purchase
TX02707,CUST0664,ACC0664,CARD1150,MERCH0006,2025-04-10 22:43:05,105.41,EUR,Approved,POS,Purchase
TX02708,CUST0022,ACC0022,CARD0806,MERCH0154,2025-08-16 09:49:51,197.48,EUR,Approved,POS,Purchase
TX02709,CUST0491,ACC0491,CARD1012,MERCH0075,2025-01-19 02:04:45,529.84,CAD,Approved,POS,Withdrawal
TX02710,CUST0728,ACC0728,CARD0090,MERCH0088,2025-05-21 10:29:08,301.87,USD,Declined,POS,Refund
TX02711,CUST0954,ACC0954,CARD1297,MERCH0003,2025-10-22 00:32:29,39.27,EUR,Approved,ATM,Purchase
TX02712,CUST0265,ACC0265,CARD0144,MERCH0052,2025-03-22 05:48:01,195.83,USD,Approved,Mobile App,Withdrawal
TX02713,CUST0433,ACC0433,CARD1220,MERCH0074,2025-04-17 02:45:58,56.18,EUR,Pending,POS,Withdrawal
TX02714,CUST0655,ACC0655,CARD1276,MERCH0125,2025-11-02 02:24:57,177.55,GBP,Approved,POS,Purchase
TX02715,CUST0179,ACC0179,CARD1255,MERCH0188,2025-05-01 04:18:13,169.4,EUR,Declined,POS,Withdrawal
TX02716,CUST0551,ACC0551,CARD1220,MERCH0191,2025-11-02 05:53:19,52.71,GBP,Declined,POS,Purchase
TX02717,CUST0573,ACC0573,CARD0037,MERCH0065,2025-09-14 09:34:48,45.06,EUR,Declined,Web,Withdrawal
TX02718,CUST0978,ACC0978,CARD0425,MERCH0052,2025-10-13 13:36:42,21.46,USD,Approved,Web,Purchase
TX02719,CUST0519,ACC0519,CARD0497,MERCH0076,2025-06-29 01:57:56,12.78,USD,Approved,Web,Purchase
TX02720,CUST0251,ACC0251,CARD0147,MERCH0142,2025-02-17 18:46:42,298.27,INR,Approved,Mobile App,Withdrawal
TX02721,CUST0029,ACC0029,CARD1338,MERCH0089,2025-02-15 11:30:10,12.67,USD,Approved,Web,Purchase
TX02722,CUST0187,ACC0187,CARD0973,MERCH0072,2025-02-25 16:57:52,18.94,USD,Reversed,POS,Withdrawal
TX02723,CUST0196,ACC0196,CARD1258,MERCH0068,2025-04-02 11:24:01,45.94,USD,Approved,POS,Purchase
TX02724,CUST0236,ACC0236,CARD0982,MERCH0156,2025-08-13 14:48:46,332.93,USD,Approved,POS,Purchase
TX02725,CUST0261,ACC0261,CARD0151,MERCH0199,2025-05-30 14:44:56,65.73,EUR,Approved,Web,Purchase
TX02726,CUST0660,ACC0660,CARD0167,MERCH0138,2025-10-10 12:53:10,36.94,EUR,Approved,Web,Purchase
TX02727,CUST0651,ACC0651,CARD0217,MERCH0115,2025-06-09 15:09:47,193.58,INR,Approved,Mobile App,Purchase
TX02728,CUST0586,ACC0586,CARD1043,MERCH0057,2025-06-05 11:42:19,62.64,GBP,Declined,Mobile App,Refund
TX02729,CUST0989,ACC0989,CARD0662,MERCH0066,2025-07-21 02:58:27,65.83,USD,Approved,Mobile App,Purchase
TX02730,CUST0906,ACC0906,CARD0249,MERCH0090,2025-12-07 03:04:53,206.47,GBP,Approved,Web,Purchase
TX02731,CUST0855,ACC0855,CARD0133,MERCH0050,2025-04-27 20:00:43,48.48,GBP,Approved,Web,Withdrawal
TX02732,CUST0524,ACC0524,CARD0690,MERCH0014,2025-11-27 01:37:10,345.6,CAD,Approved,Mobile App,Purchase
TX02733,CUST0881,ACC0881,CARD1219,MERCH0016,2025-09-20 13:08:07,128.63,EUR,Approved,POS,Purchase
TX02734,CUST0940,ACC0940,CARD1031,MERCH0182,2025-05-28 23:20:42,120.77,USD,Approved,POS,Purchase
TX02735,CUST0618,ACC0618,CARD0634,MERCH0171,2025-08-24 04:59:30,51.13,GBP,Approved,POS,Purchase
TX02736,CUST0467,ACC0467,CARD0488,MERCH0042,2025-03-16 21:14:35,275.36,GBP,Approved,Web,Purchase
TX02737,CUST0497,ACC0497,CARD0432,MERCH0110,2025-05-03 06:29:31,132.56,EUR,Approved,Mobile App,Withdrawal
TX02738,CUST0348,ACC0348,CARD0477,MERCH0022,2025-09-08 05:21:06,30.35,USD,Approved,POS,Purchase
TX02739,CUST0782,ACC0782,CARD0518,MERCH0068,2025-05-10 05:19:55,39.66,EUR,Approved,Web,Refund
TX02740,CUST0041,ACC0041,CARD0958,MERCH0019,2025-12-24 07:35:15,99.74,USD,Approved,Web,Purchase
TX02741,CUST0055,ACC0055,CARD0316,MERCH0066,2025-12-15 20:54:06,231.88,USD,Approved,ATM,Transfer
TX02742,CUST0812,ACC0812,CARD0438,MERCH0167,2025-04-20 12:38:57,425.26,USD,Approved,Web,Withdrawal
TX02743,CUST0936,ACC0936,CARD0526,MERCH0073,2025-12-04 20:54:25,168.37,USD,Approved,ATM,Purchase
TX02744,CUST0448,ACC0448,CARD0657,MERCH0147,2025-11-17 06:09:44,110.83,EUR,Approved,POS,Purchase
TX02745,CUST0404,ACC0404,CARD0972,MERCH0144,2025-08-28 07:22:50,48.3,USD,Approved,ATM,Transfer
TX02746,CUST0274,ACC0274,CARD0453,MERCH0054,2025-01-23 17:17:25,172.61,USD,Approved,POS,Withdrawal
TX02747,CUST0172,ACC0172,CARD0646,MERCH0153,2025-06-21 09:45:33,609.62,USD,Approved,Web,Purchase
TX02748,CUST0075,ACC0075,CARD1022,MERCH0112,2025-10-13 12:13:18,102.0,USD,Approved,POS,Purchase
TX02749,CUST0162,ACC0162,CARD0541,MERCH0018,2025-12-09 22:31:28,31.54,EUR,Approved,Mobile App,Refund
TX02750,CUST0770,ACC0770,CARD0063,MERCH0151,2025-06-18 13:24:05,21.36,USD,Declined,ATM,Purchase
TX02751,CUST0966,ACC0966,CARD0233,MERCH0117,2025-01-06 19:34:34,52.05,USD,Approved,Mobile App,Purchase
TX02752,CUST0108,ACC0108,CARD1368,MERCH0085,2025-05-12 23:45:13,131.4,EUR,Approved,Web,Refund
TX02753,CUST0656,ACC0656,CARD1439,MERCH0139,2025-02-20 16:10:04,445.07,USD,Approved,Web,Purchase
TX02754,CUST0864,ACC0864,CARD0069,MERCH0039,2025-10-21 07:06:15,58.32,USD,Approved,POS,Purchase
TX02755,CUST0296,ACC0296,CARD0510,MERCH0105,2025-09-06 05:34:29,59.66,GBP,Approved,Web,Withdrawal
TX02756,CUST0889,ACC0889,CARD1427,MERCH0068,2025-12-03 06:42:26,103.43,EUR,Approved,POS,Transfer
TX02757,CUST0588,ACC0588,CARD0396,MERCH0025,2025-07-10 11:12:32,381.15,CAD,Approved,Mobile App,Purchase
TX02758,CUST0704,ACC0704,CARD0047,MERCH0191,2025-05-23 06:02:20,86.46,EUR,Approved,Mobile App,Transfer
TX02759,CUST0065,ACC0065,CARD0956,MERCH0158,2025-10-14 08:36:36,42.89,CAD,Approved,ATM,Refund
TX02760,CUST0905,ACC0905,CARD0794,MERCH0173,2025-10-18 12:16:40,31.71,USD,Approved,Web,Purchase
TX02761,CUST0155,ACC0155,CARD1021,MERCH0123,2025-05-24 10:34:31,96.6,EUR,Approved,Web,Purchase
TX02762,CUST0438,ACC0438,CARD1374,MERCH0121,2025-02-14 06:10:58,246.92,EUR,Declined,Web,Transfer
TX02763,CUST0476,ACC0476,CARD0861,MERCH0061,2025-11-11 15:55:00,56.66,CAD,Approved,Web,Purchase
TX02764,CUST0977,ACC0977,CARD0595,MERCH0100,2025-09-25 17:11:55,112.78,EUR,Approved,POS,Purchase
TX02765,CUST0387,ACC0387,CARD0246,MERCH0051,2025-09-10 20:52:27,143.58,CAD,Pending,Mobile App,Withdrawal
TX02766,CUST0011,ACC0011,CARD0331,MERCH0098,2025-10-16 18:28:55,94.8,EUR,Approved,POS,Withdrawal
TX02767,CUST0674,ACC0674,CARD0895,MERCH0137,2025-06-26 10:14:44,36.92,GBP,Declined,Web,Withdrawal
TX02768,CUST0554,ACC0554,CARD0413,MERCH0002,2025-11-12 07:13:42,387.17,CAD,Approved,Mobile App,Withdrawal
TX02769,CUST0402,ACC0402,CARD0400,MERCH0005,2025-08-21 11:58:50,130.02,INR,Approved,ATM,Purchase
TX02770,CUST0146,ACC0146,CARD0393,MERCH0190,2025-12-28 17:19:59,200.92,GBP,Approved,Mobile App,Withdrawal
TX02771,CUST0699,ACC0699,CARD0764,MERCH0197,2025-04-10 14:16:53,156.61,USD,Approved,POS,Purchase
TX02772,CUST0567,ACC0567,CARD1123,MERCH0180,2025-11-23 08:13:59,940.84,USD,Approved,POS,Purchase
TX02773,CUST0582,ACC0582,CARD0729,MERCH0086,2025-11-14 03:37:59,96.41,USD,Approved,POS,Purchase
TX02774,CUST0882,ACC0882,CARD1219,MERCH0133,2025-02-09 01:54:55,88.0,USD,Approved,ATM,Purchase
TX02775,CUST0005,ACC0005,CARD1131,MERCH0187,2025-11-28 14:29:02,71.98,USD,Approved,POS,Purchase
TX02776,CUST0789,ACC0789,CARD0677,MERCH0068,2025-05-16 03:29:12,72.33,EUR,Declined,ATM,Purchase
TX02777,CUST0386,ACC0386,CARD1417,MERCH0009,2025-09-16 13:33:41,53.4,GBP,Approved,ATM,Withdrawal
TX02778,CUST0442,ACC0442,CARD0936,MERCH0093,2025-01-21 09:20:30,596.61,USD,Approved,Mobile App,Purchase
TX02779,CUST0869,ACC0869,CARD0126,MERCH0150,2025-07-15 12:39:24,311.94,EUR,Approved,POS,Purchase
TX02780,CUST0257,ACC0257,CARD0338,MERCH0155,2025-01-16 15:42:01,62.12,USD,Approved,POS,Purchase
TX02781,CUST0862,ACC0862,CARD0785,MERCH0138,2025-12-29 01:37:29,59.63,CAD,Approved,Mobile App,Refund
TX02782,CUST0593,ACC0593,CARD0455,MERCH0125,2025-04-03 13:58:34,21.39,USD,Approved,Mobile App,Withdrawal
TX02783,CUST0255,ACC0255,CARD0929,MERCH0061,2025-06-06 04:47:10,319.37,EUR,Approved,ATM,Purchase
TX02784,CUST0210,ACC0210,CARD1105,MERCH0051,2025-03-11 20:08:15,74.73,INR,Approved,POS,Refund
TX02785,CUST0497,ACC0497,CARD0432,MERCH0010,2025-01-15 11:52:10,132.51,USD,Approved,Web,Purchase
TX02786,CUST0351,ACC0351,CARD0518,MERCH0134,2025-07-31 00:55:23,350.96,GBP,Approved,Web,Withdrawal
TX02787,CUST0733,ACC0733,CARD0732,MERCH0062,2025-01-02 02:46:03,83.66,CAD,Approved,POS,Purchase
TX02788,CUST0562,ACC0562,CARD1418,MERCH0113,2025-12-02 04:17:17,251.66,USD,Pending,Web,Purchase
TX02789,CUST0227,ACC0227,CARD0203,MERCH0133,2025-01-28 03:00:47,89.39,INR,Approved,Web,Purchase
TX02790,CUST0376,ACC0376,CARD0686,MERCH0122,2025-06-14 17:11:37,186.07,GBP,Approved,POS,Withdrawal
TX02791,CUST0347,ACC0347,CARD0158,MERCH0198,2025-06-25 21:29:44,89.63,USD,Approved,POS,Purchase
TX02792,CUST0291,ACC0291,CARD1446,MERCH0191,2025-12-22 03:07:35,79.82,USD,Approved,Web,Purchase
TX02793,CUST0259,ACC0259,CARD0641,MERCH0123,2025-01-29 00:32:59,706.81,EUR,Approved,Web,Withdrawal
TX02794,CUST0304,ACC0304,CARD1187,MERCH0184,2025-06-06 05:55:05,147.15,CAD,Declined,POS,Purchase
TX02795,CUST0776,ACC0776,CARD0105,MERCH0187,2025-10-31 09:44:54,73.69,USD,Approved,POS,Transfer
TX02796,CUST0013,ACC0013,CARD0088,MERCH0063,2025-10-10 09:22:50,49.72,GBP,Declined,ATM,Purchase
TX02797,CUST0805,ACC0805,CARD0034,MERCH0111,2025-01-07 19:59:44,11.09,USD,Approved,Mobile App,Purchase
TX02798,CUST0925,ACC0925,CARD0639,MERCH0089,2025-07-01 21:38:52,188.92,GBP,Approved,Mobile App,Withdrawal
TX02799,CUST0667,ACC0667,CARD0653,MERCH0187,2025-11-20 07:44:41,74.82,EUR,Approved,POS,Refund
TX02800,CUST0007,ACC0007,CARD1045,MERCH0051,2025-07-06 09:48:17,263.27,EUR,Approved,POS,Withdrawal
TX02801,CUST0131,ACC0131,CARD0805,MERCH0178,2025-11-25 23:10:52,72.85,EUR,Approved,Mobile App,Purchase
TX02802,CUST0834,ACC0834,CARD1446,MERCH0132,2025-12-23 12:14:44,75.1,CAD,Approved,POS,Refund
TX02803,CUST0377,ACC0377,CARD0626,MERCH0104,2025-07-18 06:09:12,231.56,USD,Approved,Web,Purchase
TX02804,CUST0921,ACC0921,CARD0625,MERCH0123,2025-09-16 07:20:45,105.84,GBP,Declined,POS,Purchase
TX02805,CUST0855,ACC0855,CARD0133,MERCH0048,2025-06-21 16:39:09,329.29,USD,Approved,POS,Transfer
TX02806,CUST0650,ACC0650,CARD1351,MERCH0032,2025-12-12 01:28:25,138.79,GBP,Approved,Mobile App,Purchase
TX02807,CUST0099,ACC0099,CARD0764,MERCH0120,2025-06-05 16:21:00,46.29,GBP,Approved,Mobile App,Purchase
TX02808,CUST0877,ACC0877,CARD0900,MERCH0179,2025-01-09 17:31:30,130.99,EUR,Approved,ATM,Refund
TX02809,CUST0756,ACC0756,CARD1266,MERCH0180,2025-06-03 11:41:53,5.6,GBP,Approved,ATM,Purchase
TX02810,CUST0233,ACC0233,CARD0280,MERCH0099,2025-11-27 11:50:42,61.18,EUR,Declined,Web,Purchase
TX02811,CUST0612,ACC0612,CARD0109,MERCH0074,2025-10-22 19:53:53,39.97,CAD,Approved,Web,Purchase
TX02812,CUST0333,ACC0333,CARD0798,MERCH0034,2025-09-26 11:33:24,164.28,USD,Approved,POS,Transfer
TX02813,CUST0291,ACC0291,CARD1446,MERCH0164,2025-02-19 01:51:18,26.93,USD,Approved,Web,Purchase
TX02814,CUST0383,ACC0383,CARD1410,MERCH0070,2025-03-29 19:47:59,56.39,GBP,Approved,POS,Purchase
TX02815,CUST0314,ACC0314,CARD0401,MERCH0171,2025-04-21 12:16:25,65.36,GBP,Approved,Mobile App,Purchase
TX02816,CUST0630,ACC0630,CARD0492,MERCH0110,2025-02-26 10:27:12,5.49,EUR,Pending,Web,Purchase
TX02817,CUST0828,ACC0828,CARD1253,MERCH0016,2025-06-05 00:27:28,12.18,INR,Approved,Web,Withdrawal
TX02818,CUST0780,ACC0780,CARD0405,MERCH0059,2025-11-14 18:51:57,60.9,EUR,Approved,Web,Purchase
TX02819,CUST0730,ACC0730,CARD1340,MERCH0181,2025-04-16 21:28:01,42.72,INR,Approved,POS,Purchase
TX02820,CUST0502,ACC0502,CARD0357,MERCH0019,2025-07-06 09:12:29,23.65,EUR,Approved,Mobile App,Withdrawal
TX02821,CUST0117,ACC0117,CARD0289,MERCH0095,2025-06-26 10:18:44,30.11,USD,Approved,Mobile App,Purchase
TX02822,CUST0644,ACC0644,CARD1446,MERCH0113,2025-10-14 00:21:56,275.76,EUR,Approved,Web,Transfer
TX02823,CUST0941,ACC0941,CARD1027,MERCH0041,2025-12-01 16:40:46,177.48,INR,Approved,Mobile App,Purchase
TX02824,CUST0749,ACC0749,CARD0883,MERCH0081,2025-11-04 19:20:10,104.28,USD,Approved,POS,Withdrawal
TX02825,CUST0849,ACC0849,CARD1359,MERCH0175,2025-07-16 17:47:22,364.33,INR,Approved,ATM,Purchase
TX02826,CUST0794,ACC0794,CARD1109,MERCH0103,2025-05-31 06:25:02,9.5,GBP,Approved,Web,Withdrawal
TX02827,CUST0146,ACC0146,CARD0393,MERCH0054,2025-05-10 08:52:37,68.45,EUR,Approved,Mobile App,Transfer
TX02828,CUST0019,ACC0019,CARD0770,MERCH0183,2025-03-14 13:54:54,265.07,EUR,Approved,Mobile App,Withdrawal
TX02829,CUST0673,ACC0673,CARD0829,MERCH0095,2025-04-14 20:31:25,153.45,EUR,Approved,POS,Withdrawal
TX02830,CUST0820,ACC0820,CARD0990,MERCH0147,2025-09-29 05:28:13,605.03,EUR,Approved,ATM,Withdrawal
TX02831,CUST0022,ACC0022,CARD0806,MERCH0062,2025-10-30 12:07:57,438.75,USD,Approved,ATM,Purchase
TX02832,CUST0770,ACC0770,CARD0063,MERCH0099,2025-04-19 02:59:20,32.94,CAD,Approved,Web,Purchase
TX02833,CUST0286,ACC0286,CARD0054,MERCH0093,2025-11-17 00:35:06,541.26,EUR,Approved,Mobile App,Transfer
TX02834,CUST0034,ACC0034,CARD0475,MERCH0187,2025-12-24 07:00:23,441.53,CAD,Approved,ATM,Withdrawal
TX02835,CUST0391,ACC0391,CARD0538,MERCH0065,2025-09-08 09:55:06,75.17,EUR,Approved,POS,Purchase
TX02836,CUST0805,ACC0805,CARD0034,MERCH0068,2025-05-26 07:38:02,615.13,EUR,Approved,ATM,Purchase
TX02837,CUST0431,ACC0431,CARD0005,MERCH0028,2025-12-18 06:44:00,10.48,EUR,Approved,Web,Purchase
TX02838,CUST0330,ACC0330,CARD0027,MERCH0018,2025-10-15 22:49:24,167.15,GBP,Approved,Mobile App,Purchase
TX02839,CUST0216,ACC0216,CARD0855,MERCH0026,2025-02-17 14:18:20,51.42,USD,Approved,Web,Transfer
TX02840,CUST0420,ACC0420,CARD0305,MERCH0104,2025-12-22 22:23:16,25.8,INR,Approved,Web,Withdrawal
TX02841,CUST0567,ACC0567,CARD1123,MERCH0147,2025-10-29 13:47:11,134.25,EUR,Approved,Mobile App,Purchase
TX02842,CUST0422,ACC0422,CARD0838,MERCH0055,2025-06-14 14:11:27,59.87,INR,Approved,Web,Purchase
TX02843,CUST0506,ACC0506,CARD0802,MERCH0119,2025-05-06 03:12:45,169.86,CAD,Approved,Web,Purchase
TX02844,CUST0244,ACC0244,CARD0464,MERCH0124,2025-05-01 18:13:43,121.47,GBP,Approved,Web,Purchase
TX02845,CUST0043,ACC0043,CARD0958,MERCH0185,2025-08-05 20:38:20,79.78,EUR,Pending,Web,Purchase
TX02846,CUST0289,ACC0289,CARD0587,MERCH0134,2025-10-29 18:15:14,35.1,EUR,Approved,Web,Transfer
TX02847,CUST0507,ACC0507,CARD1204,MERCH0129,2025-07-09 13:41:54,142.91,GBP,Approved,POS,Purchase
TX02848,CUST0733,ACC0733,CARD0732,MERCH0008,2025-03-22 11:39:25,270.12,EUR,Declined,POS,Purchase
TX02849,CUST0257,ACC0257,CARD0338,MERCH0051,2025-06-19 23:24:28,142.45,GBP,Approved,POS,Purchase
TX02850,CUST0947,ACC0947,CARD0739,MERCH0085,2025-07-15 14:50:50,146.44,GBP,Approved,Web,Transfer
TX02851,CUST0772,ACC0772,CARD0827,MERCH0025,2025-02-16 17:11:42,112.57,EUR,Approved,Web,Withdrawal
TX02852,CUST0622,ACC0622,CARD0733,MERCH0175,2025-06-07 18:32:33,78.71,EUR,Declined,Web,Purchase
TX02853,CUST0206,ACC0206,CARD1410,MERCH0183,2025-10-06 03:46:20,96.72,USD,Approved,POS,Purchase
TX02854,CUST0203,ACC0203,CARD0442,MERCH0192,2025-07-18 05:45:42,689.05,USD,Approved,POS,Refund
TX02855,CUST0075,ACC0075,CARD1022,MERCH0083,2025-06-15 19:49:07,212.75,CAD,Approved,Web,Purchase
TX02856,CUST0109,ACC0109,CARD1153,MERCH0093,2025-07-11 03:45:27,89.47,GBP,Approved,Web,Withdrawal
TX02857,CUST0406,ACC0406,CARD1167,MERCH0117,2025-10-11 19:19:45,96.68,USD,Approved,Web,Purchase
TX02858,CUST0427,ACC0427,CARD0993,MERCH0138,2025-04-08 18:43:59,108.86,CAD,Approved,POS,Withdrawal
TX02859,CUST0348,ACC0348,CARD0477,MERCH0056,2025-08-18 19:41:52,166.52,USD,Approved,Web,Purchase
TX02860,CUST0798,ACC0798,CARD0051,MERCH0012,2025-02-12 06:19:29,99.09,EUR,Approved,Mobile App,Refund
TX02861,CUST0163,ACC0163,CARD1060,MERCH0161,2025-02-11 21:38:38,178.84,USD,Approved,Web,Transfer
TX02862,CUST0259,ACC0259,CARD0641,MERCH0120,2025-09-11 08:00:59,64.89,INR,Approved,POS,Purchase
TX02863,CUST0537,ACC0537,CARD1277,MERCH0071,2025-11-03 21:26:39,84.31,INR,Approved,POS,Purchase
TX02864,CUST0550,ACC0550,CARD0617,MERCH0017,2025-06-16 19:39:40,304.32,EUR,Approved,ATM,Purchase
TX02865,CUST0921,ACC0921,CARD0625,MERCH0189,2025-06-10 19:17:08,64.83,USD,Approved,Web,Refund
TX02866,CUST0538,ACC0538,CARD0499,MERCH0122,2025-08-14 01:36:16,505.47,EUR,Approved,POS,Purchase
TX02867,CUST0313,ACC0313,CARD1219,MERCH0124,2025-12-11 04:28:39,33.4,GBP,Approved,ATM,Purchase
TX02868,CUST0976,ACC0976,CARD0748,MERCH0010,2025-12-28 10:43:16,46.5,USD,Approved,POS,Purchase
TX02869,CUST0747,ACC0747,CARD1277,MERCH0031,2025-08-20 09:11:03,98.45,EUR,Approved,Web,Withdrawal
TX02870,CUST0791,ACC0791,CARD1482,MERCH0060,2025-11-21 21:02:03,244.48,GBP,Approved,POS,Purchase
TX02871,CUST0178,ACC0178,CARD1497,MERCH0070,2025-05-15 01:51:08,202.28,USD,Approved,POS,Purchase
TX02872,CUST0381,ACC0381,CARD0155,MERCH0017,2025-01-04 22:48:17,33.76,USD,Approved,Web,Transfer
TX02873,CUST0985,ACC0985,CARD0877,MERCH0050,2025-08-22 16:06:35,45.51,EUR,Approved,POS,Withdrawal
TX02874,CUST0344,ACC0344,CARD0017,MERCH0037,2025-03-06 10:37:30,133.44,GBP,Approved,POS,Purchase
TX02875,CUST0188,ACC0188,CARD1283,MERCH0190,2025-11-02 04:27:56,57.47,INR,Approved,ATM,Purchase
TX02876,CUST0343,ACC0343,CARD1073,MERCH0118,2025-01-17 15:30:39,87.31,USD,Declined,POS,Purchase
TX02877,CUST0884,ACC0884,CARD0093,MERCH0200,2025-07-31 12:04:02,105.0,EUR,Approved,Web,Purchase
TX02878,CUST0599,ACC0599,CARD0144,MERCH0157,2025-09-30 07:31:46,140.3,EUR,Approved,POS,Purchase
TX02879,CUST0505,ACC0505,CARD1124,MERCH0160,2025-08-22 00:11:33,48.36,USD,Approved,ATM,Purchase
TX02880,CUST0341,ACC0341,CARD0547,MERCH0080,2025-05-26 16:37:01,31.71,EUR,Approved,ATM,Purchase
TX02881,CUST0260,ACC0260,CARD0473,MERCH0011,2025-04-13 20:45:10,81.27,USD,Approved,POS,Purchase
TX02882,CUST0102,ACC0102,CARD0493,MERCH0134,2025-03-30 14:29:56,17.84,USD,Approved,Web,Withdrawal
TX02883,CUST0118,ACC0118,CARD0379,MERCH0123,2025-12-07 06:29:14,117.22,GBP,Approved,Mobile App,Purchase
TX02884,CUST0381,ACC0381,CARD0155,MERCH0035,2025-08-29 12:43:53,279.52,EUR,Declined,POS,Transfer
TX02885,CUST0173,ACC0173,CARD0796,MERCH0033,2025-08-11 18:20:03,24.0,INR,Declined,Web,Purchase
TX02886,CUST0760,ACC0760,CARD1143,MERCH0018,2025-02-26 10:24:49,22.94,USD,Approved,ATM,Purchase
TX02887,CUST0040,ACC0040,CARD0190,MERCH0165,2025-09-09 11:11:49,17.54,EUR,Approved,POS,Purchase
TX02888,CUST0770,ACC0770,CARD0063,MERCH0013,2025-05-22 07:51:13,287.44,USD,Approved,Mobile App,Withdrawal
TX02889,CUST0600,ACC0600,CARD0885,MERCH0090,2025-10-17 17:03:30,17.62,USD,Approved,POS,Purchase
TX02890,CUST0046,ACC0046,CARD0832,MERCH0110,2025-12-23 03:47:59,620.31,CAD,Approved,Web,Purchase
TX02891,CUST0381,ACC0381,CARD0155,MERCH0192,2025-11-06 12:35:10,71.55,GBP,Approved,POS,Purchase
TX02892,CUST0089,ACC0089,CARD1486,MERCH0001,2025-09-25 07:13:12,64.79,USD,Approved,Web,Purchase
TX02893,CUST0376,ACC0376,CARD0686,MERCH0063,2025-09-07 21:16:14,19.42,GBP,Approved,POS,Transfer
TX02894,CUST0040,ACC0040,CARD0190,MERCH0034,2025-11-30 12:30:20,137.15,INR,Approved,POS,Purchase
TX02895,CUST0316,ACC0316,CARD1057,MERCH0103,2025-02-22 16:18:55,137.24,USD,Approved,Web,Withdrawal
TX02896,CUST0761,ACC0761,CARD1016,MERCH0010,2025-02-12 19:14:45,107.13,USD,Approved,POS,Withdrawal
TX02897,CUST0133,ACC0133,CARD0684,MERCH0128,2025-02-11 09:47:51,60.88,USD,Approved,Web,Purchase
TX02898,CUST0267,ACC0267,CARD0624,MERCH0007,2025-06-25 06:30:39,73.97,CAD,Approved,POS,Refund
TX02899,CUST0263,ACC0263,CARD1322,MERCH0056,2025-03-24 03:05:01,62.96,USD,Approved,POS,Purchase
TX02900,CUST0912,ACC0912,CARD0350,MERCH0080,2025-04-15 22:51:59,88.31,USD,Approved,Web,Purchase
TX02901,CUST0046,ACC0046,CARD0832,MERCH0165,2025-10-14 12:28:37,67.73,EUR,Approved,POS,Purchase
TX02902,CUST0548,ACC0548,CARD0418,MERCH0157,2025-07-05 23:10:59,173.83,EUR,Approved,Mobile App,Withdrawal
TX02903,CUST0256,ACC0256,CARD0551,MERCH0012,2025-05-18 22:22:42,57.6,GBP,Approved,Web,Refund
TX02904,CUST0986,ACC0986,CARD1401,MERCH0145,2025-08-25 06:32:49,69.81,EUR,Approved,Mobile App,Purchase
TX02905,CUST0421,ACC0421,CARD0682,MERCH0048,2025-10-30 11:38:07,90.76,EUR,Reversed,POS,Transfer
TX02906,CUST0073,ACC0073,CARD1412,MERCH0026,2025-01-09 08:59:59,5.6,INR,Approved,Web,Refund
TX02907,CUST0133,ACC0133,CARD0684,MERCH0112,2025-12-14 07:00:36,106.62,USD,Approved,Web,Purchase
TX02908,CUST0476,ACC0476,CARD0861,MERCH0122,2025-03-05 23:51:10,49.32,USD,Approved,POS,Purchase
TX02909,CUST0284,ACC0284,CARD0404,MERCH0012,2025-07-06 02:37:22,13.67,GBP,Approved,Mobile App,Purchase
TX02910,CUST0828,ACC0828,CARD1253,MERCH0149,2025-04-28 16:45:42,367.9,GBP,Approved,Mobile App,Withdrawal
TX02911,CUST0722,ACC0722,CARD0668,MERCH0042,2025-12-22 09:44:29,63.38,EUR,Approved,POS,Purchase
TX02912,CUST0663,ACC0663,CARD0039,MERCH0061,2025-01-31 10:42:40,88.29,USD,Approved,ATM,Withdrawal
TX02913,CUST0427,ACC0427,CARD0993,MERCH0058,2025-08-03 11:47:07,268.47,GBP,Approved,Mobile App,Transfer
TX02914,CUST0539,ACC0539,CARD0754,MERCH0182,2025-06-18 16:48:16,32.37,EUR,Approved,POS,Withdrawal
TX02915,CUST0311,ACC0311,CARD1416,MERCH0034,2025-02-15 20:12:32,289.88,CAD,Approved,POS,Withdrawal
TX02916,CUST0411,ACC0411,CARD0854,MERCH0007,2025-10-25 13:28:54,46.49,GBP,Approved,Web,Transfer
TX02917,CUST0168,ACC0168,CARD0578,MERCH0109,2025-10-10 02:01:28,138.39,USD,Approved,POS,Withdrawal
TX02918,CUST0521,ACC0521,CARD0160,MERCH0035,2025-01-03 22:32:02,178.6,GBP,Approved,POS,Purchase
TX02919,CUST0951,ACC0951,CARD0028,MERCH0015,2025-03-20 09:00:00,358.1,USD,Approved,POS,Purchase
TX02920,CUST0336,ACC0336,CARD0960,MERCH0193,2025-08-30 00:26:07,145.34,CAD,Approved,POS,Purchase
TX02921,CUST0194,ACC0194,CARD0318,MERCH0025,2025-09-20 13:34:10,95.56,GBP,Approved,Web,Purchase
TX02922,CUST0780,ACC0780,CARD0405,MERCH0059,2025-03-12 03:05:35,132.39,EUR,Approved,POS,Purchase
TX02923,CUST0196,ACC0196,CARD1258,MERCH0079,2025-07-16 12:31:53,38.86,EUR,Approved,POS,Purchase
TX02924,CUST0723,ACC0723,CARD0373,MERCH0086,2025-04-22 19:55:27,180.23,USD,Approved,POS,Withdrawal
TX02925,CUST0182,ACC0182,CARD1409,MERCH0134,2025-07-04 02:14:06,36.03,USD,Approved,Web,Purchase
TX02926,CUST0211,ACC0211,CARD0699,MERCH0180,2025-11-23 16:32:36,127.21,USD,Approved,Web,Withdrawal
TX02927,CUST0946,ACC0946,CARD0806,MERCH0088,2025-08-03 00:22:34,161.45,GBP,Approved,Mobile App,Withdrawal
TX02928,CUST0001,ACC0001,CARD1127,MERCH0149,2025-11-26 14:44:06,348.28,EUR,Approved,ATM,Refund
TX02929,CUST0550,ACC0550,CARD0617,MERCH0071,2025-02-10 15:53:04,94.73,USD,Approved,POS,Purchase
TX02930,CUST0924,ACC0924,CARD0303,MERCH0121,2025-10-16 22:13:59,228.97,GBP,Approved,POS,Purchase
TX02931,CUST0301,ACC0301,CARD0878,MERCH0093,2025-02-03 01:58:59,32.5,USD,Approved,Web,Withdrawal
TX02932,CUST0894,ACC0894,CARD0534,MERCH0096,2025-10-02 22:18:18,30.48,GBP,Approved,POS,Purchase
TX02933,CUST0350,ACC0350,CARD1397,MERCH0032,2025-07-16 10:35:08,116.6,EUR,Approved,POS,Withdrawal
TX02934,CUST0202,ACC0202,CARD1137,MERCH0053,2025-01-10 08:16:55,141.08,EUR,Reversed,POS,Refund
TX02935,CUST0459,ACC0459,CARD1013,MERCH0059,2025-05-03 11:43:50,155.09,USD,Approved,Web,Purchase
TX02936,CUST0075,ACC0075,CARD1022,MERCH0069,2025-12-26 17:36:12,210.37,CAD,Approved,Web,Purchase
TX02937,CUST0642,ACC0642,CARD0029,MERCH0190,2025-08-09 15:00:20,57.42,USD,Approved,ATM,Purchase
TX02938,CUST0659,ACC0659,CARD1206,MERCH0132,2025-02-27 02:13:14,151.17,USD,Approved,Web,Transfer
TX02939,CUST0223,ACC0223,CARD1440,MERCH0086,2025-05-08 16:24:26,36.26,EUR,Reversed,Web,Purchase
TX02940,CUST0606,ACC0606,CARD0891,MERCH0018,2025-07-24 01:43:49,42.08,CAD,Approved,Web,Purchase
TX02941,CUST0584,ACC0584,CARD0397,MERCH0081,2025-04-14 22:48:44,15.45,USD,Declined,POS,Purchase
TX02942,CUST0278,ACC0278,CARD0009,MERCH0114,2025-05-09 12:26:29,211.16,GBP,Approved,POS,Withdrawal
TX02943,CUST0798,ACC0798,CARD0051,MERCH0184,2025-02-07 02:38:44,111.08,GBP,Approved,Mobile App,Withdrawal
TX02944,CUST0931,ACC0931,CARD0078,MERCH0024,2025-02-21 17:31:43,45.81,EUR,Approved,POS,Purchase
TX02945,CUST0505,ACC0505,CARD1124,MERCH0066,2025-08-02 23:18:58,126.87,EUR,Declined,POS,Purchase
TX02946,CUST0653,ACC0653,CARD1156,MERCH0141,2025-08-31 04:25:15,70.6,USD,Declined,POS,Purchase
TX02947,CUST0698,ACC0698,CARD0203,MERCH0062,2025-01-06 15:49:47,277.29,USD,Approved,POS,Withdrawal
TX02948,CUST0612,ACC0612,CARD0109,MERCH0054,2025-01-08 04:10:29,117.66,EUR,Approved,POS,Purchase
TX02949,CUST0243,ACC0243,CARD1350,MERCH0143,2025-04-22 14:52:00,9.54,USD,Approved,Web,Purchase
TX02950,CUST0319,ACC0319,CARD0955,MERCH0197,2025-09-22 06:06:01,635.91,EUR,Approved,POS,Withdrawal
TX02951,CUST0098,ACC0098,CARD0217,MERCH0131,2025-07-31 07:42:05,16.58,USD,Approved,POS,Refund
TX02952,CUST0953,ACC0953,CARD1063,MERCH0037,2025-09-27 00:20:44,183.59,EUR,Approved,Mobile App,Purchase
TX02953,CUST0727,ACC0727,CARD0676,MERCH0037,2025-12-13 21:26:59,91.24,EUR,Approved,Mobile App,Purchase
TX02954,CUST0361,ACC0361,CARD0700,MERCH0131,2025-12-20 01:37:19,48.02,CAD,Approved,Web,Purchase
TX02955,CUST0758,ACC0758,CARD0877,MERCH0191,2025-01-03 12:28:58,174.26,EUR,Approved,Web,Purchase
TX02956,CUST0805,ACC0805,CARD0034,MERCH0035,2025-04-22 15:37:29,25.18,USD,Reversed,POS,Withdrawal
TX02957,CUST0620,ACC0620,CARD1187,MERCH0180,2025-07-11 14:05:34,298.05,USD,Approved,Mobile App,Purchase
TX02958,CUST0558,ACC0558,CARD1301,MERCH0124,2025-08-09 22:37:37,48.27,EUR,Approved,Web,Transfer
TX02959,CUST0310,ACC0310,CARD0816,MERCH0156,2025-07-16 16:33:27,72.28,EUR,Approved,Web,Purchase
TX02960,CUST0749,ACC0749,CARD0883,MERCH0018,2025-08-09 23:25:47,155.21,EUR,Approved,Web,Purchase
TX02961,CUST0774,ACC0774,CARD0689,MERCH0122,2025-03-31 11:26:31,5.15,EUR,Approved,Web,Withdrawal
TX02962,CUST0102,ACC0102,CARD0493,MERCH0164,2025-11-19 01:12:33,101.01,GBP,Approved,Web,Purchase
TX02963,CUST0445,ACC0445,CARD0370,MERCH0161,2025-06-02 13:45:54,342.0,CAD,Approved,Web,Purchase
TX02964,CUST0706,ACC0706,CARD1329,MERCH0192,2025-09-15 15:54:58,176.11,USD,Approved,Web,Refund
TX02965,CUST0170,ACC0170,CARD0557,MERCH0154,2025-03-06 14:16:29,78.63,GBP,Approved,Mobile App,Withdrawal
TX02966,CUST0611,ACC0611,CARD1063,MERCH0048,2025-04-01 07:05:25,167.01,USD,Approved,Web,Transfer
TX02967,CUST0254,ACC0254,CARD0489,MERCH0168,2025-06-22 22:23:50,418.67,EUR,Approved,POS,Purchase
TX02968,CUST0450,ACC0450,CARD0831,MERCH0017,2025-09-13 18:56:51,36.2,EUR,Approved,Web,Purchase
TX02969,CUST0070,ACC0070,CARD0035,MERCH0168,2025-02-18 03:07:20,118.83,EUR,Approved,ATM,Refund
TX02970,CUST0312,ACC0312,CARD1159,MERCH0135,2025-03-10 19:19:01,45.13,USD,Approved,POS,Purchase
TX02971,CUST0933,ACC0933,CARD1410,MERCH0057,2025-05-06 04:48:52,293.85,GBP,Approved,Mobile App,Transfer
TX02972,CUST0084,ACC0084,CARD0996,MERCH0008,2025-08-01 03:59:48,196.51,USD,Approved,Web,Refund
TX02973,CUST0748,ACC0748,CARD0390,MERCH0128,2025-04-22 00:28:14,247.22,USD,Approved,Web,Transfer
TX02974,CUST0220,ACC0220,CARD1154,MERCH0117,2025-08-28 13:41:34,434.74,USD,Declined,Mobile App,Purchase
TX02975,CUST0502,ACC0502,CARD0357,MERCH0056,2025-05-18 10:30:55,44.66,EUR,Approved,Mobile App,Transfer
TX02976,CUST0566,ACC0566,CARD0739,MERCH0126,2025-10-31 13:14:06,12.49,USD,Reversed,Mobile App,Withdrawal
TX02977,CUST0718,ACC0718,CARD0968,MERCH0159,2025-10-20 02:43:55,56.56,USD,Declined,POS,Withdrawal
TX02978,CUST0566,ACC0566,CARD0739,MERCH0059,2025-10-11 03:01:50,81.41,USD,Approved,POS,Withdrawal
TX02979,CUST0414,ACC0414,CARD1214,MERCH0058,2025-11-22 02:21:03,152.19,USD,Approved,Web,Purchase
TX02980,CUST0641,ACC0641,CARD1218,MERCH0140,2025-01-25 07:22:14,244.7,USD,Approved,Mobile App,Purchase
TX02981,CUST0182,ACC0182,CARD1409,MERCH0176,2025-11-18 07:03:01,69.57,USD,Approved,Mobile App,Purchase
TX02982,CUST0488,ACC0488,CARD1009,MERCH0159,2025-06-18 23:38:14,101.22,EUR,Approved,POS,Purchase
TX02983,CUST0554,ACC0554,CARD0413,MERCH0108,2025-12-20 07:03:27,235.89,EUR,Approved,POS,Withdrawal
TX02984,CUST0508,ACC0508,CARD1247,MERCH0191,2025-03-30 09:58:59,43.3,USD,Declined,Mobile App,Purchase
TX02985,CUST0837,ACC0837,CARD0806,MERCH0074,2025-05-24 18:46:16,41.72,EUR,Approved,Web,Purchase
TX02986,CUST0224,ACC0224,CARD0247,MERCH0167,2025-03-23 07:16:10,138.46,USD,Approved,Web,Purchase
TX02987,CUST0224,ACC0224,CARD0247,MERCH0148,2025-08-17 06:12:49,90.92,USD,Approved,Mobile App,Purchase
TX02988,CUST0646,ACC0646,CARD1389,MERCH0101,2025-01-01 01:38:20,451.09,GBP,Declined,POS,Withdrawal
TX02989,CUST0326,ACC0326,CARD1389,MERCH0048,2025-10-13 00:09:49,71.25,EUR,Approved,POS,Withdrawal
TX02990,CUST0981,ACC0981,CARD1306,MERCH0071,2025-05-21 18:08:31,218.79,INR,Approved,Mobile App,Purchase
TX02991,CUST0268,ACC0268,CARD1017,MERCH0116,2025-03-12 19:36:39,136.23,USD,Approved,POS,Withdrawal
TX02992,CUST0128,ACC0128,CARD1072,MERCH0182,2025-02-19 23:18:30,13.42,GBP,Approved,POS,Purchase
TX02993,CUST0465,ACC0465,CARD1142,MERCH0122,2025-03-21 18:33:14,18.22,GBP,Pending,POS,Transfer
TX02994,CUST0817,ACC0817,CARD1078,MERCH0078,2025-10-14 00:47:46,39.06,CAD,Approved,POS,Purchase
TX02995,CUST0007,ACC0007,CARD1045,MERCH0199,2025-06-04 11:31:44,28.17,INR,Approved,POS,Purchase
TX02996,CUST0422,ACC0422,CARD0838,MERCH0029,2025-05-07 08:10:04,64.93,USD,Approved,Web,Purchase
TX02997,CUST0737,ACC0737,CARD0502,MERCH0093,2025-07-19 00:10:37,134.76,USD,Declined,ATM,Purchase
TX02998,CUST0476,ACC0476,CARD0861,MERCH0073,2025-02-10 04:23:48,143.33,EUR,Approved,POS,Refund
TX02999,CUST0785,ACC0785,CARD0771,MERCH0100,2025-10-24 12:31:37,137.93,USD,Approved,Mobile App,Refund
TX03000,CUST0628,ACC0628,CARD1098,MERCH0176,2025-04-30 08:53:42,23.77,GBP,Approved,POS,Transfer
TX03001,CUST0837,ACC0837,CARD0806,MERCH0074,2025-02-02 06:34:01,142.53,USD,Approved,POS,Purchase
TX03002,CUST0865,ACC0865,CARD0546,MERCH0184,2025-04-14 21:52:51,84.08,GBP,Approved,Web,Purchase
TX03003,CUST0632,ACC0632,CARD1277,MERCH0095,2025-01-12 11:55:12,355.04,USD,Approved,ATM,Withdrawal
TX03004,CUST0847,ACC0847,CARD0166,MERCH0017,2025-07-15 19:51:14,369.54,USD,Approved,ATM,Purchase
TX03005,CUST0080,ACC0080,CARD0402,MERCH0137,2025-09-19 11:51:32,224.27,INR,Approved,POS,Refund
TX03006,CUST0660,ACC0660,CARD0167,MERCH0097,2025-03-10 08:56:49,187.16,USD,Approved,POS,Purchase
TX03007,CUST0956,ACC0956,CARD0086,MERCH0162,2025-08-08 15:45:38,23.32,USD,Approved,ATM,Purchase
TX03008,CUST0998,ACC0998,CARD1161,MERCH0173,2025-08-02 01:57:53,18.27,USD,Approved,POS,Refund
TX03009,CUST0817,ACC0817,CARD1078,MERCH0009,2025-05-26 10:18:16,280.67,CAD,Approved,Web,Refund
TX03010,CUST0372,ACC0372,CARD0018,MERCH0135,2025-08-22 18:58:29,88.53,GBP,Approved,POS,Transfer
TX03011,CUST0365,ACC0365,CARD0253,MERCH0144,2025-03-02 23:42:34,95.05,GBP,Approved,Web,Purchase
TX03012,CUST0837,ACC0837,CARD0806,MERCH0019,2025-03-19 11:41:18,287.38,EUR,Approved,Web,Transfer
TX03013,CUST0163,ACC0163,CARD1060,MERCH0134,2025-11-26 08:01:27,150.7,USD,Approved,Web,Purchase
TX03014,CUST0161,ACC0161,CARD1195,MERCH0114,2025-08-01 09:17:59,34.66,USD,Approved,Mobile App,Purchase
TX03015,CUST0630,ACC0630,CARD0492,MERCH0139,2025-12-18 11:14:38,40.55,USD,Approved,POS,Purchase
TX03016,CUST0023,ACC0023,CARD0386,MERCH0125,2025-10-17 07:55:02,5.96,EUR,Approved,POS,Transfer
TX03017,CUST0406,ACC0406,CARD1167,MERCH0061,2025-05-15 03:43:14,191.03,EUR,Approved,Web,Purchase
TX03018,CUST0506,ACC0506,CARD0802,MERCH0042,2025-02-16 01:14:47,104.72,USD,Reversed,POS,Purchase
TX03019,CUST0759,ACC0759,CARD1029,MERCH0013,2025-07-25 03:46:10,454.25,USD,Declined,POS,Withdrawal
TX03020,CUST0502,ACC0502,CARD0357,MERCH0140,2025-04-02 08:13:25,192.77,USD,Approved,POS,Purchase
TX03021,CUST0019,ACC0019,CARD0770,MERCH0085,2025-04-10 19:11:48,21.33,USD,Approved,POS,Purchase
TX03022,CUST0912,ACC0912,CARD0350,MERCH0020,2025-07-14 13:31:47,31.43,USD,Reversed,ATM,Purchase
TX03023,CUST0020,ACC0020,CARD0344,MERCH0050,2025-08-30 15:48:41,109.49,USD,Approved,Web,Transfer
TX03024,CUST0660,ACC0660,CARD0167,MERCH0164,2025-12-11 02:50:49,393.29,USD,Approved,Web,Purchase
TX03025,CUST0306,ACC0306,CARD0161,MERCH0092,2025-09-21 12:10:39,47.6,CAD,Approved,Web,Withdrawal
TX03026,CUST0160,ACC0160,CARD0749,MERCH0088,2025-04-28 11:01:13,266.94,USD,Approved,Web,Purchase
TX03027,CUST0780,ACC0780,CARD0405,MERCH0069,2025-02-28 01:45:38,61.15,GBP,Declined,Web,Purchase
TX03028,CUST0916,ACC0916,CARD0337,MERCH0037,2025-02-19 02:40:22,52.19,EUR,Approved,POS,Purchase
TX03029,CUST0965,ACC0965,CARD0067,MERCH0140,2025-10-23 11:54:33,352.49,EUR,Reversed,POS,Purchase
TX03030,CUST0982,ACC0982,CARD1344,MERCH0099,2025-04-07 13:12:45,12.26,USD,Approved,POS,Purchase
TX03031,CUST0814,ACC0814,CARD0771,MERCH0125,2025-05-07 00:12:37,167.15,EUR,Pending,Mobile App,Purchase
TX03032,CUST0123,ACC0123,CARD0135,MERCH0168,2025-03-28 05:57:50,11.62,USD,Approved,Mobile App,Withdrawal
TX03033,CUST0480,ACC0480,CARD1459,MERCH0054,2025-03-18 15:12:34,246.99,USD,Approved,Web,Transfer
TX03034,CUST0663,ACC0663,CARD0039,MERCH0130,2025-05-26 22:10:52,270.27,CAD,Approved,POS,Transfer
TX03035,CUST0679,ACC0679,CARD0190,MERCH0178,2025-04-21 06:15:05,340.74,EUR,Approved,Web,Refund
TX03036,CUST0850,ACC0850,CARD1020,MERCH0041,2025-05-09 20:41:32,35.89,USD,Approved,Web,Withdrawal
TX03037,CUST0645,ACC0645,CARD0339,MERCH0045,2025-06-15 00:58:17,24.94,EUR,Approved,POS,Purchase
TX03038,CUST0164,ACC0164,CARD0525,MERCH0103,2025-05-17 20:38:30,110.04,USD,Approved,POS,Purchase
TX03039,CUST0392,ACC0392,CARD0921,MERCH0106,2025-06-08 05:50:17,52.54,GBP,Approved,Mobile App,Purchase
TX03040,CUST0465,ACC0465,CARD1142,MERCH0137,2025-10-13 13:58:57,144.82,EUR,Approved,Web,Withdrawal
TX03041,CUST0658,ACC0658,CARD0876,MERCH0190,2025-04-12 15:39:48,113.15,USD,Approved,POS,Purchase
TX03042,CUST0440,ACC0440,CARD0867,MERCH0128,2025-05-13 19:48:53,28.47,USD,Approved,POS,Purchase
TX03043,CUST0055,ACC0055,CARD0316,MERCH0086,2025-03-02 16:34:30,206.64,EUR,Approved,POS,Purchase
TX03044,CUST0343,ACC0343,CARD1073,MERCH0047,2025-04-23 08:41:01,249.28,EUR,Reversed,Web,Refund
TX03045,CUST0734,ACC0734,CARD0869,MERCH0005,2025-11-19 01:41:47,499.7,EUR,Approved,Web,Withdrawal
TX03046,CUST0938,ACC0938,CARD1336,MERCH0001,2025-06-10 09:52:41,80.51,GBP,Approved,Web,Purchase
TX03047,CUST0624,ACC0624,CARD0658,MERCH0044,2025-12-05 10:28:13,66.81,EUR,Approved,ATM,Purchase
TX03048,CUST0183,ACC0183,CARD1401,MERCH0150,2025-07-05 23:03:20,37.03,USD,Approved,Mobile App,Purchase
TX03049,CUST0977,ACC0977,CARD0595,MERCH0038,2025-08-28 05:54:08,34.93,CAD,Approved,Mobile App,Purchase
TX03050,CUST0280,ACC0280,CARD1123,MERCH0019,2025-12-24 05:10:32,63.08,USD,Approved,POS,Purchase
TX03051,CUST0482,ACC0482,CARD1110,MERCH0159,2025-11-21 13:18:50,606.09,EUR,Approved,Web,Purchase
TX03052,CUST0411,ACC0411,CARD0854,MERCH0115,2025-10-29 21:21:45,19.52,CAD,Approved,Web,Withdrawal
TX03053,CUST0332,ACC0332,CARD1301,MERCH0195,2025-10-17 21:04:36,50.04,EUR,Approved,Web,Purchase
TX03054,CUST0934,ACC0934,CARD0365,MERCH0087,2025-04-07 14:07:20,18.49,EUR,Declined,Mobile App,Refund
TX03055,CUST0159,ACC0159,CARD0231,MERCH0170,2025-01-29 00:24:21,52.95,USD,Approved,POS,Purchase
TX03056,CUST0951,ACC0951,CARD0028,MERCH0123,2025-03-14 07:56:50,19.54,GBP,Approved,Mobile App,Refund
TX03057,CUST0272,ACC0272,CARD1328,MERCH0082,2025-01-04 23:31:56,111.49,USD,Approved,Web,Withdrawal
TX03058,CUST0438,ACC0438,CARD1374,MERCH0154,2025-02-07 21:54:27,91.53,GBP,Approved,POS,Transfer
TX03059,CUST0784,ACC0784,CARD0709,MERCH0141,2025-04-23 17:47:02,33.68,USD,Approved,Web,Withdrawal
TX03060,CUST0945,ACC0945,CARD1298,MERCH0058,2025-05-16 00:59:36,33.82,USD,Approved,POS,Purchase
TX03061,CUST0859,ACC0859,CARD0184,MERCH0146,2025-09-05 12:53:00,152.57,USD,Approved,POS,Purchase
TX03062,CUST0280,ACC0280,CARD1123,MERCH0067,2025-04-07 09:06:40,78.44,USD,Approved,Mobile App,Purchase
TX03063,CUST0307,ACC0307,CARD0801,MERCH0122,2025-05-15 22:06:54,13.68,CAD,Approved,Web,Purchase
TX03064,CUST0588,ACC0588,CARD0396,MERCH0087,2025-10-05 13:07:16,384.22,CAD,Approved,POS,Purchase
TX03065,CUST0149,ACC0149,CARD0892,MERCH0131,2025-08-26 09:02:12,82.87,EUR,Approved,ATM,Purchase
TX03066,CUST0822,ACC0822,CARD0401,MERCH0055,2025-05-06 07:58:08,139.12,USD,Approved,POS,Purchase
TX03067,CUST0527,ACC0527,CARD0691,MERCH0089,2025-11-08 06:24:49,329.96,USD,Approved,POS,Purchase
TX03068,CUST0832,ACC0832,CARD0435,MERCH0058,2025-05-15 14:23:49,82.16,EUR,Approved,POS,Transfer
TX03069,CUST0569,ACC0569,CARD1009,MERCH0063,2025-11-02 19:55:39,262.77,USD,Approved,POS,Transfer
TX03070,CUST0273,ACC0273,CARD0254,MERCH0091,2025-05-05 00:40:38,374.33,GBP,Approved,POS,Withdrawal
TX03071,CUST0227,ACC0227,CARD0203,MERCH0052,2025-06-22 13:59:22,33.69,USD,Approved,Mobile App,Purchase
TX03072,CUST0960,ACC0960,CARD0537,MERCH0126,2025-03-29 03:53:46,339.53,EUR,Approved,ATM,Purchase
TX03073,CUST0426,ACC0426,CARD0613,MERCH0024,2025-12-27 14:09:58,24.15,GBP,Approved,Mobile App,Purchase
TX03074,CUST0707,ACC0707,CARD1167,MERCH0072,2025-11-16 15:29:04,53.26,EUR,Approved,Web,Purchase
TX03075,CUST0076,ACC0076,CARD1414,MERCH0009,2025-07-01 14:10:39,252.7,GBP,Approved,Web,Refund
TX03076,CUST0578,ACC0578,CARD0873,MERCH0110,2025-06-17 23:39:32,351.42,GBP,Approved,Web,Purchase
TX03077,CUST0060,ACC0060,CARD0565,MERCH0165,2025-10-27 21:35:58,177.87,EUR,Approved,Web,Purchase
TX03078,CUST0788,ACC0788,CARD0997,MERCH0094,2025-05-10 03:38:25,21.61,EUR,Approved,Web,Withdrawal
TX03079,CUST0289,ACC0289,CARD0587,MERCH0117,2025-07-28 18:39:42,116.03,USD,Approved,ATM,Purchase
TX03080,CUST0959,ACC0959,CARD0812,MERCH0083,2025-05-17 12:53:54,132.52,CAD,Approved,POS,Refund
TX03081,CUST0097,ACC0097,CARD0792,MERCH0181,2025-07-30 16:06:41,54.66,EUR,Approved,POS,Purchase
TX03082,CUST0522,ACC0522,CARD1499,MERCH0080,2025-03-25 16:13:17,716.59,GBP,Approved,POS,Refund
TX03083,CUST0201,ACC0201,CARD1257,MERCH0152,2025-03-06 22:43:58,66.34,EUR,Approved,Web,Purchase
TX03084,CUST0041,ACC0041,CARD0958,MERCH0149,2025-07-30 08:35:41,40.41,USD,Approved,Web,Purchase
TX03085,CUST0588,ACC0588,CARD0396,MERCH0100,2025-03-31 11:22:35,22.5,INR,Approved,Web,Purchase
TX03086,CUST0209,ACC0209,CARD0952,MERCH0040,2025-08-18 15:48:28,76.34,USD,Approved,POS,Purchase
TX03087,CUST0783,ACC0783,CARD0476,MERCH0103,2025-03-09 15:28:16,181.95,CAD,Approved,Web,Purchase
TX03088,CUST0231,ACC0231,CARD0767,MERCH0062,2025-12-19 21:17:56,44.48,USD,Approved,Web,Refund
TX03089,CUST0638,ACC0638,CARD0946,MERCH0198,2025-04-02 04:07:27,225.15,USD,Declined,Web,Withdrawal
TX03090,CUST0336,ACC0336,CARD0960,MERCH0069,2025-03-29 09:30:56,26.82,EUR,Approved,Mobile App,Withdrawal
TX03091,CUST0623,ACC0623,CARD0235,MERCH0142,2025-02-19 07:59:34,92.1,CAD,Approved,POS,Purchase
TX03092,CUST0786,ACC0786,CARD1461,MERCH0109,2025-02-15 22:32:43,186.79,CAD,Pending,POS,Purchase
TX03093,CUST0406,ACC0406,CARD1167,MERCH0170,2025-11-16 10:44:24,26.81,GBP,Approved,POS,Purchase
TX03094,CUST0565,ACC0565,CARD0192,MERCH0178,2025-03-19 10:01:19,141.64,USD,Approved,POS,Purchase
TX03095,CUST0468,ACC0468,CARD1261,MERCH0189,2025-09-15 06:44:19,245.63,USD,Approved,POS,Purchase
TX03096,CUST0185,ACC0185,CARD0633,MERCH0004,2025-11-26 17:10:29,140.78,EUR,Approved,POS,Purchase
TX03097,CUST0582,ACC0582,CARD0729,MERCH0072,2025-12-09 15:34:09,112.45,EUR,Approved,Web,Purchase
TX03098,CUST0895,ACC0895,CARD1429,MERCH0017,2025-06-20 10:08:18,278.3,GBP,Approved,POS,Purchase
TX03099,CUST0421,ACC0421,CARD0682,MERCH0114,2025-09-27 08:00:20,639.22,GBP,Approved,Mobile App,Refund
TX03100,CUST0752,ACC0752,CARD0450,MERCH0085,2025-10-26 09:06:35,35.01,EUR,Approved,POS,Purchase
TX03101,CUST0554,ACC0554,CARD0413,MERCH0057,2025-05-29 23:43:31,181.33,GBP,Approved,POS,Purchase
TX03102,CUST0008,ACC0008,CARD0122,MERCH0107,2025-10-07 15:07:33,17.61,GBP,Approved,POS,Withdrawal
TX03103,CUST0458,ACC0458,CARD1417,MERCH0048,2025-06-15 13:58:45,11.57,CAD,Declined,ATM,Withdrawal
TX03104,CUST0050,ACC0050,CARD0841,MERCH0172,2025-12-05 20:46:36,54.45,EUR,Approved,Web,Refund
TX03105,CUST0173,ACC0173,CARD0796,MERCH0173,2025-11-26 12:41:46,535.65,GBP,Approved,Web,Purchase
TX03106,CUST0340,ACC0340,CARD0659,MERCH0117,2025-03-02 11:53:37,125.51,EUR,Approved,POS,Purchase
TX03107,CUST0888,ACC0888,CARD1075,MERCH0161,2025-02-02 15:28:30,51.85,USD,Approved,Web,Refund
TX03108,CUST0298,ACC0298,CARD0099,MERCH0031,2025-04-22 16:56:04,26.34,USD,Reversed,Web,Refund
TX03109,CUST0444,ACC0444,CARD0269,MERCH0112,2025-04-10 16:47:18,384.2,USD,Approved,POS,Refund
TX03110,CUST0778,ACC0778,CARD0511,MERCH0047,2025-08-06 11:24:08,72.5,USD,Approved,Web,Transfer
TX03111,CUST0132,ACC0132,CARD0099,MERCH0134,2025-07-28 02:49:08,59.94,USD,Approved,POS,Purchase
TX03112,CUST0695,ACC0695,CARD0080,MERCH0108,2025-08-25 23:00:19,297.75,CAD,Approved,POS,Transfer
TX03113,CUST0220,ACC0220,CARD1154,MERCH0072,2025-07-28 17:08:37,144.1,EUR,Approved,Web,Refund
TX03114,CUST0356,ACC0356,CARD0497,MERCH0071,2025-07-25 12:23:41,32.7,USD,Approved,ATM,Purchase
TX03115,CUST0168,ACC0168,CARD0578,MERCH0162,2025-11-24 15:36:12,87.1,EUR,Approved,Web,Withdrawal
TX03116,CUST0656,ACC0656,CARD1439,MERCH0108,2025-12-16 02:15:49,400.15,EUR,Declined,POS,Withdrawal
TX03117,CUST0447,ACC0447,CARD1130,MERCH0053,2025-12-02 06:25:19,352.2,USD,Approved,POS,Purchase
TX03118,CUST0690,ACC0690,CARD0685,MERCH0142,2025-02-07 04:31:19,15.9,USD,Approved,ATM,Purchase
TX03119,CUST0729,ACC0729,CARD0698,MERCH0016,2025-08-16 01:20:03,51.92,CAD,Approved,POS,Transfer
TX03120,CUST0116,ACC0116,CARD0419,MERCH0171,2025-10-09 07:57:14,30.18,GBP,Approved,Mobile App,Purchase
TX03121,CUST0962,ACC0962,CARD1236,MERCH0116,2025-03-16 12:42:55,119.47,EUR,Approved,Web,Purchase
TX03122,CUST0836,ACC0836,CARD0738,MERCH0073,2025-03-24 20:44:36,212.93,EUR,Approved,Web,Purchase
TX03123,CUST0012,ACC0012,CARD1483,MERCH0074,2025-05-23 18:21:43,57.55,USD,Approved,POS,Purchase
TX03124,CUST0575,ACC0575,CARD0279,MERCH0081,2025-12-27 21:35:51,217.82,EUR,Approved,POS,Withdrawal
TX03125,CUST0382,ACC0382,CARD0490,MERCH0012,2025-10-14 14:16:50,170.72,EUR,Approved,Web,Purchase
TX03126,CUST0818,ACC0818,CARD0236,MERCH0128,2025-06-28 13:37:27,200.42,GBP,Approved,ATM,Purchase
TX03127,CUST0012,ACC0012,CARD1483,MERCH0070,2025-02-27 12:45:55,449.18,USD,Pending,POS,Transfer
TX03128,CUST0711,ACC0711,CARD0656,MERCH0147,2025-09-23 00:33:02,87.91,GBP,Approved,Web,Refund
TX03129,CUST0691,ACC0691,CARD0672,MERCH0041,2025-03-14 21:58:38,67.91,USD,Approved,Web,Purchase
TX03130,CUST0014,ACC0014,CARD1397,MERCH0181,2025-12-20 12:51:53,177.73,EUR,Approved,Web,Withdrawal
TX03131,CUST0239,ACC0239,CARD0609,MERCH0157,2025-11-15 04:16:18,252.19,EUR,Approved,Web,Purchase
TX03132,CUST0419,ACC0419,CARD1366,MERCH0198,2025-04-23 19:23:35,36.88,EUR,Reversed,Web,Purchase
TX03133,CUST0420,ACC0420,CARD0305,MERCH0059,2025-10-04 22:56:33,286.4,EUR,Approved,Mobile App,Purchase
TX03134,CUST0759,ACC0759,CARD1029,MERCH0089,2025-08-31 02:01:52,13.94,USD,Approved,POS,Purchase
TX03135,CUST0559,ACC0559,CARD1021,MERCH0192,2025-05-26 04:29:52,5.96,EUR,Approved,Mobile App,Purchase
TX03136,CUST0321,ACC0321,CARD1399,MERCH0024,2025-02-12 01:30:32,30.87,USD,Approved,Web,Purchase
TX03137,CUST0329,ACC0329,CARD1307,MERCH0144,2025-10-20 21:51:51,582.13,USD,Approved,Web,Purchase
TX03138,CUST0222,ACC0222,CARD0730,MERCH0180,2025-03-10 02:51:35,116.21,USD,Approved,POS,Withdrawal
TX03139,CUST0492,ACC0492,CARD0453,MERCH0080,2025-04-29 03:23:10,12.15,EUR,Approved,Web,Purchase
TX03140,CUST0908,ACC0908,CARD1145,MERCH0134,2025-02-24 21:12:05,885.42,USD,Declined,POS,Purchase
TX03141,CUST0343,ACC0343,CARD1073,MERCH0165,2025-08-31 20:07:07,209.92,USD,Approved,POS,Purchase
TX03142,CUST0823,ACC0823,CARD0624,MERCH0132,2025-01-15 21:04:12,278.03,EUR,Approved,POS,Purchase
TX03143,CUST0797,ACC0797,CARD0001,MERCH0092,2025-11-05 16:17:10,40.92,CAD,Approved,Mobile App,Purchase
TX03144,CUST0341,ACC0341,CARD0547,MERCH0166,2025-07-04 17:26:11,21.72,GBP,Approved,Web,Purchase
TX03145,CUST0450,ACC0450,CARD0831,MERCH0169,2025-01-04 02:04:26,113.57,CAD,Approved,Mobile App,Transfer
TX03146,CUST0907,ACC0907,CARD0047,MERCH0092,2025-02-09 04:53:57,226.88,EUR,Approved,Web,Withdrawal
TX03147,CUST0162,ACC0162,CARD0541,MERCH0081,2025-10-13 19:05:45,157.33,EUR,Approved,Mobile App,Withdrawal
TX03148,CUST0927,ACC0927,CARD0726,MERCH0142,2025-04-13 00:51:18,154.57,GBP,Approved,Mobile App,Purchase
TX03149,CUST0398,ACC0398,CARD0685,MERCH0071,2025-06-13 00:59:03,217.26,USD,Approved,POS,Refund
TX03150,CUST0185,ACC0185,CARD0633,MERCH0179,2025-10-03 06:07:44,43.63,USD,Approved,POS,Purchase
TX03151,CUST0016,ACC0016,CARD0872,MERCH0065,2025-04-06 22:20:42,167.49,USD,Approved,Web,Purchase
TX03152,CUST0144,ACC0144,CARD0871,MERCH0052,2025-08-19 23:13:52,79.66,USD,Approved,POS,Refund
TX03153,CUST0901,ACC0901,CARD1070,MERCH0030,2025-03-31 14:18:01,15.85,EUR,Approved,ATM,Purchase
TX03154,CUST0318,ACC0318,CARD0460,MERCH0185,2025-02-05 23:05:14,38.87,EUR,Approved,POS,Refund
TX03155,CUST0900,ACC0900,CARD0346,MERCH0099,2025-05-06 14:02:10,241.98,USD,Approved,Web,Purchase
TX03156,CUST0130,ACC0130,CARD0407,MERCH0158,2025-07-23 07:11:28,344.4,CAD,Approved,Mobile App,Purchase
TX03157,CUST0623,ACC0623,CARD0235,MERCH0098,2025-12-22 08:59:12,54.86,EUR,Declined,POS,Transfer
TX03158,CUST0974,ACC0974,CARD0623,MERCH0042,2025-08-26 06:01:16,36.68,EUR,Approved,POS,Purchase
TX03159,CUST0201,ACC0201,CARD1257,MERCH0139,2025-10-28 10:24:23,9.06,CAD,Approved,POS,Purchase
TX03160,CUST0362,ACC0362,CARD0993,MERCH0027,2025-12-17 17:40:27,447.61,USD,Approved,Web,Purchase
TX03161,CUST0633,ACC0633,CARD1254,MERCH0152,2025-09-11 23:50:37,177.73,GBP,Approved,POS,Withdrawal
TX03162,CUST0130,ACC0130,CARD0407,MERCH0167,2025-05-20 14:15:13,477.09,USD,Approved,Web,Purchase
TX03163,CUST0026,ACC0026,CARD0277,MERCH0072,2025-03-09 12:56:26,304.1,EUR,Approved,Web,Withdrawal
TX03164,CUST0769,ACC0769,CARD1306,MERCH0018,2025-06-28 14:58:04,67.43,CAD,Approved,Web,Withdrawal
TX03165,CUST0505,ACC0505,CARD1124,MERCH0077,2025-11-09 19:54:37,22.93,EUR,Approved,POS,Purchase
TX03166,CUST0811,ACC0811,CARD0674,MERCH0045,2025-11-07 01:39:29,108.69,USD,Approved,POS,Withdrawal
TX03167,CUST0537,ACC0537,CARD1277,MERCH0115,2025-12-29 18:10:35,9.08,USD,Approved,Web,Refund
TX03168,CUST0169,ACC0169,CARD0682,MERCH0087,2025-12-24 20:44:27,29.36,USD,Approved,POS,Refund
TX03169,CUST0625,ACC0625,CARD0751,MERCH0140,2025-05-27 01:23:57,44.87,GBP,Approved,Mobile App,Purchase
TX03170,CUST0105,ACC0105,CARD0015,MERCH0177,2025-04-21 04:04:53,169.33,USD,Approved,POS,Withdrawal
TX03171,CUST0635,ACC0635,CARD1192,MERCH0159,2025-08-26 16:24:50,111.96,USD,Approved,Web,Transfer
TX03172,CUST0677,ACC0677,CARD0387,MERCH0092,2025-01-25 01:39:22,59.02,GBP,Approved,Web,Transfer
TX03173,CUST0350,ACC0350,CARD1397,MERCH0022,2025-07-03 04:34:04,129.78,USD,Approved,Web,Purchase
TX03174,CUST0441,ACC0441,CARD0823,MERCH0172,2025-05-03 10:39:44,25.06,GBP,Approved,ATM,Purchase
TX03175,CUST0580,ACC0580,CARD0062,MERCH0092,2025-02-24 06:44:08,216.41,USD,Approved,POS,Purchase
TX03176,CUST0673,ACC0673,CARD0829,MERCH0192,2025-03-24 11:51:30,191.74,USD,Approved,Mobile App,Purchase
TX03177,CUST0603,ACC0603,CARD0396,MERCH0077,2025-02-03 19:20:25,41.6,USD,Approved,POS,Purchase
TX03178,CUST0963,ACC0963,CARD0025,MERCH0025,2025-04-23 18:53:28,144.86,INR,Approved,POS,Withdrawal
TX03179,CUST0758,ACC0758,CARD0877,MERCH0108,2025-08-18 09:55:32,109.97,EUR,Declined,POS,Purchase
TX03180,CUST0521,ACC0521,CARD0160,MERCH0179,2025-10-14 09:43:00,14.41,USD,Approved,Web,Transfer
TX03181,CUST0815,ACC0815,CARD1330,MERCH0135,2025-07-01 20:49:50,53.89,EUR,Reversed,Web,Purchase
TX03182,CUST0888,ACC0888,CARD1075,MERCH0109,2025-05-17 02:39:14,1140.03,EUR,Approved,Web,Purchase
TX03183,CUST0905,ACC0905,CARD0794,MERCH0134,2025-09-23 13:22:47,20.73,USD,Approved,Web,Purchase
TX03184,CUST0610,ACC0610,CARD0569,MERCH0024,2025-11-06 11:13:48,110.91,GBP,Approved,Mobile App,Withdrawal
TX03185,CUST0577,ACC0577,CARD0867,MERCH0019,2025-06-16 17:25:23,288.9,USD,Approved,Mobile App,Purchase
TX03186,CUST0931,ACC0931,CARD0078,MERCH0083,2025-05-23 06:10:19,58.64,USD,Approved,POS,Purchase
TX03187,CUST0312,ACC0312,CARD1159,MERCH0115,2025-06-25 07:36:37,50.31,EUR,Approved,POS,Purchase
TX03188,CUST0395,ACC0395,CARD0828,MERCH0009,2025-09-09 08:13:22,337.18,USD,Approved,POS,Purchase
TX03189,CUST0057,ACC0057,CARD0242,MERCH0112,2025-07-19 17:15:50,59.54,CAD,Approved,POS,Purchase
TX03190,CUST0659,ACC0659,CARD1206,MERCH0164,2025-07-15 06:25:16,163.11,USD,Approved,POS,Purchase
TX03191,CUST0794,ACC0794,CARD1109,MERCH0102,2025-01-19 04:51:09,207.24,GBP,Approved,POS,Purchase
TX03192,CUST0388,ACC0388,CARD1200,MERCH0168,2025-11-23 05:46:00,238.11,USD,Approved,ATM,Purchase
TX03193,CUST0025,ACC0025,CARD0956,MERCH0152,2025-09-07 21:06:42,792.7,GBP,Approved,Mobile App,Withdrawal
TX03194,CUST0326,ACC0326,CARD1389,MERCH0048,2025-05-07 01:26:17,248.83,USD,Pending,Mobile App,Purchase
TX03195,CUST0148,ACC0148,CARD1039,MERCH0191,2025-07-23 22:49:22,165.51,INR,Approved,ATM,Purchase
TX03196,CUST0746,ACC0746,CARD0909,MERCH0069,2025-11-28 04:47:01,343.73,USD,Approved,Web,Purchase
TX03197,CUST0643,ACC0643,CARD1189,MERCH0181,2025-09-09 14:28:25,359.26,GBP,Approved,POS,Purchase
TX03198,CUST0385,ACC0385,CARD1128,MERCH0182,2025-11-18 21:09:11,547.72,EUR,Approved,Mobile App,Purchase
TX03199,CUST0364,ACC0364,CARD0191,MERCH0170,2025-07-18 17:43:50,229.73,EUR,Declined,POS,Withdrawal
TX03200,CUST0436,ACC0436,CARD0992,MERCH0119,2025-08-28 02:18:50,37.52,USD,Approved,POS,Refund
TX03201,CUST0685,ACC0685,CARD0929,MERCH0045,2025-05-02 02:23:31,190.58,GBP,Approved,POS,Purchase
TX03202,CUST0221,ACC0221,CARD1077,MERCH0125,2025-02-18 13:44:15,16.72,USD,Approved,POS,Withdrawal
TX03203,CUST0423,ACC0423,CARD1078,MERCH0014,2025-04-25 20:00:22,62.4,GBP,Approved,Mobile App,Withdrawal
TX03204,CUST0932,ACC0932,CARD1240,MERCH0157,2025-09-08 13:31:56,23.46,EUR,Approved,Mobile App,Purchase
TX03205,CUST0129,ACC0129,CARD0503,MERCH0134,2025-06-28 18:31:44,454.19,INR,Approved,POS,Purchase
TX03206,CUST0692,ACC0692,CARD0173,MERCH0135,2025-06-03 19:39:39,67.04,EUR,Approved,POS,Purchase
TX03207,CUST0990,ACC0990,CARD0277,MERCH0037,2025-05-30 19:50:35,192.35,USD,Approved,POS,Purchase
TX03208,CUST0454,ACC0454,CARD1498,MERCH0053,2025-11-23 02:44:48,132.06,EUR,Approved,Web,Purchase
TX03209,CUST0904,ACC0904,CARD1097,MERCH0018,2025-09-01 16:19:25,22.06,USD,Approved,POS,Purchase
TX03210,CUST0568,ACC0568,CARD0978,MERCH0038,2025-09-08 04:25:35,128.61,USD,Approved,ATM,Withdrawal
TX03211,CUST0830,ACC0830,CARD0578,MERCH0187,2025-10-26 22:23:51,167.27,USD,Approved,POS,Withdrawal
TX03212,CUST0431,ACC0431,CARD0005,MERCH0129,2025-10-24 12:47:12,324.95,CAD,Approved,ATM,Purchase
TX03213,CUST0507,ACC0507,CARD1204,MERCH0196,2025-04-25 12:27:18,15.9,GBP,Approved,POS,Purchase
TX03214,CUST0944,ACC0944,CARD0363,MERCH0044,2025-01-01 00:09:12,57.57,USD,Approved,Web,Withdrawal
TX03215,CUST0575,ACC0575,CARD0279,MERCH0047,2025-06-22 23:46:31,181.81,EUR,Declined,POS,Refund
TX03216,CUST0045,ACC0045,CARD1268,MERCH0035,2025-04-08 09:16:07,10.24,USD,Approved,Web,Withdrawal
TX03217,CUST0242,ACC0242,CARD0187,MERCH0060,2025-09-08 06:41:01,39.14,USD,Approved,POS,Purchase
TX03218,CUST0168,ACC0168,CARD0578,MERCH0090,2025-12-01 22:18:56,42.01,USD,Approved,Mobile App,Purchase
TX03219,CUST0861,ACC0861,CARD1354,MERCH0052,2025-05-21 12:40:38,170.99,GBP,Approved,POS,Refund
TX03220,CUST0664,ACC0664,CARD1150,MERCH0008,2025-05-17 00:33:02,55.52,INR,Approved,Web,Withdrawal
TX03221,CUST0728,ACC0728,CARD0090,MERCH0107,2025-04-09 09:56:05,142.29,USD,Approved,POS,Purchase
TX03222,CUST0224,ACC0224,CARD0247,MERCH0169,2025-06-24 15:11:21,509.36,USD,Approved,POS,Withdrawal
TX03223,CUST0962,ACC0962,CARD1236,MERCH0131,2025-09-14 17:19:09,241.43,USD,Declined,POS,Purchase
TX03224,CUST0909,ACC0909,CARD0214,MERCH0197,2025-08-12 17:37:54,65.72,CAD,Reversed,ATM,Purchase
TX03225,CUST0831,ACC0831,CARD0075,MERCH0142,2025-11-26 06:16:32,100.91,USD,Approved,POS,Purchase
TX03226,CUST0838,ACC0838,CARD1330,MERCH0096,2025-03-10 06:33:38,38.6,EUR,Approved,POS,Withdrawal
TX03227,CUST0447,ACC0447,CARD1130,MERCH0026,2025-02-19 02:38:49,7.38,CAD,Approved,POS,Purchase
TX03228,CUST0477,ACC0477,CARD0247,MERCH0111,2025-11-05 06:42:34,56.31,USD,Approved,Web,Purchase
TX03229,CUST0285,ACC0285,CARD0152,MERCH0198,2025-04-25 12:28:37,74.16,EUR,Declined,POS,Withdrawal
TX03230,CUST0820,ACC0820,CARD0990,MERCH0123,2025-02-26 04:21:41,129.64,USD,Declined,Mobile App,Withdrawal
TX03231,CUST0955,ACC0955,CARD1255,MERCH0186,2025-01-18 18:57:05,437.54,GBP,Pending,Web,Purchase
TX03232,CUST0872,ACC0872,CARD0761,MERCH0168,2025-09-26 00:49:48,448.05,USD,Approved,Web,Purchase
TX03233,CUST0064,ACC0064,CARD1391,MERCH0051,2025-03-21 13:27:06,15.9,INR,Approved,POS,Purchase
TX03234,CUST0471,ACC0471,CARD1213,MERCH0123,2025-11-06 10:51:53,148.04,CAD,Approved,Web,Purchase
TX03235,CUST0618,ACC0618,CARD0634,MERCH0005,2025-08-13 02:10:38,11.49,GBP,Reversed,POS,Purchase
TX03236,CUST0623,ACC0623,CARD0235,MERCH0077,2025-07-23 08:42:48,161.65,EUR,Approved,POS,Purchase
TX03237,CUST0471,ACC0471,CARD1213,MERCH0160,2025-03-14 13:48:31,23.78,GBP,Approved,POS,Purchase
TX03238,CUST0228,ACC0228,CARD1208,MERCH0001,2025-01-18 15:29:33,443.94,USD,Declined,Web,Refund
TX03239,CUST0195,ACC0195,CARD1249,MERCH0182,2025-09-24 10:38:53,304.64,USD,Approved,POS,Refund
TX03240,CUST0662,ACC0662,CARD0714,MERCH0011,2025-12-06 10:40:18,8.39,USD,Approved,POS,Purchase
TX03241,CUST0443,ACC0443,CARD0656,MERCH0181,2025-04-10 16:31:47,233.58,EUR,Approved,Web,Purchase
TX03242,CUST0148,ACC0148,CARD1039,MERCH0008,2025-12-12 23:54:49,156.55,GBP,Approved,POS,Purchase
TX03243,CUST0661,ACC0661,CARD0091,MERCH0153,2025-10-07 20:16:12,107.59,CAD,Approved,Web,Purchase
TX03244,CUST0540,ACC0540,CARD0035,MERCH0168,2025-05-05 13:06:59,143.43,EUR,Approved,Web,Withdrawal
TX03245,CUST0970,ACC0970,CARD0228,MERCH0032,2025-06-23 11:52:01,175.1,GBP,Approved,POS,Transfer
TX03246,CUST0772,ACC0772,CARD0827,MERCH0028,2025-06-06 04:18:43,328.72,CAD,Approved,POS,Transfer
TX03247,CUST0119,ACC0119,CARD0231,MERCH0131,2025-03-12 11:43:25,223.74,CAD,Reversed,POS,Refund
TX03248,CUST0926,ACC0926,CARD0056,MERCH0128,2025-05-06 18:32:15,133.48,EUR,Approved,Web,Refund
TX03249,CUST0725,ACC0725,CARD1146,MERCH0062,2025-06-01 09:00:37,266.12,USD,Approved,ATM,Purchase
TX03250,CUST0023,ACC0023,CARD0386,MERCH0027,2025-12-13 19:52:11,655.53,EUR,Approved,POS,Refund
TX03251,CUST0038,ACC0038,CARD0700,MERCH0045,2025-05-01 06:09:04,58.54,EUR,Approved,Web,Purchase
TX03252,CUST0630,ACC0630,CARD0492,MERCH0105,2025-01-06 14:59:02,23.91,EUR,Approved,Web,Transfer
TX03253,CUST0866,ACC0866,CARD0053,MERCH0092,2025-02-07 19:36:00,202.21,INR,Approved,Mobile App,Purchase
TX03254,CUST0287,ACC0287,CARD1144,MERCH0025,2025-04-26 09:23:19,581.63,CAD,Approved,Web,Purchase
TX03255,CUST0416,ACC0416,CARD0150,MERCH0189,2025-08-06 09:35:10,23.61,USD,Approved,POS,Purchase
TX03256,CUST0093,ACC0093,CARD0720,MERCH0044,2025-03-19 21:29:26,89.77,USD,Approved,POS,Purchase
TX03257,CUST0267,ACC0267,CARD0624,MERCH0174,2025-10-31 14:47:22,14.64,USD,Approved,Mobile App,Withdrawal
TX03258,CUST0982,ACC0982,CARD1344,MERCH0142,2025-08-16 21:38:31,229.77,USD,Approved,Web,Refund
TX03259,CUST0718,ACC0718,CARD0968,MERCH0136,2025-01-10 19:25:39,450.54,USD,Approved,POS,Purchase
TX03260,CUST0517,ACC0517,CARD0336,MERCH0176,2025-10-17 00:02:43,108.67,CAD,Approved,POS,Purchase
TX03261,CUST0376,ACC0376,CARD0686,MERCH0142,2025-08-27 14:35:40,84.02,EUR,Approved,POS,Purchase
TX03262,CUST0162,ACC0162,CARD0541,MERCH0193,2025-05-24 08:20:30,362.44,EUR,Declined,Mobile App,Purchase
TX03263,CUST0253,ACC0253,CARD0864,MERCH0080,2025-01-18 08:17:50,26.47,USD,Approved,Web,Purchase
TX03264,CUST0268,ACC0268,CARD1017,MERCH0082,2025-12-08 08:11:22,338.27,EUR,Approved,Web,Purchase
TX03265,CUST0017,ACC0017,CARD0131,MERCH0135,2025-12-05 15:54:15,79.67,CAD,Approved,POS,Purchase
TX03266,CUST0997,ACC0997,CARD0823,MERCH0088,2025-09-05 18:02:10,127.94,GBP,Approved,POS,Refund
TX03267,CUST0141,ACC0141,CARD0503,MERCH0177,2025-11-21 07:19:39,117.71,USD,Approved,POS,Transfer
TX03268,CUST0084,ACC0084,CARD0996,MERCH0127,2025-07-23 06:34:34,148.56,CAD,Approved,Web,Purchase
TX03269,CUST0892,ACC0892,CARD0604,MERCH0055,2025-02-27 01:49:50,432.42,USD,Approved,POS,Refund
TX03270,CUST0764,ACC0764,CARD0146,MERCH0141,2025-07-20 11:13:46,457.78,EUR,Declined,POS,Purchase
TX03271,CUST0835,ACC0835,CARD0764,MERCH0184,2025-04-22 10:33:35,271.81,USD,Reversed,POS,Withdrawal
TX03272,CUST0040,ACC0040,CARD0190,MERCH0056,2025-02-05 19:15:53,36.89,EUR,Declined,Web,Withdrawal
TX03273,CUST0301,ACC0301,CARD0878,MERCH0015,2025-11-06 23:03:10,65.86,USD,Approved,POS,Purchase
TX03274,CUST0673,ACC0673,CARD0829,MERCH0185,2025-04-25 09:22:42,105.36,EUR,Declined,Web,Purchase
TX03275,CUST0378,ACC0378,CARD1312,MERCH0058,2025-08-11 10:24:59,358.81,EUR,Approved,Mobile App,Refund
TX03276,CUST0591,ACC0591,CARD0076,MERCH0163,2025-06-09 04:49:01,115.37,USD,Approved,POS,Purchase
TX03277,CUST0025,ACC0025,CARD0956,MERCH0088,2025-04-06 23:21:14,573.71,CAD,Approved,POS,Purchase
TX03278,CUST0275,ACC0275,CARD1061,MERCH0097,2025-04-30 18:05:26,623.79,USD,Approved,Mobile App,Refund
TX03279,CUST0298,ACC0298,CARD0099,MERCH0144,2025-06-15 15:19:57,141.91,CAD,Approved,Web,Purchase
TX03280,CUST0817,ACC0817,CARD1078,MERCH0008,2025-07-05 04:24:12,319.94,USD,Approved,Mobile App,Purchase
TX03281,CUST0737,ACC0737,CARD0502,MERCH0173,2025-03-07 05:54:18,1078.95,GBP,Approved,POS,Refund
TX03282,CUST0353,ACC0353,CARD1061,MERCH0040,2025-02-06 18:49:44,289.28,EUR,Approved,ATM,Refund
TX03283,CUST0477,ACC0477,CARD0247,MERCH0182,2025-12-24 19:55:28,165.46,USD,Approved,POS,Refund
TX03284,CUST0076,ACC0076,CARD1414,MERCH0014,2025-10-02 02:44:55,284.78,USD,Approved,ATM,Purchase
TX03285,CUST0737,ACC0737,CARD0502,MERCH0187,2025-09-20 09:25:24,17.94,EUR,Approved,ATM,Purchase
TX03286,CUST0478,ACC0478,CARD1100,MERCH0053,2025-10-25 19:40:31,156.11,GBP,Approved,Web,Withdrawal
TX03287,CUST0087,ACC0087,CARD1295,MERCH0127,2025-01-11 02:32:16,41.6,INR,Approved,Web,Withdrawal
TX03288,CUST0431,ACC0431,CARD0005,MERCH0155,2025-10-24 07:37:11,23.51,USD,Approved,Mobile App,Purchase
TX03289,CUST0373,ACC0373,CARD0566,MERCH0175,2025-11-03 18:45:39,340.06,USD,Approved,POS,Transfer
TX03290,CUST0988,ACC0988,CARD1461,MERCH0080,2025-02-01 11:52:27,158.1,EUR,Declined,Web,Refund
TX03291,CUST0441,ACC0441,CARD0823,MERCH0115,2025-07-18 22:09:23,46.87,EUR,Approved,ATM,Withdrawal
TX03292,CUST0732,ACC0732,CARD0540,MERCH0134,2025-03-30 20:16:34,78.36,CAD,Approved,POS,Purchase
TX03293,CUST0891,ACC0891,CARD1490,MERCH0055,2025-04-18 19:10:15,548.33,USD,Approved,ATM,Purchase
TX03294,CUST0888,ACC0888,CARD1075,MERCH0044,2025-02-09 00:00:51,302.27,EUR,Approved,Web,Purchase
TX03295,CUST0900,ACC0900,CARD0346,MERCH0018,2025-04-22 19:25:26,7.36,EUR,Approved,Mobile App,Purchase
TX03296,CUST0004,ACC0004,CARD1295,MERCH0016,2025-03-09 07:54:51,590.32,USD,Approved,POS,Purchase
TX03297,CUST0483,ACC0483,CARD0697,MERCH0012,2025-07-28 09:41:20,73.96,GBP,Approved,POS,Withdrawal
TX03298,CUST0646,ACC0646,CARD1389,MERCH0148,2025-03-03 13:09:21,183.32,USD,Approved,ATM,Withdrawal
TX03299,CUST0975,ACC0975,CARD1393,MERCH0045,2025-05-14 22:27:55,192.07,EUR,Approved,POS,Withdrawal
TX03300,CUST0241,ACC0241,CARD1148,MERCH0192,2025-05-02 18:34:50,369.03,EUR,Approved,Web,Purchase
TX03301,CUST0784,ACC0784,CARD0709,MERCH0187,2025-06-20 04:36:33,329.5,USD,Reversed,Mobile App,Purchase
TX03302,CUST0305,ACC0305,CARD0957,MERCH0093,2025-10-23 09:10:05,54.64,USD,Approved,POS,Purchase
TX03303,CUST0485,ACC0485,CARD1244,MERCH0022,2025-12-02 18:11:11,159.73,INR,Approved,Web,Withdrawal
TX03304,CUST0431,ACC0431,CARD0005,MERCH0097,2025-09-12 14:05:28,80.06,CAD,Approved,POS,Purchase
TX03305,CUST0978,ACC0978,CARD0425,MERCH0047,2025-01-29 10:05:08,116.84,CAD,Approved,Web,Purchase
TX03306,CUST0810,ACC0810,CARD0250,MERCH0029,2025-03-21 18:12:04,126.34,INR,Approved,POS,Purchase
TX03307,CUST0691,ACC0691,CARD0672,MERCH0045,2025-02-20 02:35:27,80.71,USD,Approved,Web,Purchase
TX03308,CUST0605,ACC0605,CARD0948,MERCH0077,2025-12-27 12:01:48,98.51,USD,Approved,Mobile App,Transfer
TX03309,CUST0726,ACC0726,CARD1372,MERCH0009,2025-03-31 04:35:33,40.04,USD,Approved,POS,Purchase
TX03310,CUST0501,ACC0501,CARD1278,MERCH0024,2025-08-31 12:21:28,145.34,CAD,Approved,Web,Withdrawal
TX03311,CUST0216,ACC0216,CARD0855,MERCH0015,2025-03-30 11:13:49,218.42,GBP,Approved,Web,Purchase
TX03312,CUST0198,ACC0198,CARD0664,MERCH0164,2025-01-15 23:59:08,89.25,EUR,Approved,POS,Purchase
TX03313,CUST0533,ACC0533,CARD0285,MERCH0013,2025-12-28 05:44:13,575.34,CAD,Approved,Web,Purchase
TX03314,CUST0476,ACC0476,CARD0861,MERCH0091,2025-03-31 03:47:34,13.84,EUR,Approved,Mobile App,Transfer
TX03315,CUST0685,ACC0685,CARD0929,MERCH0172,2025-03-02 19:18:03,138.43,USD,Approved,ATM,Purchase
TX03316,CUST0288,ACC0288,CARD0628,MERCH0101,2025-08-08 03:42:52,136.42,USD,Approved,POS,Refund
TX03317,CUST0059,ACC0059,CARD1370,MERCH0071,2025-11-03 18:49:59,10.55,USD,Approved,Web,Transfer
TX03318,CUST0102,ACC0102,CARD0493,MERCH0200,2025-03-18 10:09:43,43.15,USD,Approved,Web,Withdrawal
TX03319,CUST0772,ACC0772,CARD0827,MERCH0122,2025-04-22 18:21:53,358.94,USD,Approved,ATM,Purchase
TX03320,CUST0059,ACC0059,CARD1370,MERCH0076,2025-07-01 13:46:14,122.96,GBP,Approved,POS,Refund
TX03321,CUST0717,ACC0717,CARD0784,MERCH0164,2025-07-23 18:02:14,91.01,USD,Approved,Mobile App,Purchase
TX03322,CUST0226,ACC0226,CARD1463,MERCH0116,2025-07-25 23:38:16,85.55,GBP,Approved,ATM,Purchase
TX03323,CUST0271,ACC0271,CARD0897,MERCH0061,2025-08-30 08:10:18,333.6,EUR,Approved,ATM,Purchase
TX03324,CUST0397,ACC0397,CARD0036,MERCH0168,2025-06-25 13:51:14,73.6,INR,Approved,Web,Purchase
TX03325,CUST0286,ACC0286,CARD0054,MERCH0126,2025-01-31 04:45:30,299.03,GBP,Approved,POS,Purchase
TX03326,CUST0805,ACC0805,CARD0034,MERCH0155,2025-08-30 18:57:28,60.48,INR,Approved,Web,Refund
TX03327,CUST0972,ACC0972,CARD1494,MERCH0001,2025-07-15 22:36:33,118.73,USD,Approved,POS,Withdrawal
TX03328,CUST0896,ACC0896,CARD0838,MERCH0162,2025-09-26 13:47:15,28.29,USD,Approved,Web,Purchase
TX03329,CUST0291,ACC0291,CARD1446,MERCH0068,2025-06-19 04:50:04,266.47,EUR,Approved,Web,Purchase
TX03330,CUST0279,ACC0279,CARD1257,MERCH0088,2025-12-23 15:26:58,204.76,USD,Approved,POS,Transfer
TX03331,CUST0582,ACC0582,CARD0729,MERCH0021,2025-12-02 03:49:45,118.28,EUR,Approved,POS,Purchase
TX03332,CUST0260,ACC0260,CARD0473,MERCH0161,2025-08-20 04:04:54,8.94,USD,Approved,POS,Purchase
TX03333,CUST0202,ACC0202,CARD1137,MERCH0135,2025-10-02 19:19:09,103.45,EUR,Approved,POS,Purchase
TX03334,CUST0042,ACC0042,CARD0687,MERCH0193,2025-02-01 03:05:56,43.27,CAD,Reversed,Web,Purchase
TX03335,CUST0314,ACC0314,CARD0401,MERCH0003,2025-03-06 11:17:25,85.01,USD,Declined,POS,Purchase
TX03336,CUST0495,ACC0495,CARD0218,MERCH0051,2025-01-27 15:49:42,296.14,INR,Approved,Mobile App,Refund
TX03337,CUST0327,ACC0327,CARD0563,MERCH0079,2025-10-30 00:38:35,225.19,USD,Approved,Web,Refund
TX03338,CUST0345,ACC0345,CARD1196,MERCH0095,2025-03-26 03:27:00,46.55,USD,Approved,Mobile App,Purchase
TX03339,CUST0619,ACC0619,CARD1157,MERCH0182,2025-03-23 13:02:52,634.49,EUR,Approved,POS,Purchase
TX03340,CUST0687,ACC0687,CARD1141,MERCH0123,2025-11-15 22:27:33,355.28,GBP,Approved,Mobile App,Transfer
TX03341,CUST0906,ACC0906,CARD0249,MERCH0187,2025-11-24 13:23:45,117.83,GBP,Approved,ATM,Withdrawal
TX03342,CUST0418,ACC0418,CARD0570,MERCH0006,2025-03-14 06:20:54,118.3,GBP,Approved,POS,Purchase
TX03343,CUST0030,ACC0030,CARD0022,MERCH0157,2025-01-30 19:39:40,352.3,USD,Approved,POS,Purchase
TX03344,CUST0697,ACC0697,CARD1237,MERCH0017,2025-07-29 15:51:43,156.65,USD,Approved,Web,Purchase
TX03345,CUST0141,ACC0141,CARD0503,MERCH0117,2025-08-01 17:40:20,120.4,USD,Approved,Web,Refund
TX03346,CUST0490,ACC0490,CARD0958,MERCH0060,2025-06-06 12:23:10,212.43,USD,Approved,POS,Withdrawal
TX03347,CUST0768,ACC0768,CARD0853,MERCH0150,2025-12-23 20:09:14,45.2,INR,Approved,ATM,Purchase
TX03348,CUST0930,ACC0930,CARD0028,MERCH0152,2025-01-22 00:16:13,321.02,CAD,Approved,Web,Refund
TX03349,CUST0767,ACC0767,CARD0177,MERCH0125,2025-03-24 16:19:46,118.71,USD,Approved,Mobile App,Refund
TX03350,CUST0125,ACC0125,CARD0780,MERCH0081,2025-08-22 09:30:45,143.76,GBP,Approved,POS,Purchase
TX03351,CUST0229,ACC0229,CARD0123,MERCH0085,2025-07-07 15:14:01,19.14,EUR,Approved,POS,Withdrawal
TX03352,CUST0714,ACC0714,CARD1036,MERCH0051,2025-09-16 19:59:40,60.55,USD,Approved,POS,Withdrawal
TX03353,CUST0412,ACC0412,CARD0051,MERCH0178,2025-11-02 13:39:13,88.46,USD,Approved,POS,Withdrawal
TX03354,CUST0841,ACC0841,CARD1359,MERCH0139,2025-09-28 21:22:22,85.14,EUR,Approved,ATM,Withdrawal
TX03355,CUST0661,ACC0661,CARD0091,MERCH0184,2025-07-07 01:39:32,230.95,EUR,Approved,Web,Purchase
TX03356,CUST0332,ACC0332,CARD1301,MERCH0071,2025-08-12 17:52:46,54.76,USD,Approved,Mobile App,Refund
TX03357,CUST0301,ACC0301,CARD0878,MERCH0170,2025-06-29 02:08:22,35.15,CAD,Approved,ATM,Purchase
TX03358,CUST0822,ACC0822,CARD0401,MERCH0039,2025-12-21 05:59:00,136.06,EUR,Approved,POS,Purchase
TX03359,CUST0225,ACC0225,CARD0836,MERCH0069,2025-04-17 18:07:32,148.18,USD,Approved,POS,Purchase
TX03360,CUST0701,ACC0701,CARD1251,MERCH0048,2025-11-09 14:32:00,24.45,USD,Approved,ATM,Purchase
TX03361,CUST0599,ACC0599,CARD0144,MERCH0125,2025-10-08 00:43:19,5.37,GBP,Approved,Web,Purchase
TX03362,CUST0527,ACC0527,CARD0691,MERCH0057,2025-03-26 23:31:59,379.51,EUR,Approved,Web,Purchase
TX03363,CUST0418,ACC0418,CARD0570,MERCH0021,2025-12-24 16:20:55,17.45,GBP,Approved,Web,Transfer
TX03364,CUST0053,ACC0053,CARD0388,MERCH0082,2025-12-20 00:00:18,347.22,USD,Approved,Mobile App,Transfer
TX03365,CUST0098,ACC0098,CARD0217,MERCH0099,2025-12-13 07:13:12,81.43,USD,Approved,Web,Transfer
TX03366,CUST0708,ACC0708,CARD1439,MERCH0148,2025-11-21 19:41:56,163.79,USD,Approved,Mobile App,Transfer
TX03367,CUST0973,ACC0973,CARD0034,MERCH0015,2025-06-07 23:27:31,35.8,USD,Approved,ATM,Purchase
TX03368,CUST0779,ACC0779,CARD0385,MERCH0069,2025-10-31 10:24:47,265.52,EUR,Approved,Web,Purchase
TX03369,CUST0891,ACC0891,CARD1490,MERCH0179,2025-05-24 17:04:17,34.8,USD,Pending,Web,Purchase
TX03370,CUST0437,ACC0437,CARD0884,MERCH0076,2025-07-03 05:13:56,78.29,USD,Declined,POS,Purchase
TX03371,CUST0666,ACC0666,CARD0173,MERCH0062,2025-10-14 03:09:54,45.78,USD,Approved,POS,Refund
TX03372,CUST0355,ACC0355,CARD1373,MERCH0119,2025-10-08 07:01:20,277.57,EUR,Approved,Web,Withdrawal
TX03373,CUST0584,ACC0584,CARD0397,MERCH0037,2025-11-14 21:28:38,298.14,GBP,Approved,POS,Purchase
TX03374,CUST0175,ACC0175,CARD1364,MERCH0134,2025-05-16 19:29:22,74.79,GBP,Approved,ATM,Purchase
TX03375,CUST0726,ACC0726,CARD1372,MERCH0199,2025-05-19 21:26:06,60.09,GBP,Approved,Web,Purchase
TX03376,CUST0848,ACC0848,CARD0984,MERCH0026,2025-06-26 13:14:16,227.79,EUR,Approved,ATM,Purchase
TX03377,CUST0612,ACC0612,CARD0109,MERCH0008,2025-04-24 06:27:13,321.19,USD,Approved,POS,Purchase
TX03378,CUST0809,ACC0809,CARD0154,MERCH0004,2025-07-15 02:16:17,151.73,GBP,Approved,ATM,Withdrawal
TX03379,CUST0779,ACC0779,CARD0385,MERCH0021,2025-12-14 09:35:28,398.43,USD,Approved,Web,Refund
TX03380,CUST0854,ACC0854,CARD0081,MERCH0159,2025-11-27 17:02:31,77.44,GBP,Approved,Mobile App,Refund
TX03381,CUST0959,ACC0959,CARD0812,MERCH0149,2025-09-18 15:47:11,29.71,GBP,Approved,POS,Purchase
TX03382,CUST0494,ACC0494,CARD0912,MERCH0025,2025-04-26 06:31:48,34.7,EUR,Approved,Web,Purchase
TX03383,CUST0945,ACC0945,CARD1298,MERCH0143,2025-05-30 22:21:41,171.22,USD,Approved,Web,Refund
TX03384,CUST0942,ACC0942,CARD0919,MERCH0163,2025-06-14 04:20:11,83.52,INR,Reversed,POS,Withdrawal
TX03385,CUST0811,ACC0811,CARD0674,MERCH0177,2025-09-24 11:23:23,30.5,GBP,Pending,POS,Purchase
TX03386,CUST0940,ACC0940,CARD1031,MERCH0043,2025-06-30 03:09:00,56.84,GBP,Approved,ATM,Transfer
TX03387,CUST0835,ACC0835,CARD0764,MERCH0169,2025-04-26 20:44:44,118.45,USD,Approved,POS,Purchase
TX03388,CUST0713,ACC0713,CARD0971,MERCH0037,2025-03-08 23:03:55,24.42,USD,Approved,POS,Purchase
TX03389,CUST0165,ACC0165,CARD1184,MERCH0185,2025-09-03 05:04:20,5.52,USD,Approved,POS,Refund
TX03390,CUST0644,ACC0644,CARD1446,MERCH0042,2025-09-01 08:28:00,378.88,USD,Approved,ATM,Purchase
TX03391,CUST0649,ACC0649,CARD0511,MERCH0175,2025-10-31 16:36:29,59.55,EUR,Approved,Web,Withdrawal
TX03392,CUST0993,ACC0993,CARD1374,MERCH0092,2025-07-10 08:56:31,42.56,CAD,Approved,POS,Purchase
TX03393,CUST0346,ACC0346,CARD1244,MERCH0061,2025-04-07 20:51:22,184.84,USD,Approved,Web,Purchase
TX03394,CUST0689,ACC0689,CARD0058,MERCH0142,2025-07-24 13:46:40,293.01,EUR,Approved,Mobile App,Purchase
TX03395,CUST0457,ACC0457,CARD1151,MERCH0068,2025-05-17 03:33:56,155.06,USD,Approved,POS,Purchase
TX03396,CUST0962,ACC0962,CARD1236,MERCH0053,2025-10-13 14:37:28,49.05,USD,Pending,POS,Purchase
TX03397,CUST0596,ACC0596,CARD1408,MERCH0084,2025-10-30 22:28:13,301.68,CAD,Approved,POS,Purchase
TX03398,CUST0016,ACC0016,CARD0872,MERCH0034,2025-05-15 08:24:15,112.13,GBP,Declined,Web,Purchase
TX03399,CUST0320,ACC0320,CARD0470,MERCH0076,2025-09-12 07:00:21,76.99,EUR,Approved,Web,Refund
TX03400,CUST0991,ACC0991,CARD0624,MERCH0097,2025-10-17 00:11:59,144.23,USD,Declined,Web,Transfer
TX03401,CUST0288,ACC0288,CARD0628,MERCH0152,2025-04-11 15:29:39,185.9,USD,Approved,Web,Purchase
TX03402,CUST0191,ACC0191,CARD1480,MERCH0148,2025-02-15 15:11:54,140.15,USD,Approved,POS,Transfer
TX03403,CUST0793,ACC0793,CARD1169,MERCH0197,2025-03-11 03:35:35,384.32,USD,Approved,POS,Purchase
TX03404,CUST0955,ACC0955,CARD1255,MERCH0030,2025-10-07 12:13:55,153.34,USD,Approved,POS,Withdrawal
TX03405,CUST0691,ACC0691,CARD0672,MERCH0088,2025-08-12 07:45:37,321.28,GBP,Pending,POS,Purchase
TX03406,CUST0658,ACC0658,CARD0876,MERCH0007,2025-04-19 20:24:40,137.63,USD,Approved,POS,Purchase
TX03407,CUST0585,ACC0585,CARD0699,MERCH0036,2025-03-04 21:44:43,65.0,USD,Approved,Web,Transfer
TX03408,CUST0489,ACC0489,CARD0094,MERCH0038,2025-09-23 21:27:13,118.99,EUR,Approved,POS,Purchase
TX03409,CUST0448,ACC0448,CARD0657,MERCH0052,2025-02-13 04:13:41,18.54,CAD,Declined,Mobile App,Purchase
TX03410,CUST0270,ACC0270,CARD0002,MERCH0143,2025-09-19 15:33:43,44.24,INR,Approved,Web,Purchase
TX03411,CUST0453,ACC0453,CARD0741,MERCH0174,2025-05-01 00:36:39,223.01,GBP,Approved,POS,Purchase
TX03412,CUST0220,ACC0220,CARD1154,MERCH0151,2025-08-01 14:27:42,167.47,USD,Approved,Web,Withdrawal
TX03413,CUST0073,ACC0073,CARD1412,MERCH0140,2025-04-21 19:53:29,32.32,USD,Approved,Web,Refund
TX03414,CUST0598,ACC0598,CARD1391,MERCH0172,2025-12-27 21:08:15,91.44,CAD,Approved,Mobile App,Withdrawal
TX03415,CUST0975,ACC0975,CARD1393,MERCH0143,2025-08-10 13:34:25,27.97,CAD,Approved,Mobile App,Transfer
TX03416,CUST0423,ACC0423,CARD1078,MERCH0093,2025-07-29 21:26:35,295.5,EUR,Approved,Web,Transfer
TX03417,CUST0304,ACC0304,CARD1187,MERCH0107,2025-03-12 08:06:00,22.34,USD,Approved,Web,Purchase
TX03418,CUST0550,ACC0550,CARD0617,MERCH0126,2025-12-26 08:07:52,164.3,USD,Approved,POS,Purchase
TX03419,CUST0101,ACC0101,CARD0380,MERCH0049,2025-09-19 09:20:45,145.09,CAD,Approved,Web,Purchase
TX03420,CUST0658,ACC0658,CARD0876,MERCH0021,2025-07-07 02:58:11,101.02,USD,Approved,ATM,Purchase
TX03421,CUST0530,ACC0530,CARD1441,MERCH0015,2025-08-27 12:35:11,53.91,EUR,Approved,Web,Withdrawal
TX03422,CUST0936,ACC0936,CARD0526,MERCH0014,2025-05-30 10:50:38,82.62,INR,Approved,POS,Purchase
TX03423,CUST0812,ACC0812,CARD0438,MERCH0042,2025-11-15 15:29:35,251.29,GBP,Approved,Web,Purchase
TX03424,CUST0778,ACC0778,CARD0511,MERCH0015,2025-10-01 12:45:00,220.04,USD,Approved,ATM,Purchase
TX03425,CUST0066,ACC0066,CARD1479,MERCH0063,2025-05-19 02:18:14,206.38,USD,Approved,POS,Purchase
TX03426,CUST0947,ACC0947,CARD0739,MERCH0196,2025-08-30 17:23:00,212.84,USD,Approved,Web,Withdrawal
TX03427,CUST0543,ACC0543,CARD0090,MERCH0027,2025-08-02 06:57:39,28.3,EUR,Approved,POS,Refund
TX03428,CUST0103,ACC0103,CARD1065,MERCH0093,2025-01-17 11:17:06,20.65,EUR,Approved,POS,Purchase
TX03429,CUST0107,ACC0107,CARD0521,MERCH0105,2025-08-12 17:03:37,301.53,USD,Approved,POS,Withdrawal
TX03430,CUST0876,ACC0876,CARD1398,MERCH0053,2025-11-09 16:27:08,277.26,USD,Approved,POS,Purchase
TX03431,CUST0891,ACC0891,CARD1490,MERCH0052,2025-05-14 09:42:09,176.53,USD,Approved,POS,Purchase
TX03432,CUST0962,ACC0962,CARD1236,MERCH0063,2025-05-12 22:22:02,144.67,INR,Approved,Web,Purchase
TX03433,CUST0069,ACC0069,CARD0776,MERCH0181,2025-08-20 19:28:09,73.56,GBP,Approved,Web,Purchase
TX03434,CUST0284,ACC0284,CARD0404,MERCH0057,2025-04-02 02:12:26,43.06,USD,Approved,POS,Purchase
TX03435,CUST0143,ACC0143,CARD0398,MERCH0120,2025-04-09 19:23:58,170.24,CAD,Declined,ATM,Purchase
TX03436,CUST0171,ACC0171,CARD1013,MERCH0052,2025-01-08 11:37:56,371.34,EUR,Approved,POS,Purchase
TX03437,CUST0792,ACC0792,CARD0083,MERCH0107,2025-11-17 13:58:53,91.17,GBP,Approved,Web,Purchase
TX03438,CUST0136,ACC0136,CARD0613,MERCH0043,2025-12-26 14:14:58,59.19,EUR,Approved,POS,Withdrawal
TX03439,CUST0758,ACC0758,CARD0877,MERCH0135,2025-08-13 11:36:51,52.36,GBP,Approved,POS,Withdrawal
TX03440,CUST0771,ACC0771,CARD1241,MERCH0117,2025-07-27 11:56:14,8.6,USD,Approved,Web,Withdrawal
TX03441,CUST0664,ACC0664,CARD1150,MERCH0170,2025-02-28 12:27:10,115.19,EUR,Approved,Web,Purchase
TX03442,CUST0254,ACC0254,CARD0489,MERCH0004,2025-03-05 12:43:43,671.41,GBP,Approved,Mobile App,Withdrawal
TX03443,CUST0873,ACC0873,CARD1207,MERCH0197,2025-02-17 20:39:57,258.3,USD,Approved,Mobile App,Purchase
TX03444,CUST0763,ACC0763,CARD1089,MERCH0133,2025-11-07 18:37:58,346.65,USD,Approved,Web,Purchase
TX03445,CUST0578,ACC0578,CARD0873,MERCH0080,2025-09-05 18:52:31,150.6,USD,Pending,POS,Withdrawal
TX03446,CUST0254,ACC0254,CARD0489,MERCH0041,2025-08-20 03:35:05,103.51,USD,Approved,Web,Withdrawal
TX03447,CUST0813,ACC0813,CARD0118,MERCH0132,2025-04-08 11:22:35,702.79,USD,Approved,Web,Refund
TX03448,CUST0283,ACC0283,CARD1155,MERCH0002,2025-11-04 06:40:44,93.9,EUR,Approved,POS,Refund
TX03449,CUST0191,ACC0191,CARD1480,MERCH0195,2025-05-20 01:40:28,378.03,USD,Approved,POS,Transfer
TX03450,CUST0664,ACC0664,CARD1150,MERCH0149,2025-11-24 14:25:01,220.22,USD,Approved,POS,Refund
TX03451,CUST0980,ACC0980,CARD0692,MERCH0198,2025-05-05 01:45:06,65.29,CAD,Declined,POS,Withdrawal
TX03452,CUST0235,ACC0235,CARD0198,MERCH0043,2025-03-01 07:41:18,109.89,EUR,Approved,Web,Purchase
TX03453,CUST0808,ACC0808,CARD1096,MERCH0082,2025-11-29 03:26:03,77.76,USD,Approved,Mobile App,Purchase
TX03454,CUST0099,ACC0099,CARD0764,MERCH0108,2025-08-31 17:43:24,26.97,USD,Approved,Web,Transfer
TX03455,CUST0665,ACC0665,CARD1475,MERCH0197,2025-09-15 13:29:04,71.19,GBP,Approved,ATM,Purchase
TX03456,CUST0463,ACC0463,CARD0802,MERCH0137,2025-07-09 03:15:52,334.7,GBP,Approved,POS,Purchase
TX03457,CUST0342,ACC0342,CARD1216,MERCH0156,2025-11-11 04:37:59,214.53,USD,Approved,POS,Purchase
TX03458,CUST0356,ACC0356,CARD0497,MERCH0026,2025-06-26 00:13:19,53.77,CAD,Reversed,Web,Purchase
TX03459,CUST0797,ACC0797,CARD0001,MERCH0082,2025-10-21 02:45:34,73.81,GBP,Approved,Mobile App,Purchase
TX03460,CUST0567,ACC0567,CARD1123,MERCH0083,2025-08-03 16:27:03,148.74,CAD,Pending,Web,Withdrawal
TX03461,CUST0295,ACC0295,CARD1136,MERCH0131,2025-05-21 11:32:36,85.71,USD,Approved,Web,Withdrawal
TX03462,CUST0770,ACC0770,CARD0063,MERCH0073,2025-07-01 12:05:58,109.89,USD,Approved,Mobile App,Purchase
TX03463,CUST0561,ACC0561,CARD0676,MERCH0100,2025-01-23 07:46:53,184.68,USD,Approved,Web,Purchase
TX03464,CUST0800,ACC0800,CARD0717,MERCH0049,2025-04-17 06:21:15,99.46,USD,Approved,Mobile App,Purchase
TX03465,CUST0844,ACC0844,CARD0447,MERCH0145,2025-05-22 03:10:08,36.79,USD,Approved,Mobile App,Refund
TX03466,CUST0022,ACC0022,CARD0806,MERCH0063,2025-10-07 17:08:04,115.27,USD,Approved,POS,Purchase
TX03467,CUST0777,ACC0777,CARD1123,MERCH0055,2025-07-10 03:46:41,71.04,GBP,Declined,Mobile App,Purchase
TX03468,CUST0262,ACC0262,CARD1439,MERCH0151,2025-06-28 00:18:55,56.53,USD,Approved,POS,Purchase
TX03469,CUST0974,ACC0974,CARD0623,MERCH0034,2025-08-02 03:18:33,64.65,USD,Approved,ATM,Purchase
TX03470,CUST0145,ACC0145,CARD0795,MERCH0105,2025-07-19 20:01:24,91.71,CAD,Declined,POS,Purchase
TX03471,CUST0824,ACC0824,CARD0767,MERCH0105,2025-01-07 13:36:25,331.54,USD,Reversed,Web,Purchase
TX03472,CUST0327,ACC0327,CARD0563,MERCH0069,2025-01-13 07:33:35,203.67,EUR,Approved,ATM,Purchase
TX03473,CUST0127,ACC0127,CARD1057,MERCH0015,2025-10-13 17:15:10,170.34,EUR,Approved,POS,Purchase
TX03474,CUST0973,ACC0973,CARD0034,MERCH0175,2025-09-29 03:53:44,100.59,INR,Approved,Web,Refund
TX03475,CUST0793,ACC0793,CARD1169,MERCH0003,2025-05-30 22:44:15,5.27,CAD,Approved,POS,Purchase
TX03476,CUST0432,ACC0432,CARD1127,MERCH0156,2025-10-23 21:42:37,67.45,EUR,Approved,POS,Purchase
TX03477,CUST0088,ACC0088,CARD0456,MERCH0003,2025-09-29 05:32:03,256.65,CAD,Approved,ATM,Purchase
TX03478,CUST0995,ACC0995,CARD1470,MERCH0102,2025-11-15 00:08:46,78.7,EUR,Reversed,POS,Purchase
TX03479,CUST0012,ACC0012,CARD1483,MERCH0004,2025-09-05 00:29:13,129.45,EUR,Approved,Mobile App,Purchase
TX03480,CUST0007,ACC0007,CARD1045,MERCH0088,2025-05-17 04:04:16,39.36,USD,Approved,POS,Transfer
TX03481,CUST0700,ACC0700,CARD1253,MERCH0159,2025-08-15 17:55:55,376.29,EUR,Approved,Mobile App,Transfer
TX03482,CUST0772,ACC0772,CARD0827,MERCH0045,2025-01-20 21:02:36,389.92,EUR,Approved,Mobile App,Withdrawal
TX03483,CUST0403,ACC0403,CARD0654,MERCH0187,2025-04-29 21:44:37,28.69,EUR,Approved,Web,Refund
TX03484,CUST0994,ACC0994,CARD0843,MERCH0045,2025-08-22 18:10:02,198.19,EUR,Approved,ATM,Refund
TX03485,CUST0229,ACC0229,CARD0123,MERCH0075,2025-12-02 11:35:33,16.73,USD,Approved,POS,Purchase
TX03486,CUST0380,ACC0380,CARD0962,MERCH0165,2025-03-24 10:19:45,141.9,USD,Approved,Mobile App,Refund
TX03487,CUST0575,ACC0575,CARD0279,MERCH0193,2025-10-01 14:56:27,34.52,GBP,Approved,Web,Purchase
TX03488,CUST0819,ACC0819,CARD0389,MERCH0009,2025-09-09 14:27:15,28.62,USD,Approved,POS,Purchase
TX03489,CUST0076,ACC0076,CARD1414,MERCH0145,2025-09-10 18:19:44,5.62,USD,Approved,Web,Transfer
TX03490,CUST0751,ACC0751,CARD0709,MERCH0118,2025-08-27 10:22:33,429.17,EUR,Approved,Web,Purchase
TX03491,CUST0556,ACC0556,CARD1444,MERCH0065,2025-11-10 13:25:02,270.14,CAD,Approved,Web,Purchase
TX03492,CUST0260,ACC0260,CARD0473,MERCH0131,2025-07-13 21:22:59,17.1,USD,Approved,POS,Purchase
TX03493,CUST0332,ACC0332,CARD1301,MERCH0026,2025-10-22 00:20:38,142.21,EUR,Approved,POS,Transfer
TX03494,CUST0022,ACC0022,CARD0806,MERCH0181,2025-07-22 03:37:29,44.77,USD,Approved,POS,Purchase
TX03495,CUST0736,ACC0736,CARD0740,MERCH0159,2025-12-28 09:53:04,50.98,USD,Approved,POS,Purchase
TX03496,CUST0526,ACC0526,CARD0957,MERCH0026,2025-03-16 04:04:39,315.92,USD,Declined,POS,Purchase
TX03497,CUST0831,ACC0831,CARD0075,MERCH0023,2025-07-21 14:15:41,23.21,EUR,Approved,Web,Purchase
TX03498,CUST0205,ACC0205,CARD1292,MERCH0030,2025-07-25 13:59:34,143.0,GBP,Approved,Web,Purchase
TX03499,CUST0579,ACC0579,CARD1297,MERCH0010,2025-06-20 15:28:21,81.94,USD,Approved,Mobile App,Purchase
TX03500,CUST0926,ACC0926,CARD0056,MERCH0072,2025-11-12 09:12:58,36.76,GBP,Approved,Web,Refund
TX03501,CUST0754,ACC0754,CARD0824,MERCH0064,2025-06-28 23:20:29,95.2,EUR,Approved,POS,Purchase
TX03502,CUST0940,ACC0940,CARD1031,MERCH0150,2025-11-23 20:27:42,428.24,USD,Approved,POS,Transfer
TX03503,CUST0574,ACC0574,CARD1393,MERCH0143,2025-05-13 16:22:31,233.22,EUR,Approved,Web,Purchase
TX03504,CUST0710,ACC0710,CARD1283,MERCH0123,2025-03-19 09:46:11,26.25,USD,Approved,Mobile App,Purchase
TX03505,CUST0554,ACC0554,CARD0413,MERCH0105,2025-03-12 12:01:10,289.0,USD,Approved,Web,Withdrawal
TX03506,CUST0986,ACC0986,CARD1401,MERCH0184,2025-11-02 10:57:49,420.75,GBP,Declined,Web,Refund
TX03507,CUST0526,ACC0526,CARD0957,MERCH0074,2025-08-12 22:33:43,53.64,GBP,Approved,POS,Purchase
TX03508,CUST0869,ACC0869,CARD0126,MERCH0148,2025-09-07 12:40:43,65.84,GBP,Approved,Web,Withdrawal
TX03509,CUST0551,ACC0551,CARD1220,MERCH0105,2025-03-15 00:59:42,25.25,USD,Approved,Web,Purchase
TX03510,CUST0113,ACC0113,CARD1163,MERCH0047,2025-05-22 08:24:40,68.45,USD,Approved,POS,Purchase
TX03511,CUST0456,ACC0456,CARD0791,MERCH0087,2025-04-12 11:49:49,172.73,GBP,Approved,Web,Withdrawal
TX03512,CUST0455,ACC0455,CARD0117,MERCH0053,2025-03-10 11:06:40,52.65,USD,Approved,POS,Purchase
TX03513,CUST0982,ACC0982,CARD1344,MERCH0181,2025-07-12 00:18:05,6.03,GBP,Approved,Web,Withdrawal
TX03514,CUST0006,ACC0006,CARD1096,MERCH0129,2025-01-20 04:20:00,67.0,GBP,Approved,Web,Purchase
TX03515,CUST0424,ACC0424,CARD1003,MERCH0002,2025-07-22 16:36:41,95.54,GBP,Approved,Web,Withdrawal
TX03516,CUST0152,ACC0152,CARD0743,MERCH0058,2025-10-27 20:36:21,130.33,USD,Approved,Web,Withdrawal
TX03517,CUST0118,ACC0118,CARD0379,MERCH0147,2025-03-03 11:33:16,177.72,CAD,Approved,Web,Withdrawal
TX03518,CUST0182,ACC0182,CARD1409,MERCH0190,2025-10-28 19:33:30,14.57,EUR,Approved,ATM,Purchase
TX03519,CUST0216,ACC0216,CARD0855,MERCH0072,2025-07-21 03:01:53,100.16,EUR,Approved,Web,Purchase
TX03520,CUST0440,ACC0440,CARD0867,MERCH0140,2025-12-10 23:24:29,51.46,EUR,Approved,Mobile App,Transfer
TX03521,CUST0269,ACC0269,CARD0881,MERCH0154,2025-04-22 01:13:52,448.39,USD,Reversed,POS,Refund
TX03522,CUST0655,ACC0655,CARD1276,MERCH0027,2025-02-01 07:22:50,71.92,USD,Approved,Web,Purchase
TX03523,CUST0629,ACC0629,CARD0954,MERCH0029,2025-04-08 01:41:43,20.82,CAD,Approved,POS,Purchase
TX03524,CUST0688,ACC0688,CARD0134,MERCH0015,2025-09-04 04:25:00,11.36,USD,Approved,POS,Withdrawal
TX03525,CUST0323,ACC0323,CARD0750,MERCH0174,2025-02-17 18:46:07,51.27,EUR,Approved,POS,Purchase
TX03526,CUST0576,ACC0576,CARD0217,MERCH0129,2025-09-07 23:06:09,34.56,EUR,Approved,Web,Purchase
TX03527,CUST0163,ACC0163,CARD1060,MERCH0060,2025-09-29 23:44:36,162.39,USD,Declined,Web,Withdrawal
TX03528,CUST0776,ACC0776,CARD0105,MERCH0107,2025-11-24 02:29:48,286.56,EUR,Approved,Mobile App,Purchase
TX03529,CUST0429,ACC0429,CARD1077,MERCH0185,2025-06-29 21:48:08,61.22,INR,Reversed,Mobile App,Transfer
TX03530,CUST0590,ACC0590,CARD1257,MERCH0003,2025-08-22 00:49:37,134.34,USD,Approved,POS,Purchase
TX03531,CUST0496,ACC0496,CARD0474,MERCH0115,2025-04-04 15:10:41,201.57,GBP,Approved,Web,Purchase
TX03532,CUST0547,ACC0547,CARD1022,MERCH0146,2025-09-02 15:07:11,81.25,GBP,Declined,Web,Withdrawal
TX03533,CUST0128,ACC0128,CARD1072,MERCH0052,2025-10-12 16:38:32,15.29,EUR,Declined,Mobile App,Purchase
TX03534,CUST0657,ACC0657,CARD0445,MERCH0060,2025-07-04 12:41:42,44.05,USD,Approved,Web,Purchase
TX03535,CUST0003,ACC0003,CARD0861,MERCH0034,2025-04-20 02:43:16,326.92,EUR,Approved,POS,Withdrawal
TX03536,CUST0787,ACC0787,CARD1047,MERCH0096,2025-05-16 09:07:43,266.0,INR,Approved,Web,Purchase
TX03537,CUST0983,ACC0983,CARD1467,MERCH0089,2025-04-29 08:55:17,18.58,USD,Approved,Web,Purchase
TX03538,CUST0529,ACC0529,CARD1292,MERCH0060,2025-10-01 05:38:45,43.03,EUR,Approved,ATM,Purchase
TX03539,CUST0660,ACC0660,CARD0167,MERCH0154,2025-12-04 14:44:56,224.91,INR,Approved,POS,Purchase
TX03540,CUST0294,ACC0294,CARD1251,MERCH0200,2025-08-25 03:37:51,104.8,GBP,Approved,Web,Purchase
TX03541,CUST0800,ACC0800,CARD0717,MERCH0019,2025-10-04 17:57:29,219.05,EUR,Approved,Web,Withdrawal
TX03542,CUST0616,ACC0616,CARD0398,MERCH0111,2025-12-28 22:47:31,40.57,INR,Approved,POS,Purchase
TX03543,CUST0907,ACC0907,CARD0047,MERCH0022,2025-02-13 11:07:38,462.68,USD,Approved,Mobile App,Withdrawal
TX03544,CUST0669,ACC0669,CARD1244,MERCH0161,2025-05-16 12:21:10,234.6,GBP,Approved,Mobile App,Withdrawal
TX03545,CUST0678,ACC0678,CARD0348,MERCH0166,2025-10-02 07:50:23,37.99,EUR,Approved,Web,Withdrawal
TX03546,CUST0022,ACC0022,CARD0806,MERCH0128,2025-10-23 12:43:19,127.62,USD,Approved,POS,Transfer
TX03547,CUST0958,ACC0958,CARD0126,MERCH0035,2025-02-20 06:01:01,23.0,EUR,Approved,POS,Purchase
TX03548,CUST0787,ACC0787,CARD1047,MERCH0107,2025-02-25 10:07:12,72.28,USD,Approved,POS,Refund
TX03549,CUST0405,ACC0405,CARD0471,MERCH0128,2025-08-20 08:39:07,166.65,USD,Approved,POS,Purchase
TX03550,CUST0082,ACC0082,CARD0162,MERCH0195,2025-11-22 13:15:43,65.1,USD,Approved,Web,Purchase
TX03551,CUST0993,ACC0993,CARD1374,MERCH0083,2025-05-06 18:13:35,165.4,USD,Approved,Web,Purchase
TX03552,CUST0028,ACC0028,CARD0460,MERCH0138,2025-12-23 00:49:26,47.11,USD,Approved,Web,Withdrawal
TX03553,CUST0761,ACC0761,CARD1016,MERCH0143,2025-11-29 01:02:08,196.59,GBP,Approved,Web,Transfer
TX03554,CUST0902,ACC0902,CARD0546,MERCH0139,2025-05-06 00:15:47,71.85,USD,Approved,Web,Transfer
TX03555,CUST0544,ACC0544,CARD0776,MERCH0111,2025-10-05 22:36:20,239.44,EUR,Approved,Web,Purchase
TX03556,CUST0525,ACC0525,CARD0380,MERCH0090,2025-03-24 05:56:54,27.05,GBP,Approved,POS,Purchase
TX03557,CUST0552,ACC0552,CARD0826,MERCH0024,2025-05-21 05:23:59,72.41,USD,Approved,Web,Withdrawal
TX03558,CUST0983,ACC0983,CARD1467,MERCH0077,2025-04-05 16:10:20,98.52,CAD,Reversed,POS,Refund
TX03559,CUST0388,ACC0388,CARD1200,MERCH0101,2025-07-13 10:16:13,87.71,CAD,Approved,Mobile App,Purchase
TX03560,CUST0012,ACC0012,CARD1483,MERCH0132,2025-02-21 20:21:58,90.13,USD,Approved,Mobile App,Refund
TX03561,CUST0039,ACC0039,CARD0976,MERCH0013,2025-04-11 01:41:29,93.26,INR,Approved,Mobile App,Purchase
TX03562,CUST0136,ACC0136,CARD0613,MERCH0185,2025-11-15 19:40:54,678.82,EUR,Approved,Web,Withdrawal
TX03563,CUST0467,ACC0467,CARD0488,MERCH0098,2025-10-11 08:10:00,37.19,USD,Approved,Web,Purchase
TX03564,CUST0940,ACC0940,CARD1031,MERCH0120,2025-02-15 14:39:23,224.58,EUR,Approved,Web,Transfer
TX03565,CUST0058,ACC0058,CARD0777,MERCH0037,2025-01-02 20:26:38,125.37,EUR,Declined,POS,Refund
TX03566,CUST0674,ACC0674,CARD0895,MERCH0048,2025-01-17 05:42:36,85.07,EUR,Approved,POS,Purchase
TX03567,CUST0079,ACC0079,CARD0703,MERCH0199,2025-06-14 19:13:36,155.58,GBP,Approved,ATM,Purchase
TX03568,CUST0666,ACC0666,CARD0173,MERCH0001,2025-04-15 05:53:11,293.14,USD,Approved,POS,Transfer
TX03569,CUST0687,ACC0687,CARD1141,MERCH0060,2025-02-04 23:10:57,99.28,INR,Approved,Web,Purchase
TX03570,CUST0175,ACC0175,CARD1364,MERCH0140,2025-10-16 17:18:13,305.15,CAD,Approved,Mobile App,Purchase
TX03571,CUST0109,ACC0109,CARD1153,MERCH0149,2025-05-18 10:11:28,19.77,GBP,Approved,Web,Purchase
TX03572,CUST0606,ACC0606,CARD0891,MERCH0139,2025-03-03 23:50:02,163.8,USD,Declined,Web,Withdrawal
TX03573,CUST0825,ACC0825,CARD1327,MERCH0044,2025-07-16 06:42:02,65.79,EUR,Reversed,Mobile App,Purchase
TX03574,CUST0776,ACC0776,CARD0105,MERCH0115,2025-09-22 01:45:31,78.34,GBP,Approved,Web,Purchase
TX03575,CUST0158,ACC0158,CARD1431,MERCH0186,2025-03-04 11:44:22,131.95,CAD,Pending,Web,Purchase
TX03576,CUST0905,ACC0905,CARD0794,MERCH0108,2025-01-30 23:58:34,103.06,CAD,Approved,POS,Purchase
TX03577,CUST0960,ACC0960,CARD0537,MERCH0044,2025-07-20 09:25:26,77.14,CAD,Declined,Web,Withdrawal
TX03578,CUST0455,ACC0455,CARD0117,MERCH0078,2025-09-29 04:52:08,60.3,EUR,Approved,POS,Purchase
TX03579,CUST0873,ACC0873,CARD1207,MERCH0162,2025-03-10 19:14:13,149.47,CAD,Approved,POS,Transfer
TX03580,CUST0891,ACC0891,CARD1490,MERCH0025,2025-11-11 13:30:23,110.66,USD,Approved,Web,Purchase
TX03581,CUST0314,ACC0314,CARD0401,MERCH0132,2025-05-26 17:02:01,63.58,USD,Approved,Web,Purchase
TX03582,CUST0044,ACC0044,CARD0563,MERCH0192,2025-09-20 07:25:09,39.4,USD,Declined,Mobile App,Withdrawal
TX03583,CUST0844,ACC0844,CARD0447,MERCH0116,2025-01-16 04:11:03,228.39,CAD,Approved,POS,Purchase
TX03584,CUST0495,ACC0495,CARD0218,MERCH0119,2025-04-26 01:10:13,246.2,CAD,Declined,Mobile App,Withdrawal
TX03585,CUST0779,ACC0779,CARD0385,MERCH0144,2025-09-27 23:35:46,41.08,USD,Approved,POS,Refund
TX03586,CUST0153,ACC0153,CARD1265,MERCH0010,2025-12-09 12:33:37,50.5,USD,Approved,ATM,Purchase
TX03587,CUST0659,ACC0659,CARD1206,MERCH0109,2025-07-07 06:34:15,46.0,INR,Approved,Web,Purchase
TX03588,CUST0980,ACC0980,CARD0692,MERCH0194,2025-05-21 21:39:50,328.86,EUR,Approved,POS,Withdrawal
TX03589,CUST0012,ACC0012,CARD1483,MERCH0035,2025-10-27 06:15:55,228.17,EUR,Approved,Mobile App,Withdrawal
TX03590,CUST0354,ACC0354,CARD0280,MERCH0134,2025-09-29 13:39:11,16.63,EUR,Approved,ATM,Withdrawal
TX03591,CUST0573,ACC0573,CARD0037,MERCH0019,2025-06-05 03:47:15,273.16,EUR,Approved,ATM,Refund
TX03592,CUST0083,ACC0083,CARD0202,MERCH0187,2025-12-14 00:19:04,10.63,INR,Approved,POS,Purchase
TX03593,CUST0741,ACC0741,CARD0929,MERCH0181,2025-05-20 03:23:33,48.79,USD,Approved,Web,Purchase
TX03594,CUST0365,ACC0365,CARD0253,MERCH0008,2025-02-18 18:32:03,381.98,USD,Approved,Web,Purchase
TX03595,CUST0585,ACC0585,CARD0699,MERCH0010,2025-03-03 19:09:07,304.63,USD,Approved,Web,Purchase
TX03596,CUST0273,ACC0273,CARD0254,MERCH0195,2025-06-03 09:46:31,233.1,USD,Approved,Web,Withdrawal
TX03597,CUST0517,ACC0517,CARD0336,MERCH0166,2025-12-12 20:04:24,96.75,EUR,Declined,Web,Purchase
TX03598,CUST0949,ACC0949,CARD1216,MERCH0029,2025-03-10 09:22:24,63.16,CAD,Approved,Mobile App,Purchase
TX03599,CUST0443,ACC0443,CARD0656,MERCH0015,2025-06-26 21:45:37,324.98,GBP,Approved,Mobile App,Refund
TX03600,CUST0820,ACC0820,CARD0990,MERCH0087,2025-11-05 09:08:06,165.54,INR,Approved,Mobile App,Purchase
TX03601,CUST0064,ACC0064,CARD1391,MERCH0023,2025-01-07 23:36:03,57.54,CAD,Reversed,Web,Purchase
TX03602,CUST0311,ACC0311,CARD1416,MERCH0046,2025-03-16 16:01:34,98.32,EUR,Approved,Web,Purchase
TX03603,CUST0349,ACC0349,CARD1070,MERCH0028,2025-07-14 02:02:34,324.93,EUR,Approved,POS,Purchase
TX03604,CUST0966,ACC0966,CARD0233,MERCH0026,2025-01-03 11:27:12,355.66,EUR,Approved,Web,Purchase
TX03605,CUST0497,ACC0497,CARD0432,MERCH0010,2025-02-21 03:29:10,166.51,USD,Approved,Web,Refund
TX03606,CUST0665,ACC0665,CARD1475,MERCH0175,2025-05-13 16:46:25,202.83,EUR,Approved,POS,Transfer
TX03607,CUST0639,ACC0639,CARD0795,MERCH0004,2025-08-13 08:24:28,11.01,EUR,Approved,Mobile App,Purchase
TX03608,CUST0529,ACC0529,CARD1292,MERCH0055,2025-01-16 01:11:30,144.18,EUR,Approved,Mobile App,Purchase
TX03609,CUST0203,ACC0203,CARD0442,MERCH0066,2025-09-08 08:22:18,180.19,EUR,Approved,ATM,Withdrawal
TX03610,CUST0159,ACC0159,CARD0231,MERCH0067,2025-10-30 03:43:52,8.09,USD,Approved,Web,Purchase
TX03611,CUST0322,ACC0322,CARD1046,MERCH0135,2025-11-16 09:15:29,283.55,EUR,Approved,Web,Purchase
TX03612,CUST0247,ACC0247,CARD0764,MERCH0055,2025-02-10 09:30:47,400.26,USD,Approved,ATM,Refund
TX03613,CUST0345,ACC0345,CARD1196,MERCH0031,2025-01-22 17:10:10,45.76,USD,Approved,POS,Withdrawal
TX03614,CUST0928,ACC0928,CARD0526,MERCH0074,2025-07-01 15:30:12,285.42,EUR,Approved,Mobile App,Purchase
TX03615,CUST0954,ACC0954,CARD1297,MERCH0019,2025-05-25 17:01:24,169.27,USD,Approved,ATM,Purchase
TX03616,CUST0994,ACC0994,CARD0843,MERCH0156,2025-03-19 14:51:18,135.37,CAD,Approved,Web,Withdrawal
TX03617,CUST0911,ACC0911,CARD1080,MERCH0081,2025-10-24 12:38:54,282.85,USD,Approved,ATM,Purchase
TX03618,CUST0990,ACC0990,CARD0277,MERCH0156,2025-07-28 17:49:22,55.45,EUR,Approved,Web,Purchase
TX03619,CUST0872,ACC0872,CARD0761,MERCH0147,2025-06-17 06:20:05,239.71,EUR,Approved,POS,Purchase
TX03620,CUST0736,ACC0736,CARD0740,MERCH0087,2025-08-25 05:35:43,61.65,USD,Pending,POS,Purchase
TX03621,CUST0739,ACC0739,CARD1169,MERCH0020,2025-02-22 17:21:13,237.29,EUR,Approved,Web,Refund
TX03622,CUST0810,ACC0810,CARD0250,MERCH0013,2025-05-26 17:33:22,94.96,EUR,Approved,POS,Purchase
TX03623,CUST0443,ACC0443,CARD0656,MERCH0077,2025-08-24 11:30:23,23.66,USD,Approved,Web,Withdrawal
TX03624,CUST0091,ACC0091,CARD1017,MERCH0043,2025-08-30 20:38:30,77.07,USD,Reversed,POS,Refund
TX03625,CUST0157,ACC0157,CARD0485,MERCH0139,2025-06-07 14:47:46,44.89,EUR,Approved,ATM,Purchase
TX03626,CUST0471,ACC0471,CARD1213,MERCH0176,2025-02-24 19:19:23,20.89,USD,Approved,POS,Purchase
TX03627,CUST0049,ACC0049,CARD0021,MERCH0143,2025-08-03 22:44:23,22.53,EUR,Approved,Web,Refund
TX03628,CUST0735,ACC0735,CARD0041,MERCH0145,2025-07-28 01:59:48,232.17,GBP,Approved,Web,Transfer
TX03629,CUST0598,ACC0598,CARD1391,MERCH0182,2025-10-09 00:46:48,324.8,USD,Approved,Mobile App,Withdrawal
TX03630,CUST0875,ACC0875,CARD0095,MERCH0050,2025-01-28 22:28:10,397.86,EUR,Approved,Web,Withdrawal
TX03631,CUST0090,ACC0090,CARD1276,MERCH0028,2025-10-23 04:10:58,293.57,EUR,Pending,ATM,Purchase
TX03632,CUST0536,ACC0536,CARD1326,MERCH0004,2025-10-12 14:39:15,270.99,EUR,Declined,Web,Withdrawal
TX03633,CUST0594,ACC0594,CARD0718,MERCH0022,2025-01-20 10:11:21,15.7,USD,Declined,POS,Withdrawal
TX03634,CUST0889,ACC0889,CARD1427,MERCH0119,2025-04-30 18:48:00,239.19,EUR,Approved,Web,Purchase
TX03635,CUST0984,ACC0984,CARD0315,MERCH0101,2025-04-30 11:42:16,234.37,USD,Approved,Web,Purchase
TX03636,CUST0614,ACC0614,CARD1210,MERCH0039,2025-09-02 23:04:46,26.11,USD,Approved,Web,Purchase
TX03637,CUST0901,ACC0901,CARD1070,MERCH0034,2025-10-09 05:04:14,167.71,EUR,Approved,Web,Purchase
TX03638,CUST0469,ACC0469,CARD0897,MERCH0097,2025-12-12 16:33:31,95.36,USD,Approved,Web,Refund
TX03639,CUST0113,ACC0113,CARD1163,MERCH0044,2025-11-23 16:40:02,350.41,USD,Approved,POS,Withdrawal
TX03640,CUST0948,ACC0948,CARD1039,MERCH0170,2025-06-29 03:35:26,183.32,USD,Declined,POS,Purchase
TX03641,CUST0939,ACC0939,CARD0883,MERCH0040,2025-02-01 17:51:04,457.35,USD,Approved,ATM,Transfer
TX03642,CUST0107,ACC0107,CARD0521,MERCH0097,2025-11-30 07:39:23,21.63,USD,Approved,Mobile App,Purchase
TX03643,CUST0350,ACC0350,CARD1397,MERCH0140,2025-12-18 09:28:50,11.22,USD,Approved,POS,Refund
TX03644,CUST0031,ACC0031,CARD0253,MERCH0130,2025-07-21 04:32:01,550.04,USD,Approved,POS,Withdrawal
TX03645,CUST0530,ACC0530,CARD1441,MERCH0156,2025-01-18 10:12:28,17.54,GBP,Approved,POS,Transfer
TX03646,CUST0884,ACC0884,CARD0093,MERCH0074,2025-04-03 04:29:11,78.21,USD,Approved,Mobile App,Purchase
TX03647,CUST0987,ACC0987,CARD1313,MERCH0086,2025-12-24 09:29:47,162.46,GBP,Approved,POS,Purchase
TX03648,CUST0977,ACC0977,CARD0595,MERCH0090,2025-11-12 00:00:59,323.11,USD,Approved,Web,Purchase
TX03649,CUST0171,ACC0171,CARD1013,MERCH0067,2025-08-02 07:33:55,49.07,EUR,Approved,POS,Purchase
TX03650,CUST0552,ACC0552,CARD0826,MERCH0199,2025-01-01 18:38:34,9.42,USD,Approved,Web,Withdrawal
TX03651,CUST0628,ACC0628,CARD1098,MERCH0200,2025-11-07 22:39:43,115.5,CAD,Approved,POS,Purchase
TX03652,CUST0746,ACC0746,CARD0909,MERCH0076,2025-07-15 01:27:57,100.55,GBP,Approved,POS,Purchase
TX03653,CUST0852,ACC0852,CARD0759,MERCH0092,2025-09-02 12:56:19,59.99,USD,Approved,Web,Withdrawal
TX03654,CUST0985,ACC0985,CARD0877,MERCH0010,2025-12-06 16:52:30,315.6,USD,Approved,Web,Purchase
TX03655,CUST0149,ACC0149,CARD0892,MERCH0086,2025-03-12 22:16:38,212.54,EUR,Approved,Mobile App,Purchase
TX03656,CUST0055,ACC0055,CARD0316,MERCH0102,2025-04-24 08:56:01,297.91,CAD,Approved,POS,Transfer
TX03657,CUST0670,ACC0670,CARD1082,MERCH0185,2025-05-23 02:26:40,31.48,EUR,Approved,Web,Purchase
TX03658,CUST0713,ACC0713,CARD0971,MERCH0108,2025-11-05 19:42:55,181.85,EUR,Approved,POS,Purchase
TX03659,CUST0983,ACC0983,CARD1467,MERCH0165,2025-07-31 00:39:24,558.94,USD,Approved,Web,Withdrawal
TX03660,CUST0129,ACC0129,CARD0503,MERCH0091,2025-07-04 10:34:52,146.98,USD,Approved,POS,Withdrawal
TX03661,CUST0980,ACC0980,CARD0692,MERCH0192,2025-12-30 17:24:39,33.2,USD,Approved,POS,Withdrawal
TX03662,CUST0913,ACC0913,CARD0107,MERCH0079,2025-09-03 02:20:30,825.2,USD,Approved,POS,Transfer
TX03663,CUST0039,ACC0039,CARD0976,MERCH0086,2025-10-20 08:21:26,117.72,USD,Declined,Web,Transfer
TX03664,CUST0069,ACC0069,CARD0776,MERCH0107,2025-01-08 03:51:41,279.94,USD,Approved,Web,Purchase
TX03665,CUST0407,ACC0407,CARD1116,MERCH0168,2025-11-20 07:56:44,29.27,EUR,Approved,Web,Purchase
TX03666,CUST0237,ACC0237,CARD0752,MERCH0101,2025-07-21 03:28:21,169.54,EUR,Approved,Web,Withdrawal
TX03667,CUST0974,ACC0974,CARD0623,MERCH0108,2025-04-04 10:22:51,370.62,USD,Approved,POS,Withdrawal
TX03668,CUST0654,ACC0654,CARD1094,MERCH0060,2025-03-16 10:13:41,118.9,CAD,Approved,POS,Purchase
TX03669,CUST0434,ACC0434,CARD0774,MERCH0048,2025-06-06 01:41:13,56.09,USD,Declined,POS,Purchase
TX03670,CUST0592,ACC0592,CARD0265,MERCH0117,2025-05-22 16:56:45,25.45,USD,Approved,POS,Withdrawal
TX03671,CUST0887,ACC0887,CARD0634,MERCH0106,2025-11-18 05:01:41,57.63,GBP,Approved,POS,Purchase
TX03672,CUST0364,ACC0364,CARD0191,MERCH0147,2025-07-14 02:01:53,70.75,GBP,Declined,POS,Transfer
TX03673,CUST0367,ACC0367,CARD0928,MERCH0200,2025-02-23 07:46:43,190.66,CAD,Approved,Mobile App,Purchase
TX03674,CUST0917,ACC0917,CARD1050,MERCH0033,2025-10-04 19:47:30,34.52,USD,Approved,Web,Transfer
TX03675,CUST0105,ACC0105,CARD0015,MERCH0044,2025-06-05 11:44:54,21.83,USD,Approved,Web,Withdrawal
TX03676,CUST0460,ACC0460,CARD1082,MERCH0165,2025-09-28 03:49:20,78.39,EUR,Approved,Web,Withdrawal
TX03677,CUST0806,ACC0806,CARD1372,MERCH0112,2025-04-22 22:49:18,97.05,USD,Approved,ATM,Purchase
TX03678,CUST0987,ACC0987,CARD1313,MERCH0089,2025-05-24 11:11:49,153.48,USD,Approved,Web,Purchase
TX03679,CUST0505,ACC0505,CARD1124,MERCH0036,2025-01-20 10:06:55,189.41,EUR,Declined,POS,Transfer
TX03680,CUST0978,ACC0978,CARD0425,MERCH0081,2025-10-16 14:19:41,335.11,USD,Approved,ATM,Purchase
TX03681,CUST0218,ACC0218,CARD0385,MERCH0088,2025-03-10 07:18:17,56.15,USD,Approved,Mobile App,Purchase
TX03682,CUST0365,ACC0365,CARD0253,MERCH0149,2025-06-16 03:53:48,117.81,USD,Approved,Mobile App,Purchase
TX03683,CUST0842,ACC0842,CARD0859,MERCH0130,2025-06-13 08:42:05,73.37,USD,Approved,Web,Purchase
TX03684,CUST0435,ACC0435,CARD0877,MERCH0031,2025-09-06 16:48:03,5.21,USD,Approved,Web,Purchase
TX03685,CUST0152,ACC0152,CARD0743,MERCH0108,2025-12-09 23:33:18,134.92,EUR,Approved,Web,Purchase
TX03686,CUST0980,ACC0980,CARD0692,MERCH0030,2025-03-26 04:22:29,258.76,USD,Reversed,Web,Purchase
TX03687,CUST0510,ACC0510,CARD0442,MERCH0172,2025-01-24 15:23:26,10.57,CAD,Approved,POS,Withdrawal
TX03688,CUST0647,ACC0647,CARD1366,MERCH0012,2025-12-17 03:00:34,5.52,USD,Approved,Mobile App,Transfer
TX03689,CUST0916,ACC0916,CARD0337,MERCH0051,2025-12-24 02:33:33,200.19,CAD,Approved,ATM,Purchase
TX03690,CUST0955,ACC0955,CARD1255,MERCH0121,2025-03-19 00:23:23,177.74,EUR,Reversed,Web,Purchase
TX03691,CUST0881,ACC0881,CARD1219,MERCH0177,2025-05-20 15:00:30,83.09,USD,Approved,POS,Purchase
TX03692,CUST0260,ACC0260,CARD0473,MERCH0152,2025-12-05 02:06:31,167.53,USD,Approved,Web,Withdrawal
TX03693,CUST0620,ACC0620,CARD1187,MERCH0152,2025-06-18 03:36:36,464.88,USD,Approved,POS,Purchase
TX03694,CUST0494,ACC0494,CARD0912,MERCH0188,2025-09-19 13:17:10,47.73,EUR,Approved,ATM,Purchase
TX03695,CUST0253,ACC0253,CARD0864,MERCH0139,2025-03-08 15:59:32,47.34,USD,Approved,Web,Purchase
TX03696,CUST0950,ACC0950,CARD0485,MERCH0013,2025-06-10 08:04:58,35.91,EUR,Approved,POS,Purchase
TX03697,CUST0296,ACC0296,CARD0510,MERCH0091,2025-05-02 00:36:36,198.1,EUR,Approved,Web,Purchase
TX03698,CUST0277,ACC0277,CARD1015,MERCH0200,2025-12-06 22:22:56,70.36,EUR,Approved,Mobile App,Transfer
TX03699,CUST0572,ACC0572,CARD1214,MERCH0074,2025-08-19 13:41:02,677.35,EUR,Approved,POS,Purchase
TX03700,CUST0537,ACC0537,CARD1277,MERCH0200,2025-05-25 01:40:23,193.11,USD,Approved,POS,Refund
TX03701,CUST0621,ACC0621,CARD1239,MERCH0192,2025-03-05 16:40:29,73.68,GBP,Approved,Web,Refund
TX03702,CUST0362,ACC0362,CARD0993,MERCH0020,2025-08-06 11:45:37,29.23,GBP,Approved,Mobile App,Purchase
TX03703,CUST0833,ACC0833,CARD0103,MERCH0072,2025-08-24 03:49:56,139.48,INR,Approved,POS,Refund
TX03704,CUST0987,ACC0987,CARD1313,MERCH0073,2025-01-13 20:10:13,57.41,USD,Approved,Web,Purchase
TX03705,CUST0136,ACC0136,CARD0613,MERCH0071,2025-06-02 21:41:02,358.89,GBP,Approved,Web,Purchase
TX03706,CUST0490,ACC0490,CARD0958,MERCH0078,2025-07-09 04:44:06,92.35,CAD,Approved,POS,Purchase
TX03707,CUST0184,ACC0184,CARD1307,MERCH0028,2025-03-27 16:47:16,56.93,EUR,Approved,POS,Purchase
TX03708,CUST0154,ACC0154,CARD0564,MERCH0130,2025-07-01 07:09:17,138.21,EUR,Declined,POS,Purchase
TX03709,CUST0367,ACC0367,CARD0928,MERCH0121,2025-03-17 11:46:39,27.1,INR,Approved,ATM,Purchase
TX03710,CUST0818,ACC0818,CARD0236,MERCH0043,2025-07-22 12:51:48,128.68,INR,Approved,ATM,Purchase
TX03711,CUST0755,ACC0755,CARD0798,MERCH0008,2025-06-01 01:04:06,13.66,EUR,Approved,POS,Purchase
TX03712,CUST0833,ACC0833,CARD0103,MERCH0013,2025-03-13 13:42:56,145.05,USD,Approved,Web,Purchase
TX03713,CUST0007,ACC0007,CARD1045,MERCH0111,2025-05-11 13:52:42,118.31,GBP,Approved,ATM,Purchase
TX03714,CUST0121,ACC0121,CARD0041,MERCH0035,2025-04-07 09:58:05,115.33,USD,Declined,Web,Withdrawal
TX03715,CUST0472,ACC0472,CARD0704,MERCH0023,2025-01-01 05:52:37,177.88,USD,Approved,POS,Withdrawal
TX03716,CUST0968,ACC0968,CARD1170,MERCH0046,2025-09-02 05:27:54,11.82,INR,Declined,POS,Withdrawal
TX03717,CUST0427,ACC0427,CARD0993,MERCH0015,2025-04-12 03:29:38,97.35,GBP,Approved,Mobile App,Refund
TX03718,CUST0776,ACC0776,CARD0105,MERCH0130,2025-07-23 21:57:29,93.06,CAD,Approved,Web,Purchase
TX03719,CUST0494,ACC0494,CARD0912,MERCH0061,2025-02-23 13:01:11,97.37,EUR,Approved,Web,Withdrawal
TX03720,CUST0400,ACC0400,CARD0321,MERCH0115,2025-10-05 14:30:04,590.99,EUR,Approved,Web,Purchase
TX03721,CUST0210,ACC0210,CARD1105,MERCH0064,2025-01-16 16:55:40,27.5,INR,Approved,POS,Purchase
TX03722,CUST0524,ACC0524,CARD0690,MERCH0052,2025-12-22 23:59:31,180.89,USD,Approved,POS,Purchase
TX03723,CUST0897,ACC0897,CARD0645,MERCH0164,2025-11-14 03:23:22,82.12,GBP,Approved,ATM,Purchase
TX03724,CUST0796,ACC0796,CARD0457,MERCH0195,2025-03-28 05:21:30,112.53,EUR,Approved,Mobile App,Withdrawal
TX03725,CUST0915,ACC0915,CARD0048,MERCH0069,2025-07-30 10:17:57,220.57,USD,Approved,Web,Withdrawal
TX03726,CUST0397,ACC0397,CARD0036,MERCH0067,2025-07-04 05:23:16,30.69,USD,Declined,POS,Withdrawal
TX03727,CUST0293,ACC0293,CARD0254,MERCH0175,2025-02-02 16:48:50,221.33,USD,Approved,Web,Purchase
TX03728,CUST0925,ACC0925,CARD0639,MERCH0083,2025-10-02 07:32:02,15.94,EUR,Approved,Web,Purchase
TX03729,CUST0817,ACC0817,CARD1078,MERCH0002,2025-07-17 12:37:15,104.05,USD,Approved,Web,Purchase
TX03730,CUST0932,ACC0932,CARD1240,MERCH0172,2025-05-23 06:27:47,208.26,EUR,Approved,ATM,Purchase
TX03731,CUST0236,ACC0236,CARD0982,MERCH0192,2025-04-30 17:12:58,37.08,EUR,Approved,POS,Purchase
TX03732,CUST0041,ACC0041,CARD0958,MERCH0078,2025-03-16 03:33:42,226.05,GBP,Approved,Web,Refund
TX03733,CUST0483,ACC0483,CARD0697,MERCH0028,2025-06-10 13:56:56,32.37,USD,Approved,POS,Refund
TX03734,CUST0825,ACC0825,CARD1327,MERCH0054,2025-08-26 18:07:42,245.85,EUR,Pending,Web,Withdrawal
TX03735,CUST0378,ACC0378,CARD1312,MERCH0067,2025-02-25 00:23:56,99.93,USD,Approved,Web,Purchase
TX03736,CUST0416,ACC0416,CARD0150,MERCH0164,2025-04-08 07:34:41,178.11,USD,Approved,Web,Purchase
TX03737,CUST0631,ACC0631,CARD0913,MERCH0102,2025-09-19 23:26:43,379.07,USD,Approved,POS,Purchase
TX03738,CUST0362,ACC0362,CARD0993,MERCH0120,2025-02-09 14:59:12,83.74,EUR,Approved,Web,Purchase
TX03739,CUST0657,ACC0657,CARD0445,MERCH0191,2025-08-27 05:53:33,44.78,USD,Approved,ATM,Purchase
TX03740,CUST0066,ACC0066,CARD1479,MERCH0153,2025-07-15 17:17:19,307.8,USD,Approved,Web,Purchase
TX03741,CUST0537,ACC0537,CARD1277,MERCH0048,2025-01-10 00:46:34,31.44,USD,Approved,POS,Withdrawal
TX03742,CUST0309,ACC0309,CARD1301,MERCH0167,2025-11-21 08:58:44,154.74,CAD,Approved,Mobile App,Refund
TX03743,CUST0483,ACC0483,CARD0697,MERCH0047,2025-05-19 11:54:10,390.09,CAD,Approved,POS,Purchase
TX03744,CUST0553,ACC0553,CARD1099,MERCH0021,2025-08-07 23:03:37,173.31,USD,Approved,POS,Refund
TX03745,CUST0073,ACC0073,CARD1412,MERCH0158,2025-04-13 22:32:00,37.66,USD,Approved,Web,Refund
TX03746,CUST0908,ACC0908,CARD1145,MERCH0092,2025-05-03 12:46:15,29.78,CAD,Declined,POS,Purchase
TX03747,CUST0256,ACC0256,CARD0551,MERCH0159,2025-06-10 07:10:32,48.61,USD,Approved,Web,Withdrawal
TX03748,CUST0265,ACC0265,CARD0144,MERCH0121,2025-10-02 06:54:46,79.49,USD,Approved,Mobile App,Purchase
TX03749,CUST0293,ACC0293,CARD0254,MERCH0116,2025-05-19 02:20:18,31.0,USD,Approved,POS,Purchase
TX03750,CUST0408,ACC0408,CARD1378,MERCH0154,2025-09-30 01:58:01,244.79,INR,Approved,Web,Purchase
TX03751,CUST0582,ACC0582,CARD0729,MERCH0150,2025-11-13 02:48:34,71.25,GBP,Approved,POS,Purchase
TX03752,CUST0511,ACC0511,CARD0769,MERCH0149,2025-03-27 05:12:02,417.53,USD,Approved,Web,Transfer
TX03753,CUST0821,ACC0821,CARD0763,MERCH0001,2025-08-05 04:59:45,282.24,USD,Approved,POS,Transfer
TX03754,CUST0725,ACC0725,CARD1146,MERCH0165,2025-09-14 19:14:14,364.24,INR,Approved,POS,Purchase
TX03755,CUST0854,ACC0854,CARD0081,MERCH0077,2025-02-24 05:21:39,57.33,EUR,Approved,POS,Purchase
TX03756,CUST0273,ACC0273,CARD0254,MERCH0085,2025-08-31 06:07:16,132.9,EUR,Approved,POS,Purchase
TX03757,CUST0285,ACC0285,CARD0152,MERCH0046,2025-11-03 23:43:41,63.17,USD,Approved,POS,Purchase
TX03758,CUST0668,ACC0668,CARD0754,MERCH0137,2025-06-12 07:24:51,49.55,GBP,Approved,Web,Purchase
TX03759,CUST0733,ACC0733,CARD0732,MERCH0145,2025-04-17 04:59:46,145.12,USD,Reversed,Web,Withdrawal
TX03760,CUST0302,ACC0302,CARD0338,MERCH0047,2025-07-18 13:47:45,260.56,GBP,Approved,POS,Purchase
TX03761,CUST0104,ACC0104,CARD1181,MERCH0059,2025-09-14 11:30:01,19.74,USD,Approved,POS,Purchase
TX03762,CUST0946,ACC0946,CARD0806,MERCH0054,2025-01-01 13:54:14,53.4,USD,Approved,Web,Withdrawal
TX03763,CUST0201,ACC0201,CARD1257,MERCH0086,2025-03-29 02:36:52,39.44,EUR,Declined,Web,Transfer
TX03764,CUST0043,ACC0043,CARD0958,MERCH0012,2025-04-02 14:17:53,245.18,GBP,Approved,Web,Refund
TX03765,CUST0623,ACC0623,CARD0235,MERCH0192,2025-12-10 18:29:13,411.29,USD,Approved,ATM,Withdrawal
TX03766,CUST0833,ACC0833,CARD0103,MERCH0006,2025-06-09 21:05:48,17.5,USD,Approved,ATM,Purchase
TX03767,CUST0114,ACC0114,CARD0593,MERCH0053,2025-02-02 04:23:37,76.52,EUR,Approved,POS,Purchase
TX03768,CUST0242,ACC0242,CARD0187,MERCH0144,2025-03-14 15:37:04,373.9,EUR,Declined,POS,Refund
TX03769,CUST0178,ACC0178,CARD1497,MERCH0090,2025-07-15 22:24:27,68.39,GBP,Approved,Mobile App,Purchase
TX03770,CUST0125,ACC0125,CARD0780,MERCH0005,2025-03-28 16:17:56,192.06,EUR,Approved,POS,Refund
TX03771,CUST0113,ACC0113,CARD1163,MERCH0073,2025-08-12 07:14:53,20.92,USD,Approved,Web,Purchase
TX03772,CUST0296,ACC0296,CARD0510,MERCH0174,2025-05-18 09:02:05,93.15,EUR,Reversed,ATM,Withdrawal
TX03773,CUST0781,ACC0781,CARD0823,MERCH0014,2025-12-25 12:14:27,109.97,USD,Approved,Web,Purchase
TX03774,CUST0822,ACC0822,CARD0401,MERCH0172,2025-02-03 01:26:47,217.61,CAD,Approved,POS,Withdrawal
TX03775,CUST0869,ACC0869,CARD0126,MERCH0191,2025-05-26 07:23:59,56.13,EUR,Approved,Web,Purchase
TX03776,CUST0559,ACC0559,CARD1021,MERCH0106,2025-08-21 00:07:00,51.02,EUR,Approved,POS,Purchase
TX03777,CUST0104,ACC0104,CARD1181,MERCH0052,2025-02-10 05:19:58,59.14,USD,Approved,ATM,Withdrawal
TX03778,CUST0614,ACC0614,CARD1210,MERCH0116,2025-10-08 12:50:05,126.69,USD,Approved,POS,Purchase
TX03779,CUST0666,ACC0666,CARD0173,MERCH0026,2025-01-08 04:57:55,318.13,EUR,Approved,Web,Transfer
TX03780,CUST0668,ACC0668,CARD0754,MERCH0053,2025-12-16 05:55:31,271.63,USD,Approved,Web,Purchase
TX03781,CUST0358,ACC0358,CARD0181,MERCH0109,2025-11-20 04:18:55,13.95,CAD,Approved,POS,Refund
TX03782,CUST0849,ACC0849,CARD1359,MERCH0029,2025-08-16 19:36:37,321.74,EUR,Approved,POS,Purchase
TX03783,CUST0019,ACC0019,CARD0770,MERCH0019,2025-11-19 07:04:49,19.99,USD,Approved,POS,Withdrawal
TX03784,CUST0424,ACC0424,CARD1003,MERCH0047,2025-01-18 23:34:46,85.51,USD,Approved,Web,Refund
TX03785,CUST0245,ACC0245,CARD1373,MERCH0136,2025-02-04 13:20:05,222.48,EUR,Approved,ATM,Purchase
TX03786,CUST0733,ACC0733,CARD0732,MERCH0023,2025-04-28 20:55:24,17.75,USD,Approved,POS,Refund
TX03787,CUST0324,ACC0324,CARD0038,MERCH0117,2025-03-29 20:46:23,11.19,EUR,Approved,POS,Withdrawal
TX03788,CUST0325,ACC0325,CARD0230,MERCH0106,2025-05-13 04:42:39,65.07,EUR,Approved,Web,Purchase
TX03789,CUST0421,ACC0421,CARD0682,MERCH0163,2025-07-18 09:28:53,201.36,USD,Approved,POS,Purchase
TX03790,CUST0420,ACC0420,CARD0305,MERCH0053,2025-06-04 14:12:30,115.65,GBP,Approved,Web,Transfer
TX03791,CUST0761,ACC0761,CARD1016,MERCH0096,2025-08-19 04:50:00,85.94,EUR,Approved,POS,Refund
TX03792,CUST0178,ACC0178,CARD1497,MERCH0186,2025-02-04 10:08:12,256.56,INR,Approved,Web,Purchase
TX03793,CUST0648,ACC0648,CARD0500,MERCH0005,2025-10-12 08:34:35,223.32,EUR,Approved,POS,Purchase
TX03794,CUST0139,ACC0139,CARD1029,MERCH0016,2025-04-23 06:47:33,236.3,EUR,Approved,POS,Purchase
TX03795,CUST0045,ACC0045,CARD1268,MERCH0017,2025-05-19 03:40:17,97.35,USD,Approved,Web,Purchase
TX03796,CUST0483,ACC0483,CARD0697,MERCH0160,2025-07-28 11:37:15,7.95,USD,Approved,POS,Purchase
TX03797,CUST0700,ACC0700,CARD1253,MERCH0102,2025-03-27 01:30:04,33.34,USD,Approved,Mobile App,Purchase
TX03798,CUST0397,ACC0397,CARD0036,MERCH0180,2025-03-01 07:58:45,207.81,EUR,Approved,Mobile App,Transfer
TX03799,CUST0366,ACC0366,CARD0981,MERCH0020,2025-04-03 12:36:20,214.86,USD,Approved,POS,Purchase
TX03800,CUST0990,ACC0990,CARD0277,MERCH0112,2025-09-22 11:29:01,542.94,EUR,Approved,ATM,Withdrawal
TX03801,CUST0244,ACC0244,CARD0464,MERCH0120,2025-08-01 18:51:56,36.64,USD,Approved,POS,Purchase
TX03802,CUST0670,ACC0670,CARD1082,MERCH0194,2025-01-10 04:02:18,24.67,EUR,Approved,Mobile App,Withdrawal
TX03803,CUST0402,ACC0402,CARD0400,MERCH0111,2025-07-15 23:10:53,27.41,EUR,Approved,Web,Purchase
TX03804,CUST0442,ACC0442,CARD0936,MERCH0001,2025-09-13 21:23:42,35.65,EUR,Approved,POS,Purchase
TX03805,CUST0399,ACC0399,CARD0020,MERCH0058,2025-06-29 17:01:29,117.77,CAD,Approved,ATM,Withdrawal
TX03806,CUST0953,ACC0953,CARD1063,MERCH0093,2025-02-04 14:15:02,559.61,GBP,Approved,ATM,Purchase
TX03807,CUST0550,ACC0550,CARD0617,MERCH0172,2025-06-10 06:01:43,138.53,USD,Approved,Web,Purchase
TX03808,CUST0467,ACC0467,CARD0488,MERCH0006,2025-06-09 15:01:52,115.94,EUR,Approved,Web,Transfer
TX03809,CUST0360,ACC0360,CARD1123,MERCH0108,2025-05-16 03:31:25,172.83,EUR,Approved,ATM,Purchase
TX03810,CUST0442,ACC0442,CARD0936,MERCH0103,2025-08-14 01:14:47,16.52,GBP,Declined,Web,Refund
TX03811,CUST0517,ACC0517,CARD0336,MERCH0050,2025-08-31 08:33:45,258.4,GBP,Approved,POS,Withdrawal
TX03812,CUST0571,ACC0571,CARD0663,MERCH0118,2025-03-12 16:22:36,161.14,USD,Approved,Web,Purchase
TX03813,CUST0357,ACC0357,CARD0302,MERCH0110,2025-02-23 23:07:00,33.16,GBP,Declined,Mobile App,Purchase
TX03814,CUST0283,ACC0283,CARD1155,MERCH0200,2025-04-21 16:33:35,154.43,USD,Approved,Mobile App,Withdrawal
TX03815,CUST0749,ACC0749,CARD0883,MERCH0088,2025-03-16 15:54:50,141.03,GBP,Approved,ATM,Purchase
TX03816,CUST0541,ACC0541,CARD0727,MERCH0020,2025-09-15 05:15:13,15.06,USD,Declined,POS,Withdrawal
TX03817,CUST0280,ACC0280,CARD1123,MERCH0014,2025-07-08 13:45:15,51.58,USD,Approved,Web,Purchase
TX03818,CUST0596,ACC0596,CARD1408,MERCH0133,2025-08-27 14:29:44,79.38,CAD,Declined,POS,Withdrawal
TX03819,CUST0564,ACC0564,CARD0920,MERCH0169,2025-10-31 16:48:26,47.13,EUR,Approved,Web,Refund
TX03820,CUST0925,ACC0925,CARD0639,MERCH0040,2025-07-03 15:04:48,46.79,INR,Pending,Web,Purchase
TX03821,CUST0091,ACC0091,CARD1017,MERCH0034,2025-01-12 07:23:42,132.63,USD,Approved,POS,Refund
TX03822,CUST0822,ACC0822,CARD0401,MERCH0124,2025-05-26 20:50:33,100.48,EUR,Approved,Web,Purchase
TX03823,CUST0526,ACC0526,CARD0957,MERCH0045,2025-02-06 13:31:49,170.07,GBP,Approved,POS,Purchase
TX03824,CUST0160,ACC0160,CARD0749,MERCH0199,2025-06-18 07:37:50,474.93,USD,Approved,POS,Purchase
TX03825,CUST0417,ACC0417,CARD0314,MERCH0080,2025-06-19 02:50:24,167.07,USD,Approved,Web,Purchase
TX03826,CUST0833,ACC0833,CARD0103,MERCH0071,2025-09-10 01:31:05,135.88,USD,Approved,Mobile App,Purchase
TX03827,CUST0516,ACC0516,CARD0792,MERCH0155,2025-10-24 15:20:14,287.15,INR,Approved,POS,Purchase
TX03828,CUST0719,ACC0719,CARD0358,MERCH0078,2025-05-22 00:49:04,154.98,GBP,Approved,POS,Purchase
TX03829,CUST0588,ACC0588,CARD0396,MERCH0078,2025-09-30 10:43:44,32.15,USD,Approved,POS,Purchase
TX03830,CUST0565,ACC0565,CARD0192,MERCH0172,2025-07-02 12:26:04,61.7,USD,Approved,Web,Purchase
TX03831,CUST0147,ACC0147,CARD0207,MERCH0033,2025-02-22 12:37:00,203.28,USD,Approved,POS,Purchase
TX03832,CUST0057,ACC0057,CARD0242,MERCH0033,2025-06-08 18:14:31,206.13,EUR,Approved,Mobile App,Refund
TX03833,CUST0483,ACC0483,CARD0697,MERCH0044,2025-03-18 07:20:47,656.52,INR,Declined,ATM,Refund
TX03834,CUST0652,ACC0652,CARD1325,MERCH0020,2025-02-14 05:41:37,152.92,EUR,Approved,Web,Transfer
TX03835,CUST0815,ACC0815,CARD1330,MERCH0111,2025-12-21 20:01:22,349.71,USD,Approved,Web,Purchase
TX03836,CUST0143,ACC0143,CARD0398,MERCH0164,2025-07-24 05:49:38,13.42,EUR,Pending,Web,Purchase
TX03837,CUST0929,ACC0929,CARD0474,MERCH0007,2025-11-20 03:34:42,130.28,INR,Approved,POS,Purchase
TX03838,CUST0526,ACC0526,CARD0957,MERCH0160,2025-02-19 15:41:25,383.57,EUR,Approved,POS,Purchase
TX03839,CUST0902,ACC0902,CARD0546,MERCH0195,2025-08-31 16:37:50,55.79,INR,Approved,Web,Refund
TX03840,CUST0508,ACC0508,CARD1247,MERCH0167,2025-06-13 23:24:51,30.24,USD,Approved,ATM,Transfer
TX03841,CUST0491,ACC0491,CARD1012,MERCH0024,2025-02-25 17:47:18,69.74,GBP,Approved,Mobile App,Purchase
TX03842,CUST0077,ACC0077,CARD0566,MERCH0070,2025-11-15 09:50:49,240.7,EUR,Approved,ATM,Purchase
TX03843,CUST0716,ACC0716,CARD0736,MERCH0112,2025-09-04 05:10:39,18.28,EUR,Approved,ATM,Transfer
TX03844,CUST0964,ACC0964,CARD1418,MERCH0104,2025-11-11 20:43:48,142.57,EUR,Declined,POS,Withdrawal
TX03845,CUST0524,ACC0524,CARD0690,MERCH0054,2025-08-27 11:51:50,26.86,USD,Reversed,POS,Purchase
TX03846,CUST0696,ACC0696,CARD0886,MERCH0038,2025-10-19 16:50:39,90.78,USD,Approved,Web,Purchase
TX03847,CUST0456,ACC0456,CARD0791,MERCH0074,2025-03-29 19:46:32,512.11,CAD,Approved,Web,Purchase
TX03848,CUST0070,ACC0070,CARD0035,MERCH0080,2025-08-08 05:11:46,37.56,USD,Approved,Web,Purchase
TX03849,CUST0410,ACC0410,CARD0727,MERCH0032,2025-05-15 02:50:19,10.19,INR,Approved,Mobile App,Transfer
TX03850,CUST0255,ACC0255,CARD0929,MERCH0045,2025-08-21 19:53:52,88.58,EUR,Approved,Web,Purchase
TX03851,CUST0266,ACC0266,CARD0346,MERCH0061,2025-03-07 21:29:51,134.3,EUR,Approved,Web,Purchase
TX03852,CUST0498,ACC0498,CARD0341,MERCH0198,2025-09-12 22:13:16,57.97,CAD,Approved,POS,Purchase
TX03853,CUST0191,ACC0191,CARD1480,MERCH0053,2025-05-26 05:51:34,122.06,GBP,Approved,POS,Purchase
TX03854,CUST0013,ACC0013,CARD0088,MERCH0128,2025-10-04 23:08:45,464.93,EUR,Approved,Web,Withdrawal
TX03855,CUST0871,ACC0871,CARD0111,MERCH0179,2025-05-04 14:45:49,61.05,USD,Approved,ATM,Purchase
TX03856,CUST0111,ACC0111,CARD1496,MERCH0076,2025-09-24 19:50:45,60.54,CAD,Approved,POS,Purchase
TX03857,CUST0913,ACC0913,CARD0107,MERCH0184,2025-04-21 16:53:16,103.89,GBP,Reversed,Web,Withdrawal
TX03858,CUST0220,ACC0220,CARD1154,MERCH0027,2025-11-09 16:22:48,113.64,GBP,Approved,ATM,Purchase
TX03859,CUST0722,ACC0722,CARD0668,MERCH0166,2025-06-07 04:45:11,5.21,GBP,Approved,POS,Purchase
TX03860,CUST0629,ACC0629,CARD0954,MERCH0062,2025-10-28 06:41:39,148.52,USD,Approved,POS,Purchase
TX03861,CUST0155,ACC0155,CARD1021,MERCH0018,2025-03-28 13:58:13,895.4,CAD,Approved,Web,Purchase
TX03862,CUST0887,ACC0887,CARD0634,MERCH0127,2025-11-24 04:10:29,56.8,USD,Approved,Web,Purchase
TX03863,CUST0696,ACC0696,CARD0886,MERCH0109,2025-03-09 04:23:13,154.47,USD,Approved,ATM,Purchase
TX03864,CUST0426,ACC0426,CARD0613,MERCH0103,2025-12-25 13:21:46,5.69,USD,Approved,POS,Withdrawal
TX03865,CUST0359,ACC0359,CARD0607,MERCH0192,2025-06-08 23:32:44,144.07,USD,Approved,Web,Purchase
TX03866,CUST0156,ACC0156,CARD0096,MERCH0077,2025-06-13 00:16:12,93.88,EUR,Approved,POS,Withdrawal
TX03867,CUST0017,ACC0017,CARD0131,MERCH0117,2025-12-27 00:43:52,118.35,USD,Approved,Web,Refund
TX03868,CUST0943,ACC0943,CARD0750,MERCH0104,2025-04-29 22:28:02,122.76,USD,Approved,POS,Purchase
TX03869,CUST0781,ACC0781,CARD0823,MERCH0158,2025-07-14 05:00:08,34.21,USD,Approved,Web,Withdrawal
TX03870,CUST0561,ACC0561,CARD0676,MERCH0049,2025-12-11 08:24:43,225.43,EUR,Approved,Web,Transfer
TX03871,CUST0216,ACC0216,CARD0855,MERCH0169,2025-08-09 02:10:18,126.61,EUR,Approved,Web,Refund
TX03872,CUST0488,ACC0488,CARD1009,MERCH0116,2025-08-29 18:03:40,52.25,EUR,Approved,Web,Withdrawal
TX03873,CUST0315,ACC0315,CARD0640,MERCH0141,2025-06-03 00:16:15,420.6,GBP,Pending,Web,Purchase
TX03874,CUST0062,ACC0062,CARD1364,MERCH0162,2025-01-31 01:11:58,6.93,EUR,Approved,Mobile App,Purchase
TX03875,CUST0328,ACC0328,CARD0438,MERCH0100,2025-10-19 09:44:41,199.16,USD,Approved,POS,Purchase
TX03876,CUST0020,ACC0020,CARD0344,MERCH0125,2025-10-09 11:57:49,77.0,INR,Approved,POS,Refund
TX03877,CUST0030,ACC0030,CARD0022,MERCH0025,2025-07-20 21:51:10,115.89,USD,Declined,Web,Purchase
TX03878,CUST0109,ACC0109,CARD1153,MERCH0194,2025-01-09 21:12:57,56.69,USD,Declined,Web,Purchase
TX03879,CUST0239,ACC0239,CARD0609,MERCH0128,2025-01-24 03:27:07,63.13,EUR,Approved,POS,Withdrawal
TX03880,CUST0928,ACC0928,CARD0526,MERCH0100,2025-11-12 06:59:25,7.29,GBP,Approved,Web,Purchase
TX03881,CUST0032,ACC0032,CARD0748,MERCH0146,2025-08-02 18:02:07,201.31,GBP,Approved,POS,Purchase
TX03882,CUST0744,ACC0744,CARD0752,MERCH0005,2025-10-18 02:51:22,191.09,USD,Approved,POS,Refund
TX03883,CUST0515,ACC0515,CARD1040,MERCH0019,2025-12-18 10:12:06,164.35,GBP,Approved,POS,Withdrawal
TX03884,CUST0916,ACC0916,CARD0337,MERCH0170,2025-02-22 20:26:26,320.5,GBP,Pending,ATM,Purchase
TX03885,CUST0911,ACC0911,CARD1080,MERCH0018,2025-08-20 06:49:43,352.3,USD,Approved,Mobile App,Purchase
TX03886,CUST0481,ACC0481,CARD0997,MERCH0121,2025-05-02 17:12:02,126.94,USD,Approved,POS,Purchase
TX03887,CUST0290,ACC0290,CARD1444,MERCH0032,2025-02-11 23:59:08,178.19,GBP,Approved,POS,Purchase
TX03888,CUST0866,ACC0866,CARD0053,MERCH0149,2025-08-21 15:39:49,6.66,USD,Approved,POS,Purchase
TX03889,CUST0337,ACC0337,CARD0453,MERCH0010,2025-01-16 14:14:28,285.95,USD,Approved,POS,Purchase
TX03890,CUST0969,ACC0969,CARD0111,MERCH0037,2025-02-22 11:34:04,259.26,USD,Approved,Mobile App,Purchase
TX03891,CUST0585,ACC0585,CARD0699,MERCH0177,2025-09-19 23:15:44,8.07,USD,Approved,POS,Purchase
TX03892,CUST0276,ACC0276,CARD1184,MERCH0086,2025-01-15 08:27:57,122.4,USD,Approved,POS,Purchase
TX03893,CUST0165,ACC0165,CARD1184,MERCH0013,2025-06-16 00:59:31,360.72,USD,Approved,POS,Withdrawal
TX03894,CUST0653,ACC0653,CARD1156,MERCH0183,2025-05-01 17:25:03,35.02,USD,Approved,POS,Transfer
TX03895,CUST0325,ACC0325,CARD0230,MERCH0145,2025-04-17 22:10:54,70.23,CAD,Approved,Web,Purchase
TX03896,CUST0426,ACC0426,CARD0613,MERCH0009,2025-06-29 17:55:27,65.31,USD,Approved,Web,Purchase
TX03897,CUST0525,ACC0525,CARD0380,MERCH0088,2025-12-21 19:36:05,70.99,EUR,Approved,POS,Withdrawal
TX03898,CUST0936,ACC0936,CARD0526,MERCH0172,2025-11-05 00:46:14,11.42,INR,Approved,POS,Transfer
TX03899,CUST0704,ACC0704,CARD0047,MERCH0046,2025-03-18 03:54:08,54.07,CAD,Approved,Web,Purchase
TX03900,CUST0383,ACC0383,CARD1410,MERCH0136,2025-04-03 22:17:05,57.4,USD,Approved,Mobile App,Withdrawal
TX03901,CUST0641,ACC0641,CARD1218,MERCH0119,2025-12-20 22:39:10,306.34,USD,Declined,POS,Purchase
TX03902,CUST0478,ACC0478,CARD1100,MERCH0165,2025-11-11 21:18:00,70.11,EUR,Approved,POS,Transfer
TX03903,CUST0999,ACC0999,CARD0759,MERCH0019,2025-10-09 16:00:02,93.92,CAD,Approved,POS,Transfer
TX03904,CUST0725,ACC0725,CARD1146,MERCH0191,2025-12-22 07:33:02,76.88,USD,Approved,Web,Withdrawal
TX03905,CUST0766,ACC0766,CARD1263,MERCH0174,2025-01-05 21:29:33,24.29,USD,Approved,POS,Refund
TX03906,CUST0371,ACC0371,CARD0128,MERCH0094,2025-03-25 00:06:33,701.22,GBP,Approved,POS,Purchase
TX03907,CUST0871,ACC0871,CARD0111,MERCH0199,2025-12-02 16:30:54,267.15,EUR,Approved,POS,Purchase
TX03908,CUST0947,ACC0947,CARD0739,MERCH0026,2025-10-08 17:04:43,121.78,GBP,Approved,Web,Purchase
TX03909,CUST0381,ACC0381,CARD0155,MERCH0046,2025-06-02 12:29:17,102.04,EUR,Approved,POS,Purchase
TX03910,CUST0308,ACC0308,CARD0398,MERCH0118,2025-09-27 12:45:09,162.15,USD,Approved,Web,Transfer
TX03911,CUST0905,ACC0905,CARD0794,MERCH0046,2025-06-20 23:58:10,64.27,EUR,Approved,Web,Withdrawal
TX03912,CUST0930,ACC0930,CARD0028,MERCH0014,2025-12-24 05:48:25,12.74,EUR,Approved,Web,Withdrawal
TX03913,CUST0661,ACC0661,CARD0091,MERCH0085,2025-01-20 14:55:30,82.71,GBP,Approved,Web,Purchase
TX03914,CUST0349,ACC0349,CARD1070,MERCH0063,2025-08-02 23:55:13,625.06,GBP,Reversed,Web,Withdrawal
TX03915,CUST0101,ACC0101,CARD0380,MERCH0072,2025-06-01 13:08:21,35.2,GBP,Approved,ATM,Purchase
TX03916,CUST0827,ACC0827,CARD1231,MERCH0003,2025-09-30 13:07:39,117.52,USD,Approved,Mobile App,Purchase
TX03917,CUST0326,ACC0326,CARD1389,MERCH0028,2025-02-19 01:16:14,6.28,EUR,Approved,Web,Purchase
TX03918,CUST0129,ACC0129,CARD0503,MERCH0125,2025-08-16 15:46:16,24.52,EUR,Approved,Mobile App,Purchase
TX03919,CUST0699,ACC0699,CARD0764,MERCH0157,2025-01-10 06:52:17,137.72,EUR,Approved,Web,Refund
TX03920,CUST0380,ACC0380,CARD0962,MERCH0087,2025-12-17 14:32:10,57.95,USD,Approved,POS,Purchase
TX03921,CUST0387,ACC0387,CARD0246,MERCH0146,2025-10-16 05:50:37,359.17,GBP,Pending,POS,Purchase
TX03922,CUST0675,ACC0675,CARD1385,MERCH0163,2025-05-09 07:56:04,83.17,EUR,Approved,POS,Transfer
TX03923,CUST0842,ACC0842,CARD0859,MERCH0077,2025-11-14 23:43:59,39.99,EUR,Approved,POS,Purchase
TX03924,CUST0027,ACC0027,CARD1185,MERCH0076,2025-03-28 07:48:07,123.31,CAD,Declined,POS,Purchase
TX03925,CUST0218,ACC0218,CARD0385,MERCH0175,2025-09-14 21:10:13,242.69,USD,Approved,POS,Purchase
TX03926,CUST0075,ACC0075,CARD1022,MERCH0114,2025-01-04 12:46:42,7.94,USD,Approved,ATM,Purchase
TX03927,CUST0084,ACC0084,CARD0996,MERCH0133,2025-07-21 19:48:30,110.64,EUR,Approved,POS,Purchase
TX03928,CUST0796,ACC0796,CARD0457,MERCH0075,2025-09-01 04:29:23,227.7,INR,Approved,Web,Refund
TX03929,CUST0072,ACC0072,CARD1105,MERCH0059,2025-10-12 20:14:43,21.4,USD,Reversed,ATM,Refund
TX03930,CUST0542,ACC0542,CARD0849,MERCH0059,2025-06-23 23:59:00,354.65,USD,Approved,Web,Purchase
TX03931,CUST0988,ACC0988,CARD1461,MERCH0047,2025-04-21 17:15:26,51.08,CAD,Approved,Web,Purchase
TX03932,CUST0391,ACC0391,CARD0538,MERCH0095,2025-06-02 13:04:15,33.06,CAD,Declined,Web,Transfer
TX03933,CUST0703,ACC0703,CARD1426,MERCH0141,2025-12-22 21:40:40,138.47,CAD,Approved,POS,Withdrawal
TX03934,CUST0214,ACC0214,CARD0642,MERCH0078,2025-10-24 12:21:24,33.86,USD,Approved,POS,Transfer
TX03935,CUST0406,ACC0406,CARD1167,MERCH0113,2025-08-28 13:34:25,175.78,GBP,Approved,Mobile App,Withdrawal
TX03936,CUST0720,ACC0720,CARD0972,MERCH0109,2025-07-05 10:13:37,106.03,EUR,Approved,POS,Refund
TX03937,CUST0999,ACC0999,CARD0759,MERCH0106,2025-07-27 14:33:00,22.47,EUR,Approved,Mobile App,Transfer
TX03938,CUST0353,ACC0353,CARD1061,MERCH0089,2025-08-13 10:04:18,370.4,USD,Approved,POS,Transfer
TX03939,CUST0407,ACC0407,CARD1116,MERCH0033,2025-04-21 13:35:57,172.76,GBP,Reversed,Web,Purchase
TX03940,CUST0919,ACC0919,CARD1281,MERCH0097,2025-12-29 05:04:41,123.45,USD,Approved,Web,Purchase
TX03941,CUST0973,ACC0973,CARD0034,MERCH0190,2025-05-12 12:41:20,75.34,USD,Approved,ATM,Withdrawal
TX03942,CUST0268,ACC0268,CARD1017,MERCH0079,2025-11-20 02:49:22,26.73,EUR,Approved,POS,Purchase
TX03943,CUST0795,ACC0795,CARD1102,MERCH0016,2025-03-30 14:11:35,189.4,USD,Approved,ATM,Purchase
TX03944,CUST0053,ACC0053,CARD0388,MERCH0044,2025-03-16 03:14:35,257.02,USD,Approved,Web,Refund
TX03945,CUST0975,ACC0975,CARD1393,MERCH0186,2025-01-07 05:34:40,25.17,USD,Approved,Web,Purchase
TX03946,CUST0214,ACC0214,CARD0642,MERCH0120,2025-02-05 03:52:16,107.35,GBP,Approved,Web,Purchase
TX03947,CUST0915,ACC0915,CARD0048,MERCH0134,2025-10-19 18:41:22,104.49,USD,Approved,POS,Purchase
TX03948,CUST0451,ACC0451,CARD1082,MERCH0108,2025-01-18 20:31:01,69.6,GBP,Approved,Web,Purchase
TX03949,CUST0361,ACC0361,CARD0700,MERCH0143,2025-08-08 01:14:46,238.63,EUR,Approved,POS,Withdrawal
TX03950,CUST0886,ACC0886,CARD0061,MERCH0004,2025-04-12 22:11:04,20.73,EUR,Approved,POS,Transfer
TX03951,CUST0526,ACC0526,CARD0957,MERCH0056,2025-05-20 05:18:32,39.42,EUR,Approved,Mobile App,Withdrawal
TX03952,CUST0161,ACC0161,CARD1195,MERCH0064,2025-07-10 07:22:56,5.24,GBP,Approved,ATM,Purchase
TX03953,CUST0876,ACC0876,CARD1398,MERCH0196,2025-02-02 22:33:58,75.02,USD,Reversed,Web,Purchase
TX03954,CUST0547,ACC0547,CARD1022,MERCH0162,2025-11-25 23:19:33,56.62,USD,Approved,Web,Purchase
TX03955,CUST0098,ACC0098,CARD0217,MERCH0095,2025-07-13 23:34:39,307.6,EUR,Declined,Web,Purchase
TX03956,CUST0516,ACC0516,CARD0792,MERCH0056,2025-08-04 15:55:26,210.45,INR,Approved,Mobile App,Withdrawal
TX03957,CUST0436,ACC0436,CARD0992,MERCH0032,2025-12-15 05:21:47,18.24,USD,Approved,ATM,Purchase
TX03958,CUST0561,ACC0561,CARD0676,MERCH0116,2025-07-02 05:27:03,207.61,EUR,Approved,Web,Purchase
TX03959,CUST0330,ACC0330,CARD0027,MERCH0009,2025-10-09 20:29:25,173.77,CAD,Approved,POS,Purchase
TX03960,CUST0270,ACC0270,CARD0002,MERCH0191,2025-06-12 20:02:11,54.64,CAD,Approved,POS,Purchase
TX03961,CUST0984,ACC0984,CARD0315,MERCH0105,2025-05-22 09:35:51,7.34,USD,Approved,POS,Transfer
TX03962,CUST0251,ACC0251,CARD0147,MERCH0200,2025-04-13 10:43:19,23.35,EUR,Approved,Mobile App,Purchase
TX03963,CUST0881,ACC0881,CARD1219,MERCH0078,2025-02-11 06:16:33,48.14,USD,Approved,ATM,Purchase
TX03964,CUST0803,ACC0803,CARD0881,MERCH0161,2025-07-12 16:38:13,259.43,GBP,Approved,Web,Purchase
TX03965,CUST0979,ACC0979,CARD0613,MERCH0087,2025-05-21 19:13:45,98.91,USD,Pending,ATM,Purchase
TX03966,CUST0609,ACC0609,CARD1168,MERCH0021,2025-06-01 22:17:03,380.88,GBP,Approved,POS,Purchase
TX03967,CUST0905,ACC0905,CARD0794,MERCH0055,2025-11-22 00:18:40,238.49,CAD,Approved,Web,Withdrawal
TX03968,CUST0909,ACC0909,CARD0214,MERCH0076,2025-04-18 12:07:18,55.76,INR,Approved,Web,Withdrawal
TX03969,CUST0849,ACC0849,CARD1359,MERCH0185,2025-05-31 01:26:33,285.0,CAD,Approved,Web,Purchase
TX03970,CUST0083,ACC0083,CARD0202,MERCH0130,2025-02-26 04:13:33,23.62,USD,Approved,Web,Purchase
TX03971,CUST0693,ACC0693,CARD0815,MERCH0141,2025-12-01 22:09:26,10.52,USD,Reversed,POS,Refund
TX03972,CUST0904,ACC0904,CARD1097,MERCH0126,2025-10-19 02:47:20,145.68,EUR,Approved,Web,Withdrawal
TX03973,CUST0980,ACC0980,CARD0692,MERCH0132,2025-09-12 08:19:09,67.72,EUR,Approved,Web,Purchase
TX03974,CUST0309,ACC0309,CARD1301,MERCH0084,2025-09-16 21:15:57,64.94,USD,Approved,Mobile App,Purchase
TX03975,CUST0287,ACC0287,CARD1144,MERCH0178,2025-02-03 21:28:14,179.33,USD,Approved,Web,Purchase
TX03976,CUST0187,ACC0187,CARD0973,MERCH0115,2025-11-22 07:03:32,289.67,CAD,Approved,POS,Withdrawal
TX03977,CUST0210,ACC0210,CARD1105,MERCH0048,2025-08-26 03:58:32,63.33,CAD,Approved,Web,Refund
TX03978,CUST0047,ACC0047,CARD1155,MERCH0123,2025-04-14 03:16:44,63.96,USD,Approved,POS,Withdrawal
TX03979,CUST0334,ACC0334,CARD0284,MERCH0078,2025-08-15 12:55:45,119.49,USD,Approved,POS,Purchase
TX03980,CUST0206,ACC0206,CARD1410,MERCH0030,2025-08-20 08:19:59,163.84,EUR,Approved,Web,Withdrawal
TX03981,CUST0646,ACC0646,CARD1389,MERCH0029,2025-12-16 11:02:38,39.02,CAD,Approved,POS,Refund
TX03982,CUST0048,ACC0048,CARD0647,MERCH0136,2025-04-27 19:18:39,370.72,EUR,Approved,Web,Purchase
TX03983,CUST0227,ACC0227,CARD0203,MERCH0140,2025-07-04 00:25:04,164.38,INR,Approved,POS,Refund
TX03984,CUST0425,ACC0425,CARD0444,MERCH0041,2025-05-18 18:53:06,152.19,GBP,Approved,POS,Withdrawal
TX03985,CUST0318,ACC0318,CARD0460,MERCH0026,2025-11-19 20:57:07,356.82,INR,Approved,Web,Purchase
TX03986,CUST0008,ACC0008,CARD0122,MERCH0050,2025-03-16 02:54:32,361.7,GBP,Approved,POS,Purchase
TX03987,CUST0985,ACC0985,CARD0877,MERCH0002,2025-10-11 09:03:52,26.85,CAD,Approved,POS,Purchase
TX03988,CUST0889,ACC0889,CARD1427,MERCH0055,2025-09-12 09:22:23,28.51,GBP,Approved,POS,Withdrawal
TX03989,CUST0604,ACC0604,CARD1049,MERCH0104,2025-01-09 21:48:58,220.29,USD,Declined,POS,Purchase
TX03990,CUST0935,ACC0935,CARD0666,MERCH0184,2025-11-01 12:03:08,476.57,USD,Approved,POS,Purchase
TX03991,CUST0447,ACC0447,CARD1130,MERCH0014,2025-11-28 19:14:29,169.72,CAD,Approved,POS,Purchase
TX03992,CUST0127,ACC0127,CARD1057,MERCH0134,2025-12-26 18:49:19,84.48,USD,Approved,Web,Refund
TX03993,CUST0814,ACC0814,CARD0771,MERCH0128,2025-02-02 03:49:36,177.55,EUR,Approved,POS,Purchase
TX03994,CUST0845,ACC0845,CARD1332,MERCH0104,2025-07-03 15:24:12,43.97,GBP,Approved,POS,Purchase
TX03995,CUST0455,ACC0455,CARD0117,MERCH0095,2025-02-22 17:34:31,934.68,GBP,Approved,Web,Purchase
TX03996,CUST0690,ACC0690,CARD0685,MERCH0081,2025-07-21 21:33:05,89.6,USD,Approved,POS,Purchase
TX03997,CUST0794,ACC0794,CARD1109,MERCH0061,2025-06-24 04:20:28,407.55,EUR,Approved,Web,Refund
TX03998,CUST0888,ACC0888,CARD1075,MERCH0012,2025-03-15 06:51:11,89.53,EUR,Approved,POS,Purchase
TX03999,CUST0118,ACC0118,CARD0379,MERCH0013,2025-12-27 03:27:40,399.95,USD,Approved,ATM,Purchase
TX04000,CUST0040,ACC0040,CARD0190,MERCH0147,2025-06-04 03:17:30,66.35,CAD,Approved,POS,Purchase
TX04001,CUST0969,ACC0969,CARD0111,MERCH0172,2025-06-23 05:46:49,219.41,EUR,Approved,Web,Purchase
TX04002,CUST0213,ACC0213,CARD0002,MERCH0089,2025-08-19 00:46:46,457.4,INR,Approved,POS,Purchase
TX04003,CUST0500,ACC0500,CARD1313,MERCH0095,2025-06-10 00:03:05,160.76,USD,Approved,Web,Purchase
TX04004,CUST0205,ACC0205,CARD1292,MERCH0059,2025-05-23 21:24:41,174.78,USD,Approved,Web,Purchase
TX04005,CUST0679,ACC0679,CARD0190,MERCH0037,2025-05-08 07:52:05,21.29,GBP,Approved,POS,Transfer
TX04006,CUST0147,ACC0147,CARD0207,MERCH0025,2025-01-27 04:26:46,101.43,EUR,Approved,POS,Withdrawal
TX04007,CUST0872,ACC0872,CARD0761,MERCH0016,2025-07-21 21:20:20,331.73,USD,Approved,ATM,Refund
TX04008,CUST0484,ACC0484,CARD1309,MERCH0166,2025-03-20 07:40:55,46.35,INR,Reversed,Mobile App,Purchase
TX04009,CUST0075,ACC0075,CARD1022,MERCH0171,2025-12-05 02:31:42,237.93,CAD,Approved,Web,Purchase
TX04010,CUST0955,ACC0955,CARD1255,MERCH0087,2025-02-05 05:59:13,173.92,EUR,Approved,Mobile App,Withdrawal
TX04011,CUST0536,ACC0536,CARD1326,MERCH0142,2025-04-22 22:06:10,42.84,EUR,Approved,POS,Purchase
TX04012,CUST0083,ACC0083,CARD0202,MERCH0134,2025-11-02 11:30:20,54.86,USD,Approved,Web,Withdrawal
TX04013,CUST0936,ACC0936,CARD0526,MERCH0023,2025-10-22 19:13:55,88.68,INR,Approved,POS,Purchase
TX04014,CUST0972,ACC0972,CARD1494,MERCH0126,2025-08-14 15:56:42,25.05,GBP,Approved,Web,Purchase
TX04015,CUST0221,ACC0221,CARD1077,MERCH0060,2025-03-17 21:10:03,371.92,USD,Approved,Mobile App,Withdrawal
TX04016,CUST0530,ACC0530,CARD1441,MERCH0140,2025-08-04 06:30:59,206.69,USD,Approved,POS,Purchase
TX04017,CUST0688,ACC0688,CARD0134,MERCH0141,2025-10-31 12:53:04,73.11,GBP,Approved,Web,Transfer
TX04018,CUST0165,ACC0165,CARD1184,MERCH0100,2025-03-08 21:40:53,58.43,USD,Approved,Web,Refund
TX04019,CUST0614,ACC0614,CARD1210,MERCH0103,2025-11-29 10:12:24,180.47,CAD,Approved,Web,Purchase
TX04020,CUST0767,ACC0767,CARD0177,MERCH0134,2025-10-04 08:29:28,87.8,INR,Approved,ATM,Purchase
TX04021,CUST0777,ACC0777,CARD1123,MERCH0063,2025-03-13 02:28:32,44.08,CAD,Approved,Mobile App,Withdrawal
TX04022,CUST0226,ACC0226,CARD1463,MERCH0038,2025-09-29 14:00:26,89.36,GBP,Approved,POS,Purchase
TX04023,CUST0318,ACC0318,CARD0460,MERCH0128,2025-10-11 05:40:07,312.54,EUR,Approved,Web,Purchase
TX04024,CUST0840,ACC0840,CARD0798,MERCH0050,2025-03-21 03:25:44,15.66,USD,Approved,Web,Purchase
TX04025,CUST0338,ACC0338,CARD1020,MERCH0180,2025-11-04 15:12:13,73.91,GBP,Approved,POS,Withdrawal
TX04026,CUST0532,ACC0532,CARD1067,MERCH0040,2025-08-26 23:36:11,496.87,USD,Approved,Mobile App,Transfer
TX04027,CUST0612,ACC0612,CARD0109,MERCH0008,2025-06-15 15:48:35,7.24,EUR,Approved,POS,Refund
TX04028,CUST0612,ACC0612,CARD0109,MERCH0189,2025-02-17 10:42:06,336.97,USD,Approved,POS,Transfer
TX04029,CUST0053,ACC0053,CARD0388,MERCH0008,2025-06-18 18:09:37,75.46,USD,Approved,POS,Refund
TX04030,CUST0937,ACC0937,CARD0699,MERCH0104,2025-12-15 14:18:49,36.52,USD,Approved,POS,Purchase
TX04031,CUST0797,ACC0797,CARD0001,MERCH0034,2025-12-06 14:33:03,7.26,GBP,Pending,POS,Purchase
TX04032,CUST0554,ACC0554,CARD0413,MERCH0188,2025-07-03 10:52:57,15.97,EUR,Approved,Web,Purchase
TX04033,CUST0520,ACC0520,CARD0896,MERCH0057,2025-06-17 10:50:56,33.28,USD,Approved,Web,Withdrawal
TX04034,CUST0194,ACC0194,CARD0318,MERCH0174,2025-07-05 18:27:01,8.86,EUR,Approved,Web,Purchase
TX04035,CUST0226,ACC0226,CARD1463,MERCH0022,2025-12-19 11:01:25,66.39,USD,Approved,POS,Withdrawal
TX04036,CUST0781,ACC0781,CARD0823,MERCH0087,2025-10-01 13:36:07,11.89,CAD,Approved,Web,Transfer
TX04037,CUST0200,ACC0200,CARD1496,MERCH0040,2025-12-11 04:11:10,181.75,EUR,Approved,POS,Purchase
TX04038,CUST0962,ACC0962,CARD1236,MERCH0173,2025-02-11 05:58:20,261.31,USD,Approved,POS,Purchase
TX04039,CUST0397,ACC0397,CARD0036,MERCH0183,2025-01-04 02:46:51,332.67,USD,Approved,POS,Purchase
TX04040,CUST0826,ACC0826,CARD0919,MERCH0179,2025-07-12 22:15:18,124.49,INR,Approved,POS,Refund
TX04041,CUST0059,ACC0059,CARD1370,MERCH0086,2025-10-27 11:05:58,444.24,EUR,Approved,POS,Purchase
TX04042,CUST0927,ACC0927,CARD0726,MERCH0133,2025-10-30 20:54:36,5.85,USD,Approved,Web,Refund
TX04043,CUST0285,ACC0285,CARD0152,MERCH0095,2025-05-24 05:35:50,26.58,EUR,Approved,POS,Refund
TX04044,CUST0803,ACC0803,CARD0881,MERCH0013,2025-12-17 01:03:45,57.04,USD,Approved,POS,Purchase
TX04045,CUST0486,ACC0486,CARD1093,MERCH0028,2025-07-12 04:06:40,238.4,USD,Approved,Web,Transfer
TX04046,CUST0084,ACC0084,CARD0996,MERCH0084,2025-09-29 23:59:50,329.93,GBP,Approved,ATM,Purchase
TX04047,CUST0734,ACC0734,CARD0869,MERCH0062,2025-06-14 20:50:17,149.4,USD,Approved,Mobile App,Purchase
TX04048,CUST0288,ACC0288,CARD0628,MERCH0093,2025-02-07 16:04:59,77.49,GBP,Approved,ATM,Purchase
TX04049,CUST0584,ACC0584,CARD0397,MERCH0087,2025-12-17 06:16:41,169.42,EUR,Declined,Mobile App,Refund
TX04050,CUST0874,ACC0874,CARD0848,MERCH0024,2025-08-14 18:51:31,34.93,USD,Pending,Web,Purchase
TX04051,CUST0474,ACC0474,CARD0581,MERCH0098,2025-12-14 09:14:52,96.84,GBP,Approved,Mobile App,Purchase
TX04052,CUST0011,ACC0011,CARD0331,MERCH0007,2025-01-12 18:21:37,111.25,USD,Approved,Web,Withdrawal
TX04053,CUST0741,ACC0741,CARD0929,MERCH0166,2025-11-09 16:57:26,21.62,GBP,Approved,POS,Purchase
TX04054,CUST0031,ACC0031,CARD0253,MERCH0037,2025-02-26 18:32:21,10.17,GBP,Approved,POS,Purchase
TX04055,CUST0277,ACC0277,CARD1015,MERCH0068,2025-09-21 12:32:41,213.01,INR,Approved,Web,Refund
TX04056,CUST0540,ACC0540,CARD0035,MERCH0170,2025-07-10 04:52:24,119.76,USD,Approved,Mobile App,Purchase
TX04057,CUST0832,ACC0832,CARD0435,MERCH0086,2025-07-07 01:27:19,65.57,USD,Approved,POS,Purchase
TX04058,CUST0336,ACC0336,CARD0960,MERCH0133,2025-08-30 06:29:18,91.23,EUR,Approved,POS,Purchase
TX04059,CUST0840,ACC0840,CARD0798,MERCH0192,2025-03-13 22:57:54,479.46,USD,Approved,Mobile App,Transfer
TX04060,CUST0955,ACC0955,CARD1255,MERCH0178,2025-05-11 07:53:48,77.9,EUR,Approved,Web,Purchase
TX04061,CUST0367,ACC0367,CARD0928,MERCH0087,2025-02-21 18:55:57,21.39,USD,Approved,Mobile App,Purchase
TX04062,CUST0557,ACC0557,CARD0729,MERCH0015,2025-04-29 19:18:04,98.43,EUR,Approved,ATM,Transfer
TX04063,CUST0586,ACC0586,CARD1043,MERCH0123,2025-09-21 15:08:30,161.64,USD,Approved,POS,Purchase
TX04064,CUST0529,ACC0529,CARD1292,MERCH0107,2025-12-17 15:36:28,6.83,GBP,Approved,POS,Withdrawal
TX04065,CUST0984,ACC0984,CARD0315,MERCH0181,2025-09-12 05:52:44,65.6,GBP,Approved,POS,Transfer
TX04066,CUST0270,ACC0270,CARD0002,MERCH0153,2025-11-05 00:29:32,80.01,USD,Approved,Mobile App,Purchase
TX04067,CUST0232,ACC0232,CARD0294,MERCH0089,2025-11-15 15:14:38,98.46,GBP,Approved,POS,Purchase
TX04068,CUST0457,ACC0457,CARD1151,MERCH0125,2025-12-03 08:57:18,58.86,USD,Approved,POS,Purchase
TX04069,CUST0072,ACC0072,CARD1105,MERCH0113,2025-02-26 16:11:33,169.91,USD,Approved,POS,Withdrawal
TX04070,CUST0036,ACC0036,CARD0511,MERCH0137,2025-03-08 02:00:13,439.27,USD,Approved,POS,Purchase
TX04071,CUST0929,ACC0929,CARD0474,MERCH0166,2025-04-04 04:26:04,373.01,GBP,Approved,POS,Withdrawal
TX04072,CUST0787,ACC0787,CARD1047,MERCH0150,2025-08-20 16:19:29,168.77,EUR,Approved,Mobile App,Purchase
TX04073,CUST0637,ACC0637,CARD1417,MERCH0107,2025-02-18 00:17:26,111.05,USD,Approved,Web,Purchase
TX04074,CUST0337,ACC0337,CARD0453,MERCH0087,2025-03-03 21:58:34,267.15,INR,Reversed,Mobile App,Purchase
TX04075,CUST0560,ACC0560,CARD0761,MERCH0177,2025-11-25 19:47:35,276.13,USD,Declined,POS,Purchase
TX04076,CUST0485,ACC0485,CARD1244,MERCH0068,2025-03-30 04:20:24,270.42,CAD,Approved,Web,Purchase
TX04077,CUST0039,ACC0039,CARD0976,MERCH0015,2025-09-25 02:52:32,30.77,USD,Approved,Web,Purchase
TX04078,CUST0563,ACC0563,CARD0457,MERCH0065,2025-06-15 22:22:19,8.86,GBP,Approved,Web,Withdrawal
TX04079,CUST0318,ACC0318,CARD0460,MERCH0054,2025-01-08 21:44:14,617.9,EUR,Approved,POS,Purchase
TX04080,CUST0133,ACC0133,CARD0684,MERCH0158,2025-10-19 13:54:04,486.54,CAD,Approved,Web,Refund
TX04081,CUST0862,ACC0862,CARD0785,MERCH0093,2025-02-19 23:36:40,129.65,INR,Approved,Web,Purchase
TX04082,CUST0972,ACC0972,CARD1494,MERCH0020,2025-08-21 08:43:39,750.65,CAD,Approved,POS,Purchase
TX04083,CUST0904,ACC0904,CARD1097,MERCH0033,2025-11-19 08:37:08,225.81,EUR,Approved,POS,Refund
TX04084,CUST0192,ACC0192,CARD1435,MERCH0100,2025-12-04 16:06:05,114.28,GBP,Approved,POS,Purchase
TX04085,CUST0110,ACC0110,CARD0648,MERCH0077,2025-05-25 08:44:19,78.98,GBP,Pending,POS,Purchase
TX04086,CUST0557,ACC0557,CARD0729,MERCH0135,2025-11-05 22:52:11,139.79,USD,Approved,POS,Purchase
TX04087,CUST0360,ACC0360,CARD1123,MERCH0136,2025-04-24 22:20:46,113.79,CAD,Approved,POS,Purchase
TX04088,CUST0557,ACC0557,CARD0729,MERCH0156,2025-10-02 12:32:59,767.54,EUR,Approved,POS,Withdrawal
TX04089,CUST0670,ACC0670,CARD1082,MERCH0173,2025-03-27 11:15:17,106.14,USD,Approved,Web,Purchase
TX04090,CUST0236,ACC0236,CARD0982,MERCH0107,2025-02-16 22:40:06,276.11,EUR,Declined,ATM,Purchase
TX04091,CUST0424,ACC0424,CARD1003,MERCH0120,2025-12-30 20:10:23,257.0,EUR,Approved,POS,Withdrawal
TX04092,CUST0584,ACC0584,CARD0397,MERCH0074,2025-07-20 22:32:51,16.11,EUR,Pending,POS,Purchase
TX04093,CUST0727,ACC0727,CARD0676,MERCH0011,2025-02-06 13:29:35,18.65,EUR,Approved,Web,Transfer
TX04094,CUST0430,ACC0430,CARD1004,MERCH0031,2025-10-19 22:17:40,166.74,USD,Approved,Web,Purchase
TX04095,CUST0561,ACC0561,CARD0676,MERCH0012,2025-03-05 16:51:18,49.99,EUR,Approved,Web,Purchase
TX04096,CUST0156,ACC0156,CARD0096,MERCH0124,2025-04-30 16:51:33,165.73,CAD,Declined,Web,Refund
TX04097,CUST0542,ACC0542,CARD0849,MERCH0078,2025-07-21 20:46:37,28.43,USD,Approved,Web,Purchase
TX04098,CUST0826,ACC0826,CARD0919,MERCH0179,2025-06-17 04:23:24,80.89,EUR,Approved,Mobile App,Transfer
TX04099,CUST0597,ACC0597,CARD0851,MERCH0172,2025-04-20 12:31:41,21.22,USD,Approved,ATM,Withdrawal
TX04100,CUST0866,ACC0866,CARD0053,MERCH0096,2025-07-31 21:46:03,54.71,USD,Approved,Web,Purchase
TX04101,CUST0763,ACC0763,CARD1089,MERCH0050,2025-03-28 12:25:00,18.87,EUR,Declined,ATM,Purchase
TX04102,CUST0304,ACC0304,CARD1187,MERCH0117,2025-09-22 21:32:56,533.91,USD,Approved,Web,Purchase
TX04103,CUST0513,ACC0513,CARD1349,MERCH0017,2025-01-22 04:28:47,80.39,GBP,Approved,Web,Withdrawal
TX04104,CUST0995,ACC0995,CARD1470,MERCH0163,2025-07-10 07:14:09,352.18,EUR,Approved,Web,Refund
TX04105,CUST0852,ACC0852,CARD0759,MERCH0129,2025-08-20 03:27:53,536.96,USD,Approved,ATM,Purchase
TX04106,CUST0866,ACC0866,CARD0053,MERCH0157,2025-11-22 17:10:36,365.46,EUR,Approved,ATM,Purchase
TX04107,CUST0422,ACC0422,CARD0838,MERCH0179,2025-07-21 20:44:43,96.03,CAD,Approved,POS,Purchase
TX04108,CUST0910,ACC0910,CARD0239,MERCH0064,2025-02-12 01:25:36,231.37,USD,Approved,Web,Purchase
TX04109,CUST0613,ACC0613,CARD1066,MERCH0132,2025-11-20 08:45:16,30.03,EUR,Approved,ATM,Withdrawal
TX04110,CUST0885,ACC0885,CARD0672,MERCH0087,2025-07-02 17:44:38,19.95,CAD,Approved,POS,Withdrawal
TX04111,CUST0373,ACC0373,CARD0566,MERCH0156,2025-02-13 03:39:48,319.22,CAD,Approved,POS,Purchase
TX04112,CUST0084,ACC0084,CARD0996,MERCH0016,2025-07-07 14:13:08,9.74,EUR,Approved,POS,Purchase
TX04113,CUST0502,ACC0502,CARD0357,MERCH0063,2025-09-20 01:32:40,543.1,USD,Reversed,Web,Purchase
TX04114,CUST0465,ACC0465,CARD1142,MERCH0076,2025-02-23 10:06:37,172.27,USD,Approved,Web,Purchase
TX04115,CUST0297,ACC0297,CARD1497,MERCH0181,2025-09-17 10:34:42,86.61,USD,Approved,POS,Transfer
TX04116,CUST0773,ACC0773,CARD0795,MERCH0085,2025-12-13 11:13:17,27.86,EUR,Approved,Web,Purchase
TX04117,CUST0761,ACC0761,CARD1016,MERCH0109,2025-03-02 07:00:47,197.69,USD,Approved,Mobile App,Purchase
TX04118,CUST0213,ACC0213,CARD0002,MERCH0017,2025-05-31 05:32:23,129.21,CAD,Declined,POS,Purchase
TX04119,CUST0871,ACC0871,CARD0111,MERCH0168,2025-02-06 11:39:46,191.27,EUR,Approved,POS,Purchase
TX04120,CUST0488,ACC0488,CARD1009,MERCH0141,2025-01-13 14:33:05,86.17,USD,Approved,Mobile App,Purchase
TX04121,CUST0814,ACC0814,CARD0771,MERCH0180,2025-12-10 18:36:48,15.28,USD,Approved,ATM,Transfer
TX04122,CUST0551,ACC0551,CARD1220,MERCH0058,2025-11-28 13:09:27,61.74,EUR,Approved,POS,Refund
TX04123,CUST0976,ACC0976,CARD0748,MERCH0165,2025-03-24 19:33:28,61.76,USD,Approved,Web,Purchase
TX04124,CUST0685,ACC0685,CARD0929,MERCH0079,2025-11-30 03:48:11,6.31,GBP,Approved,Web,Purchase
TX04125,CUST0942,ACC0942,CARD0919,MERCH0061,2025-08-07 01:19:13,6.44,CAD,Approved,POS,Transfer
TX04126,CUST0952,ACC0952,CARD0714,MERCH0113,2025-10-25 02:24:05,65.24,INR,Declined,Mobile App,Refund
TX04127,CUST0992,ACC0992,CARD0516,MERCH0121,2025-06-10 11:07:04,200.09,GBP,Approved,Web,Withdrawal
TX04128,CUST0675,ACC0675,CARD1385,MERCH0034,2025-11-29 22:23:18,151.74,CAD,Approved,Web,Purchase
TX04129,CUST0419,ACC0419,CARD1366,MERCH0070,2025-04-07 02:45:40,45.97,EUR,Approved,POS,Purchase
TX04130,CUST0025,ACC0025,CARD0956,MERCH0017,2025-12-20 21:50:47,143.48,EUR,Approved,Mobile App,Purchase
TX04131,CUST0878,ACC0878,CARD0360,MERCH0020,2025-04-10 12:33:20,161.35,GBP,Approved,POS,Purchase
TX04132,CUST0531,ACC0531,CARD1192,MERCH0059,2025-01-10 14:12:38,115.9,USD,Declined,POS,Purchase
TX04133,CUST0945,ACC0945,CARD1298,MERCH0069,2025-02-13 04:56:33,115.52,USD,Approved,POS,Refund
TX04134,CUST0805,ACC0805,CARD0034,MERCH0161,2025-08-15 09:21:17,74.25,GBP,Approved,POS,Withdrawal
TX04135,CUST0910,ACC0910,CARD0239,MERCH0102,2025-09-06 06:23:42,24.75,INR,Approved,Mobile App,Purchase
TX04136,CUST0517,ACC0517,CARD0336,MERCH0120,2025-06-18 07:34:25,78.04,EUR,Approved,POS,Purchase
TX04137,CUST0579,ACC0579,CARD1297,MERCH0145,2025-01-19 02:39:11,68.54,EUR,Declined,Web,Purchase
TX04138,CUST0090,ACC0090,CARD1276,MERCH0057,2025-08-23 11:56:27,139.46,EUR,Approved,Mobile App,Withdrawal
TX04139,CUST0374,ACC0374,CARD0570,MERCH0083,2025-12-11 18:54:56,295.96,EUR,Approved,Web,Purchase
TX04140,CUST0952,ACC0952,CARD0714,MERCH0129,2025-05-10 19:37:19,75.59,EUR,Approved,POS,Purchase
TX04141,CUST0225,ACC0225,CARD0836,MERCH0013,2025-01-27 23:10:57,190.54,CAD,Approved,Mobile App,Purchase
TX04142,CUST0285,ACC0285,CARD0152,MERCH0155,2025-09-07 00:46:21,255.56,EUR,Approved,Web,Withdrawal
TX04143,CUST0207,ACC0207,CARD1411,MERCH0198,2025-05-18 16:17:22,40.69,USD,Approved,POS,Purchase
TX04144,CUST0188,ACC0188,CARD1283,MERCH0187,2025-05-21 04:20:15,352.88,GBP,Approved,POS,Purchase
TX04145,CUST0375,ACC0375,CARD1347,MERCH0006,2025-11-08 14:12:07,15.96,USD,Approved,Web,Transfer
TX04146,CUST0726,ACC0726,CARD1372,MERCH0097,2025-04-05 10:22:16,352.99,GBP,Approved,Web,Withdrawal
TX04147,CUST0927,ACC0927,CARD0726,MERCH0094,2025-02-26 16:04:01,31.8,EUR,Approved,Web,Purchase
TX04148,CUST0047,ACC0047,CARD1155,MERCH0110,2025-04-12 18:49:12,66.69,GBP,Approved,POS,Refund
TX04149,CUST0919,ACC0919,CARD1281,MERCH0151,2025-03-11 17:10:58,144.42,USD,Approved,Web,Purchase
TX04150,CUST0269,ACC0269,CARD0881,MERCH0138,2025-12-13 03:16:20,359.16,USD,Approved,POS,Purchase
TX04151,CUST0748,ACC0748,CARD0390,MERCH0051,2025-07-21 22:48:18,49.3,USD,Approved,POS,Refund
TX04152,CUST0540,ACC0540,CARD0035,MERCH0147,2025-02-26 00:32:09,221.32,EUR,Approved,ATM,Transfer
TX04153,CUST0688,ACC0688,CARD0134,MERCH0051,2025-08-15 03:57:24,190.91,USD,Approved,POS,Purchase
TX04154,CUST0463,ACC0463,CARD0802,MERCH0087,2025-04-22 03:05:16,31.1,EUR,Approved,POS,Refund
TX04155,CUST0918,ACC0918,CARD0804,MERCH0068,2025-12-14 23:08:21,102.93,INR,Approved,Mobile App,Purchase
TX04156,CUST0023,ACC0023,CARD0386,MERCH0084,2025-02-25 21:50:36,103.52,USD,Approved,POS,Transfer
TX04157,CUST0749,ACC0749,CARD0883,MERCH0042,2025-11-12 00:20:08,59.49,GBP,Approved,Web,Purchase
TX04158,CUST0571,ACC0571,CARD0663,MERCH0057,2025-02-23 18:12:52,232.07,GBP,Approved,Mobile App,Purchase
TX04159,CUST0700,ACC0700,CARD1253,MERCH0196,2025-07-30 23:15:48,395.42,CAD,Approved,POS,Purchase
TX04160,CUST0818,ACC0818,CARD0236,MERCH0166,2025-09-27 01:56:46,194.12,CAD,Approved,Mobile App,Transfer
TX04161,CUST0644,ACC0644,CARD1446,MERCH0062,2025-08-08 19:41:23,546.54,EUR,Approved,Mobile App,Withdrawal
TX04162,CUST0940,ACC0940,CARD1031,MERCH0007,2025-12-24 06:44:34,12.77,EUR,Pending,Web,Refund
TX04163,CUST0512,ACC0512,CARD1016,MERCH0112,2025-10-25 07:40:48,10.69,EUR,Approved,POS,Purchase
TX04164,CUST0320,ACC0320,CARD0470,MERCH0199,2025-01-23 04:58:30,341.45,USD,Approved,ATM,Purchase
TX04165,CUST0648,ACC0648,CARD0500,MERCH0178,2025-10-11 13:47:27,347.12,USD,Approved,Web,Purchase
TX04166,CUST0978,ACC0978,CARD0425,MERCH0180,2025-07-07 07:24:01,22.0,USD,Approved,Web,Purchase
TX04167,CUST0270,ACC0270,CARD0002,MERCH0026,2025-02-18 22:37:34,71.35,USD,Approved,Mobile App,Purchase
TX04168,CUST0724,ACC0724,CARD1032,MERCH0154,2025-04-25 13:22:46,275.63,GBP,Approved,Web,Withdrawal
TX04169,CUST0922,ACC0922,CARD1277,MERCH0019,2025-08-05 09:26:41,25.64,INR,Approved,Web,Transfer
TX04170,CUST0754,ACC0754,CARD0824,MERCH0009,2025-09-19 04:02:26,51.68,CAD,Approved,Mobile App,Purchase
TX04171,CUST0381,ACC0381,CARD0155,MERCH0061,2025-02-22 19:02:35,176.38,USD,Approved,POS,Withdrawal
TX04172,CUST0313,ACC0313,CARD1219,MERCH0020,2025-10-08 13:41:24,606.77,USD,Approved,Mobile App,Transfer
TX04173,CUST0360,ACC0360,CARD1123,MERCH0106,2025-09-21 02:47:02,244.29,GBP,Approved,POS,Purchase
TX04174,CUST0288,ACC0288,CARD0628,MERCH0050,2025-04-21 21:29:14,230.3,USD,Approved,Web,Withdrawal
TX04175,CUST0736,ACC0736,CARD0740,MERCH0081,2025-12-04 19:18:18,67.93,GBP,Approved,Web,Purchase
TX04176,CUST0651,ACC0651,CARD0217,MERCH0150,2025-09-04 09:31:47,167.42,GBP,Approved,POS,Refund
TX04177,CUST0663,ACC0663,CARD0039,MERCH0141,2025-12-30 19:01:20,23.0,EUR,Approved,POS,Purchase
TX04178,CUST0909,ACC0909,CARD0214,MERCH0140,2025-12-16 06:12:07,734.34,USD,Approved,Web,Purchase
TX04179,CUST0573,ACC0573,CARD0037,MERCH0010,2025-06-22 06:18:40,103.26,USD,Approved,Web,Purchase
TX04180,CUST0138,ACC0138,CARD0643,MERCH0065,2025-01-03 17:51:17,157.75,USD,Approved,Web,Transfer
TX04181,CUST0664,ACC0664,CARD1150,MERCH0158,2025-02-25 13:28:56,318.33,EUR,Approved,Mobile App,Purchase
TX04182,CUST0448,ACC0448,CARD0657,MERCH0008,2025-06-25 00:26:41,5.14,INR,Reversed,POS,Purchase
TX04183,CUST0201,ACC0201,CARD1257,MERCH0149,2025-07-28 13:59:34,564.35,USD,Approved,Mobile App,Withdrawal
TX04184,CUST0068,ACC0068,CARD0509,MERCH0022,2025-02-28 03:28:41,71.75,USD,Declined,POS,Purchase
TX04185,CUST0473,ACC0473,CARD1471,MERCH0018,2025-11-03 21:06:59,67.23,EUR,Declined,POS,Purchase
TX04186,CUST0277,ACC0277,CARD1015,MERCH0194,2025-02-23 19:45:01,28.51,USD,Approved,POS,Purchase
TX04187,CUST0515,ACC0515,CARD1040,MERCH0176,2025-12-03 10:20:56,297.98,CAD,Approved,ATM,Purchase
TX04188,CUST0223,ACC0223,CARD1440,MERCH0172,2025-01-09 08:30:15,312.0,USD,Approved,Web,Refund
TX04189,CUST0726,ACC0726,CARD1372,MERCH0009,2025-10-22 00:32:07,8.03,INR,Approved,POS,Withdrawal
TX04190,CUST0250,ACC0250,CARD1370,MERCH0195,2025-06-02 02:18:21,13.6,CAD,Approved,Web,Transfer
TX04191,CUST0992,ACC0992,CARD0516,MERCH0054,2025-11-18 20:33:13,380.78,CAD,Approved,Web,Purchase
TX04192,CUST0752,ACC0752,CARD0450,MERCH0026,2025-06-01 17:30:58,24.66,USD,Approved,Mobile App,Purchase
TX04193,CUST0114,ACC0114,CARD0593,MERCH0094,2025-05-14 04:10:07,150.5,USD,Approved,Web,Purchase
TX04194,CUST0920,ACC0920,CARD0008,MERCH0100,2025-02-08 07:26:39,150.0,GBP,Approved,Web,Purchase
TX04195,CUST0414,ACC0414,CARD1214,MERCH0026,2025-01-13 04:21:14,310.72,GBP,Approved,ATM,Withdrawal
TX04196,CUST0481,ACC0481,CARD0997,MERCH0034,2025-03-08 20:10:31,132.52,GBP,Pending,ATM,Purchase
TX04197,CUST0166,ACC0166,CARD1267,MERCH0008,2025-09-05 00:54:15,90.38,EUR,Approved,POS,Purchase
TX04198,CUST0584,ACC0584,CARD0397,MERCH0138,2025-02-04 01:22:24,554.66,USD,Approved,Web,Transfer
TX04199,CUST0950,ACC0950,CARD0485,MERCH0048,2025-10-17 07:42:03,43.97,INR,Approved,POS,Purchase
TX04200,CUST0701,ACC0701,CARD1251,MERCH0183,2025-03-11 18:55:06,50.72,USD,Approved,Web,Refund
TX04201,CUST0597,ACC0597,CARD0851,MERCH0107,2025-10-10 23:50:07,18.29,USD,Approved,Web,Purchase
TX04202,CUST0218,ACC0218,CARD0385,MERCH0054,2025-01-24 15:26:09,560.24,USD,Approved,POS,Refund
TX04203,CUST0477,ACC0477,CARD0247,MERCH0168,2025-01-27 22:12:05,188.81,GBP,Approved,ATM,Transfer
TX04204,CUST0058,ACC0058,CARD0777,MERCH0119,2025-02-24 07:04:23,6.83,USD,Approved,POS,Purchase
TX04205,CUST0419,ACC0419,CARD1366,MERCH0143,2025-08-21 10:04:42,187.77,EUR,Approved,Web,Purchase
TX04206,CUST0726,ACC0726,CARD1372,MERCH0081,2025-04-30 21:57:52,82.66,USD,Approved,Mobile App,Transfer
TX04207,CUST0506,ACC0506,CARD0802,MERCH0146,2025-02-27 17:59:26,519.21,USD,Approved,POS,Purchase
TX04208,CUST0119,ACC0119,CARD0231,MERCH0096,2025-06-25 00:53:37,53.73,GBP,Approved,POS,Purchase
TX04209,CUST0851,ACC0851,CARD0542,MERCH0102,2025-09-16 08:25:59,190.83,USD,Approved,POS,Refund
TX04210,CUST0957,ACC0957,CARD1498,MERCH0151,2025-09-19 17:12:50,153.1,USD,Approved,Mobile App,Purchase
TX04211,CUST0299,ACC0299,CARD0153,MERCH0062,2025-12-08 11:45:54,6.82,EUR,Approved,Mobile App,Purchase
TX04212,CUST0519,ACC0519,CARD0497,MERCH0046,2025-06-20 01:57:14,329.71,EUR,Approved,POS,Purchase
TX04213,CUST0019,ACC0019,CARD0770,MERCH0087,2025-07-16 13:54:59,27.56,USD,Approved,POS,Purchase
TX04214,CUST0202,ACC0202,CARD1137,MERCH0099,2025-03-14 20:55:48,168.41,CAD,Approved,Web,Withdrawal
TX04215,CUST0353,ACC0353,CARD1061,MERCH0039,2025-10-11 07:28:45,229.11,CAD,Approved,Web,Purchase
TX04216,CUST0411,ACC0411,CARD0854,MERCH0143,2025-05-12 05:26:15,154.51,EUR,Approved,Web,Refund
TX04217,CUST0260,ACC0260,CARD0473,MERCH0053,2025-08-04 21:22:15,20.32,USD,Approved,Web,Withdrawal
TX04218,CUST0233,ACC0233,CARD0280,MERCH0192,2025-04-26 06:25:00,559.41,USD,Approved,POS,Refund
TX04219,CUST0014,ACC0014,CARD1397,MERCH0191,2025-01-17 16:28:57,45.54,CAD,Approved,Web,Purchase
TX04220,CUST0633,ACC0633,CARD1254,MERCH0080,2025-06-11 14:04:57,153.27,EUR,Approved,POS,Purchase
TX04221,CUST0366,ACC0366,CARD0981,MERCH0016,2025-04-04 18:36:13,244.31,USD,Approved,POS,Purchase
TX04222,CUST0657,ACC0657,CARD0445,MERCH0104,2025-04-17 11:32:56,425.11,CAD,Approved,POS,Purchase
TX04223,CUST0802,ACC0802,CARD0449,MERCH0070,2025-03-12 19:19:10,143.96,EUR,Approved,Web,Withdrawal
TX04224,CUST0779,ACC0779,CARD0385,MERCH0194,2025-03-25 14:16:48,49.97,EUR,Pending,POS,Withdrawal
TX04225,CUST0690,ACC0690,CARD0685,MERCH0141,2025-09-16 21:59:09,276.77,USD,Approved,Web,Purchase
TX04226,CUST0753,ACC0753,CARD0010,MERCH0108,2025-08-20 09:21:39,31.73,USD,Approved,Web,Purchase
TX04227,CUST0483,ACC0483,CARD0697,MERCH0047,2025-10-09 13:45:45,8.38,INR,Approved,Mobile App,Purchase
TX04228,CUST0630,ACC0630,CARD0492,MERCH0009,2025-07-25 06:29:46,363.14,GBP,Approved,Web,Purchase
TX04229,CUST0821,ACC0821,CARD0763,MERCH0191,2025-07-04 11:33:05,133.49,USD,Approved,POS,Withdrawal
TX04230,CUST0608,ACC0608,CARD1175,MERCH0034,2025-03-20 02:05:09,15.83,EUR,Approved,ATM,Purchase
TX04231,CUST0588,ACC0588,CARD0396,MERCH0157,2025-10-28 21:16:47,135.03,EUR,Approved,POS,Refund
TX04232,CUST0679,ACC0679,CARD0190,MERCH0165,2025-04-05 21:52:44,28.5,USD,Approved,POS,Withdrawal
TX04233,CUST0774,ACC0774,CARD0689,MERCH0171,2025-12-17 21:03:57,9.78,EUR,Approved,ATM,Transfer
TX04234,CUST0769,ACC0769,CARD1306,MERCH0086,2025-05-22 17:35:05,23.58,EUR,Approved,Web,Purchase
TX04235,CUST0161,ACC0161,CARD1195,MERCH0115,2025-08-10 11:54:11,228.82,USD,Approved,Web,Refund
TX04236,CUST0204,ACC0204,CARD0564,MERCH0064,2025-04-21 09:33:27,216.38,USD,Approved,POS,Withdrawal
TX04237,CUST0654,ACC0654,CARD1094,MERCH0152,2025-01-15 22:05:18,144.07,USD,Approved,POS,Purchase
TX04238,CUST0281,ACC0281,CARD0816,MERCH0199,2025-06-06 12:40:52,40.23,EUR,Approved,POS,Purchase
TX04239,CUST0561,ACC0561,CARD0676,MERCH0034,2025-01-09 02:55:15,206.47,EUR,Approved,Web,Transfer
TX04240,CUST0493,ACC0493,CARD1228,MERCH0176,2025-08-15 03:00:30,83.65,USD,Approved,POS,Purchase
TX04241,CUST0957,ACC0957,CARD1498,MERCH0012,2025-08-04 01:53:19,112.23,EUR,Approved,POS,Purchase
TX04242,CUST0141,ACC0141,CARD0503,MERCH0151,2025-12-22 03:58:48,346.89,USD,Approved,POS,Purchase
TX04243,CUST0975,ACC0975,CARD1393,MERCH0097,2025-03-08 12:58:16,96.83,EUR,Approved,Web,Purchase
TX04244,CUST0400,ACC0400,CARD0321,MERCH0121,2025-07-07 22:48:03,152.67,USD,Approved,ATM,Purchase
TX04245,CUST0073,ACC0073,CARD1412,MERCH0141,2025-09-24 07:50:10,494.55,EUR,Approved,Web,Withdrawal
TX04246,CUST0013,ACC0013,CARD0088,MERCH0087,2025-05-06 07:50:39,95.06,EUR,Approved,Mobile App,Purchase
TX04247,CUST0923,ACC0923,CARD0719,MERCH0102,2025-07-02 19:08:37,128.4,EUR,Approved,POS,Withdrawal
TX04248,CUST0426,ACC0426,CARD0613,MERCH0096,2025-01-17 02:04:07,136.71,GBP,Approved,POS,Purchase
TX04249,CUST0544,ACC0544,CARD0776,MERCH0173,2025-10-31 18:17:55,46.31,USD,Approved,POS,Purchase
TX04250,CUST0637,ACC0637,CARD1417,MERCH0114,2025-08-02 23:45:10,205.3,INR,Approved,Web,Purchase
TX04251,CUST0154,ACC0154,CARD0564,MERCH0193,2025-01-11 15:47:23,199.54,GBP,Approved,Web,Withdrawal
TX04252,CUST0059,ACC0059,CARD1370,MERCH0047,2025-04-20 17:53:08,41.04,EUR,Approved,ATM,Purchase
TX04253,CUST0760,ACC0760,CARD1143,MERCH0058,2025-05-08 15:41:07,7.01,CAD,Approved,Mobile App,Withdrawal
TX04254,CUST0007,ACC0007,CARD1045,MERCH0133,2025-02-23 19:36:25,1032.65,USD,Approved,POS,Purchase
TX04255,CUST0858,ACC0858,CARD0138,MERCH0121,2025-03-20 22:32:24,135.69,USD,Approved,Mobile App,Withdrawal
TX04256,CUST0371,ACC0371,CARD0128,MERCH0118,2025-05-07 20:20:45,34.96,GBP,Approved,Web,Withdrawal
TX04257,CUST0149,ACC0149,CARD0892,MERCH0005,2025-01-24 17:28:54,55.02,CAD,Approved,POS,Purchase
TX04258,CUST0454,ACC0454,CARD1498,MERCH0188,2025-07-20 13:07:14,149.27,USD,Approved,Web,Withdrawal
TX04259,CUST0928,ACC0928,CARD0526,MERCH0096,2025-05-02 17:44:03,27.21,EUR,Declined,Web,Purchase
TX04260,CUST0793,ACC0793,CARD1169,MERCH0021,2025-11-23 02:42:21,10.7,GBP,Approved,Mobile App,Withdrawal
TX04261,CUST0099,ACC0099,CARD0764,MERCH0152,2025-10-31 17:30:04,245.28,CAD,Approved,POS,Transfer
TX04262,CUST0794,ACC0794,CARD1109,MERCH0128,2025-02-19 06:23:11,193.74,USD,Approved,POS,Purchase
TX04263,CUST0650,ACC0650,CARD1351,MERCH0124,2025-08-28 07:14:41,60.57,USD,Approved,POS,Withdrawal
TX04264,CUST0167,ACC0167,CARD1110,MERCH0146,2025-10-10 20:51:43,14.04,USD,Approved,POS,Purchase
TX04265,CUST0304,ACC0304,CARD1187,MERCH0021,2025-06-05 04:49:59,104.91,EUR,Approved,ATM,Purchase
TX04266,CUST0620,ACC0620,CARD1187,MERCH0054,2025-12-02 04:15:30,53.48,CAD,Approved,ATM,Purchase
TX04267,CUST0955,ACC0955,CARD1255,MERCH0138,2025-03-22 00:35:34,81.07,EUR,Approved,ATM,Purchase
TX04268,CUST0616,ACC0616,CARD0398,MERCH0152,2025-09-21 13:43:29,53.02,CAD,Approved,POS,Purchase
TX04269,CUST0400,ACC0400,CARD0321,MERCH0104,2025-07-04 13:41:14,33.9,GBP,Approved,POS,Purchase
TX04270,CUST0655,ACC0655,CARD1276,MERCH0111,2025-04-06 15:30:10,78.41,EUR,Approved,ATM,Purchase
TX04271,CUST0054,ACC0054,CARD0601,MERCH0116,2025-01-02 09:05:34,507.41,USD,Approved,ATM,Withdrawal
TX04272,CUST0421,ACC0421,CARD0682,MERCH0188,2025-11-01 13:28:04,51.43,USD,Approved,POS,Withdrawal
TX04273,CUST0400,ACC0400,CARD0321,MERCH0057,2025-05-28 20:50:36,66.41,USD,Approved,Mobile App,Withdrawal
TX04274,CUST0171,ACC0171,CARD1013,MERCH0128,2025-05-25 15:18:33,64.9,USD,Approved,POS,Purchase
TX04275,CUST0800,ACC0800,CARD0717,MERCH0151,2025-12-27 02:48:53,103.17,USD,Approved,ATM,Purchase
TX04276,CUST0628,ACC0628,CARD1098,MERCH0150,2025-09-19 08:24:29,283.21,USD,Approved,POS,Refund
TX04277,CUST0962,ACC0962,CARD1236,MERCH0196,2025-08-14 04:44:45,82.16,EUR,Approved,Mobile App,Purchase
TX04278,CUST0295,ACC0295,CARD1136,MERCH0162,2025-09-25 22:11:23,251.1,EUR,Approved,POS,Purchase
TX04279,CUST0140,ACC0140,CARD1242,MERCH0120,2025-07-10 12:54:39,23.33,USD,Approved,Web,Purchase
TX04280,CUST0804,ACC0804,CARD0488,MERCH0070,2025-01-25 04:00:26,342.94,GBP,Approved,POS,Purchase
TX04281,CUST0885,ACC0885,CARD0672,MERCH0156,2025-03-29 04:24:20,35.74,EUR,Approved,Web,Refund
TX04282,CUST0848,ACC0848,CARD0984,MERCH0095,2025-10-01 13:10:04,11.0,EUR,Approved,Web,Withdrawal
TX04283,CUST0991,ACC0991,CARD0624,MERCH0099,2025-04-21 15:57:03,30.86,GBP,Approved,Web,Purchase
TX04284,CUST0263,ACC0263,CARD1322,MERCH0167,2025-11-20 20:39:39,36.75,GBP,Approved,POS,Refund
TX04285,CUST0542,ACC0542,CARD0849,MERCH0042,2025-08-02 08:32:17,111.55,CAD,Approved,Web,Purchase
TX04286,CUST0035,ACC0035,CARD1083,MERCH0151,2025-02-23 10:46:07,94.66,USD,Approved,POS,Withdrawal
TX04287,CUST0871,ACC0871,CARD0111,MERCH0070,2025-04-07 11:35:05,193.75,USD,Approved,POS,Purchase
TX04288,CUST0877,ACC0877,CARD0900,MERCH0002,2025-08-28 16:43:57,12.84,USD,Approved,Web,Purchase
TX04289,CUST0571,ACC0571,CARD0663,MERCH0152,2025-12-10 18:03:17,108.29,EUR,Approved,POS,Purchase
TX04290,CUST0220,ACC0220,CARD1154,MERCH0145,2025-02-23 17:33:56,65.63,USD,Approved,ATM,Withdrawal
TX04291,CUST0278,ACC0278,CARD0009,MERCH0109,2025-08-24 21:44:03,154.42,EUR,Approved,Mobile App,Purchase
TX04292,CUST0937,ACC0937,CARD0699,MERCH0065,2025-02-23 06:19:03,11.7,USD,Approved,Web,Withdrawal
TX04293,CUST0776,ACC0776,CARD0105,MERCH0070,2025-07-16 21:12:06,10.33,EUR,Approved,POS,Purchase
TX04294,CUST0293,ACC0293,CARD0254,MERCH0069,2025-08-16 22:32:12,88.6,EUR,Approved,POS,Purchase
TX04295,CUST0929,ACC0929,CARD0474,MERCH0121,2025-05-12 09:28:41,255.17,USD,Approved,ATM,Refund
TX04296,CUST0044,ACC0044,CARD0563,MERCH0109,2025-11-17 13:50:31,171.8,EUR,Approved,POS,Purchase
TX04297,CUST0822,ACC0822,CARD0401,MERCH0060,2025-02-06 12:41:18,7.53,CAD,Declined,Mobile App,Purchase
TX04298,CUST0626,ACC0626,CARD0588,MERCH0178,2025-08-07 22:17:32,34.49,GBP,Approved,POS,Refund
TX04299,CUST0596,ACC0596,CARD1408,MERCH0093,2025-03-28 23:10:04,43.57,USD,Declined,POS,Purchase
TX04300,CUST0937,ACC0937,CARD0699,MERCH0012,2025-10-30 15:53:55,87.5,CAD,Approved,Web,Purchase
TX04301,CUST0666,ACC0666,CARD0173,MERCH0103,2025-01-13 13:11:51,137.54,USD,Approved,ATM,Purchase
TX04302,CUST0947,ACC0947,CARD0739,MERCH0175,2025-05-05 08:04:06,41.59,EUR,Approved,POS,Purchase
TX04303,CUST0893,ACC0893,CARD0682,MERCH0195,2025-08-21 02:48:34,77.31,USD,Approved,POS,Purchase
TX04304,CUST0119,ACC0119,CARD0231,MERCH0112,2025-05-06 10:43:54,136.54,CAD,Approved,Mobile App,Refund
TX04305,CUST0037,ACC0037,CARD1500,MERCH0065,2025-05-18 09:56:16,77.54,USD,Approved,POS,Purchase
TX04306,CUST0250,ACC0250,CARD1370,MERCH0155,2025-02-18 22:43:07,28.18,USD,Approved,POS,Purchase
TX04307,CUST0082,ACC0082,CARD0162,MERCH0048,2025-07-05 06:35:56,106.49,CAD,Approved,POS,Purchase
TX04308,CUST0725,ACC0725,CARD1146,MERCH0088,2025-03-19 10:39:28,63.73,EUR,Approved,Web,Purchase
TX04309,CUST0029,ACC0029,CARD1338,MERCH0062,2025-07-13 21:21:42,304.47,GBP,Declined,Mobile App,Purchase
TX04310,CUST0671,ACC0671,CARD0476,MERCH0044,2025-04-15 23:08:39,229.17,USD,Approved,ATM,Transfer
TX04311,CUST0431,ACC0431,CARD0005,MERCH0147,2025-10-14 15:52:35,36.66,EUR,Approved,POS,Purchase
TX04312,CUST0236,ACC0236,CARD0982,MERCH0187,2025-07-30 18:08:36,29.84,INR,Declined,POS,Purchase
TX04313,CUST0898,ACC0898,CARD0233,MERCH0136,2025-07-20 02:25:27,69.08,EUR,Approved,Web,Transfer
TX04314,CUST0465,ACC0465,CARD1142,MERCH0055,2025-10-27 23:44:29,84.7,GBP,Approved,POS,Purchase
TX04315,CUST0670,ACC0670,CARD1082,MERCH0108,2025-03-24 11:30:17,408.28,INR,Approved,POS,Purchase
TX04316,CUST0017,ACC0017,CARD0131,MERCH0047,2025-06-28 17:27:07,58.85,EUR,Approved,Web,Purchase
TX04317,CUST0743,ACC0743,CARD0732,MERCH0002,2025-07-25 05:41:59,308.27,USD,Approved,POS,Purchase
TX04318,CUST0740,ACC0740,CARD1225,MERCH0113,2025-10-31 12:24:16,110.57,USD,Approved,Web,Purchase
TX04319,CUST0471,ACC0471,CARD1213,MERCH0167,2025-12-06 01:33:55,330.24,USD,Approved,ATM,Purchase
TX04320,CUST0096,ACC0096,CARD1077,MERCH0173,2025-04-18 05:27:02,186.58,EUR,Approved,Mobile App,Purchase
TX04321,CUST0003,ACC0003,CARD0861,MERCH0160,2025-09-18 20:49:35,189.85,CAD,Declined,POS,Purchase
TX04322,CUST0231,ACC0231,CARD0767,MERCH0193,2025-09-19 16:51:06,114.72,EUR,Approved,Web,Purchase
TX04323,CUST0619,ACC0619,CARD1157,MERCH0166,2025-01-14 15:33:25,280.17,CAD,Approved,Web,Purchase
TX04324,CUST0670,ACC0670,CARD1082,MERCH0011,2025-05-06 03:10:03,49.04,GBP,Approved,Mobile App,Withdrawal
TX04325,CUST0635,ACC0635,CARD1192,MERCH0138,2025-03-03 18:03:55,361.84,INR,Approved,ATM,Withdrawal
TX04326,CUST0013,ACC0013,CARD0088,MERCH0112,2025-05-16 02:01:51,156.91,CAD,Approved,Mobile App,Purchase
TX04327,CUST0532,ACC0532,CARD1067,MERCH0187,2025-10-09 05:43:35,91.63,GBP,Approved,Web,Purchase
TX04328,CUST0229,ACC0229,CARD0123,MERCH0090,2025-10-28 15:50:52,609.2,CAD,Approved,POS,Withdrawal
TX04329,CUST0794,ACC0794,CARD1109,MERCH0055,2025-12-06 11:54:58,302.09,GBP,Declined,ATM,Purchase
TX04330,CUST0553,ACC0553,CARD1099,MERCH0148,2025-12-25 04:13:47,226.78,GBP,Approved,Mobile App,Withdrawal
TX04331,CUST0629,ACC0629,CARD0954,MERCH0017,2025-05-03 22:04:35,53.01,GBP,Approved,Mobile App,Purchase
TX04332,CUST0348,ACC0348,CARD0477,MERCH0068,2025-06-06 23:06:53,550.96,GBP,Approved,POS,Purchase
TX04333,CUST0732,ACC0732,CARD0540,MERCH0133,2025-01-17 20:33:16,208.79,USD,Approved,Web,Transfer
TX04334,CUST0912,ACC0912,CARD0350,MERCH0188,2025-12-15 02:24:33,144.41,EUR,Approved,POS,Transfer
TX04335,CUST0643,ACC0643,CARD1189,MERCH0151,2025-08-07 10:02:38,387.27,USD,Approved,ATM,Purchase
TX04336,CUST0390,ACC0390,CARD0759,MERCH0174,2025-08-26 04:25:04,31.54,USD,Approved,ATM,Refund
TX04337,CUST0375,ACC0375,CARD1347,MERCH0052,2025-10-12 04:16:36,27.45,EUR,Approved,POS,Purchase
TX04338,CUST0279,ACC0279,CARD1257,MERCH0138,2025-04-13 15:00:39,129.42,CAD,Approved,Web,Transfer
TX04339,CUST0915,ACC0915,CARD0048,MERCH0174,2025-05-22 01:12:14,13.76,EUR,Approved,POS,Purchase
TX04340,CUST0884,ACC0884,CARD0093,MERCH0156,2025-08-17 07:34:28,168.59,USD,Approved,POS,Purchase
TX04341,CUST0990,ACC0990,CARD0277,MERCH0097,2025-05-05 06:07:48,46.31,GBP,Approved,POS,Withdrawal
TX04342,CUST0194,ACC0194,CARD0318,MERCH0171,2025-03-29 18:05:21,24.01,CAD,Declined,POS,Purchase
TX04343,CUST0926,ACC0926,CARD0056,MERCH0154,2025-04-05 04:31:25,84.02,GBP,Approved,POS,Purchase
TX04344,CUST0850,ACC0850,CARD1020,MERCH0183,2025-07-07 06:42:16,99.09,GBP,Approved,POS,Purchase
TX04345,CUST0384,ACC0384,CARD0785,MERCH0048,2025-12-28 05:16:01,33.04,USD,Approved,Mobile App,Purchase
TX04346,CUST0462,ACC0462,CARD0513,MERCH0029,2025-06-13 05:13:43,11.36,USD,Approved,POS,Purchase
TX04347,CUST0605,ACC0605,CARD0948,MERCH0027,2025-05-26 19:45:23,85.18,EUR,Approved,Mobile App,Purchase
TX04348,CUST0917,ACC0917,CARD1050,MERCH0146,2025-11-10 07:10:52,218.77,USD,Approved,Web,Purchase
TX04349,CUST0228,ACC0228,CARD1208,MERCH0104,2025-06-09 01:56:44,315.96,USD,Approved,Mobile App,Withdrawal
TX04350,CUST0420,ACC0420,CARD0305,MERCH0060,2025-02-18 07:43:43,20.4,CAD,Approved,ATM,Purchase
TX04351,CUST0437,ACC0437,CARD0884,MERCH0106,2025-11-23 01:58:51,116.56,GBP,Approved,POS,Purchase
TX04352,CUST0162,ACC0162,CARD0541,MERCH0069,2025-10-16 07:07:29,50.86,USD,Approved,POS,Withdrawal
TX04353,CUST0113,ACC0113,CARD1163,MERCH0114,2025-01-04 14:06:46,75.41,USD,Approved,POS,Purchase
TX04354,CUST0718,ACC0718,CARD0968,MERCH0021,2025-12-06 08:29:40,411.45,USD,Approved,Web,Purchase
TX04355,CUST0814,ACC0814,CARD0771,MERCH0152,2025-06-13 22:31:58,70.1,USD,Approved,POS,Purchase
TX04356,CUST0720,ACC0720,CARD0972,MERCH0102,2025-12-24 18:06:19,73.2,GBP,Approved,Web,Withdrawal
TX04357,CUST0162,ACC0162,CARD0541,MERCH0131,2025-09-19 06:43:56,40.24,USD,Approved,Mobile App,Purchase
TX04358,CUST0781,ACC0781,CARD0823,MERCH0095,2025-01-23 06:30:30,487.9,GBP,Approved,Web,Refund
TX04359,CUST0305,ACC0305,CARD0957,MERCH0190,2025-03-02 23:08:19,96.46,GBP,Approved,POS,Transfer
TX04360,CUST0866,ACC0866,CARD0053,MERCH0105,2025-11-17 22:56:05,131.73,EUR,Approved,POS,Purchase
TX04361,CUST0505,ACC0505,CARD1124,MERCH0125,2025-01-24 10:36:20,95.54,GBP,Approved,POS,Transfer
TX04362,CUST0289,ACC0289,CARD0587,MERCH0002,2025-02-14 20:06:10,48.74,USD,Approved,Web,Purchase
TX04363,CUST0059,ACC0059,CARD1370,MERCH0066,2025-12-22 01:58:04,254.44,EUR,Approved,POS,Purchase
TX04364,CUST0586,ACC0586,CARD1043,MERCH0113,2025-03-04 14:47:56,9.33,EUR,Approved,ATM,Purchase
TX04365,CUST0513,ACC0513,CARD1349,MERCH0170,2025-12-23 00:44:15,180.8,EUR,Approved,Web,Purchase
TX04366,CUST0176,ACC0176,CARD1355,MERCH0162,2025-09-23 13:14:30,140.31,USD,Approved,POS,Transfer
TX04367,CUST0420,ACC0420,CARD0305,MERCH0042,2025-06-02 00:03:38,28.37,USD,Pending,POS,Withdrawal
TX04368,CUST0251,ACC0251,CARD0147,MERCH0020,2025-06-22 10:24:31,32.21,USD,Approved,Web,Purchase
TX04369,CUST0936,ACC0936,CARD0526,MERCH0097,2025-05-03 05:58:35,166.48,EUR,Approved,Mobile App,Purchase
TX04370,CUST0061,ACC0061,CARD0898,MERCH0068,2025-01-04 21:51:21,61.13,GBP,Approved,ATM,Refund
TX04371,CUST0251,ACC0251,CARD0147,MERCH0173,2025-03-08 23:30:24,51.33,EUR,Approved,POS,Purchase
TX04372,CUST0175,ACC0175,CARD1364,MERCH0075,2025-03-06 15:14:48,14.15,GBP,Approved,Mobile App,Purchase
TX04373,CUST0033,ACC0033,CARD0857,MERCH0125,2025-06-30 03:13:23,223.18,USD,Approved,POS,Purchase
TX04374,CUST0193,ACC0193,CARD0649,MERCH0170,2025-04-15 08:01:37,326.42,CAD,Approved,POS,Transfer
TX04375,CUST0821,ACC0821,CARD0763,MERCH0047,2025-01-28 16:46:39,262.09,EUR,Approved,Web,Purchase
TX04376,CUST0864,ACC0864,CARD0069,MERCH0005,2025-01-16 16:51:32,99.11,USD,Approved,ATM,Purchase
TX04377,CUST0952,ACC0952,CARD0714,MERCH0049,2025-11-29 03:32:50,119.52,EUR,Approved,POS,Purchase
TX04378,CUST0704,ACC0704,CARD0047,MERCH0124,2025-10-25 10:23:49,46.62,EUR,Approved,POS,Withdrawal
TX04379,CUST0938,ACC0938,CARD1336,MERCH0037,2025-10-15 16:30:29,33.47,USD,Approved,Web,Purchase
TX04380,CUST0111,ACC0111,CARD1496,MERCH0162,2025-08-18 23:56:21,264.74,GBP,Declined,Mobile App,Withdrawal
TX04381,CUST0577,ACC0577,CARD0867,MERCH0198,2025-07-01 06:48:27,245.18,CAD,Approved,Web,Purchase
TX04382,CUST0440,ACC0440,CARD0867,MERCH0146,2025-07-24 19:35:09,230.33,USD,Approved,POS,Withdrawal
TX04383,CUST0450,ACC0450,CARD0831,MERCH0019,2025-09-02 02:48:06,98.36,EUR,Approved,ATM,Withdrawal
TX04384,CUST0205,ACC0205,CARD1292,MERCH0040,2025-11-29 05:30:51,304.83,USD,Declined,ATM,Withdrawal
TX04385,CUST0239,ACC0239,CARD0609,MERCH0017,2025-11-05 04:07:22,396.02,CAD,Approved,Mobile App,Withdrawal
TX04386,CUST0320,ACC0320,CARD0470,MERCH0188,2025-05-01 00:29:05,64.7,USD,Approved,Mobile App,Purchase
TX04387,CUST0704,ACC0704,CARD0047,MERCH0099,2025-11-06 01:04:39,43.17,USD,Declined,Mobile App,Transfer
TX04388,CUST0238,ACC0238,CARD0144,MERCH0093,2025-07-13 05:08:19,98.62,EUR,Approved,POS,Purchase
TX04389,CUST0881,ACC0881,CARD1219,MERCH0042,2025-04-24 09:43:55,34.64,USD,Approved,POS,Purchase
TX04390,CUST0485,ACC0485,CARD1244,MERCH0123,2025-08-08 20:53:44,328.13,USD,Approved,Web,Purchase
TX04391,CUST0946,ACC0946,CARD0806,MERCH0107,2025-08-06 21:15:24,66.87,USD,Approved,ATM,Withdrawal
TX04392,CUST0394,ACC0394,CARD0525,MERCH0072,2025-10-25 20:21:49,133.76,USD,Approved,Mobile App,Purchase
TX04393,CUST0449,ACC0449,CARD0120,MERCH0065,2025-09-10 08:04:36,140.48,USD,Approved,POS,Purchase
TX04394,CUST0390,ACC0390,CARD0759,MERCH0109,2025-12-23 04:23:07,113.54,CAD,Approved,POS,Refund
TX04395,CUST0127,ACC0127,CARD1057,MERCH0053,2025-08-03 23:53:04,30.53,CAD,Reversed,Mobile App,Purchase
TX04396,CUST0602,ACC0602,CARD1123,MERCH0135,2025-09-15 12:28:10,711.59,EUR,Approved,Web,Purchase
TX04397,CUST0532,ACC0532,CARD1067,MERCH0133,2025-08-28 07:03:22,33.42,EUR,Approved,POS,Withdrawal
TX04398,CUST0186,ACC0186,CARD0628,MERCH0024,2025-08-02 18:23:21,213.85,EUR,Approved,Web,Refund
TX04399,CUST0821,ACC0821,CARD0763,MERCH0028,2025-01-16 06:27:17,240.07,USD,Approved,POS,Purchase
TX04400,CUST0972,ACC0972,CARD1494,MERCH0062,2025-04-18 21:11:50,28.53,USD,Approved,ATM,Withdrawal
TX04401,CUST0766,ACC0766,CARD1263,MERCH0017,2025-02-11 03:51:00,410.83,EUR,Approved,Mobile App,Purchase
TX04402,CUST0662,ACC0662,CARD0714,MERCH0020,2025-11-24 01:57:25,105.34,USD,Approved,ATM,Purchase
TX04403,CUST0147,ACC0147,CARD0207,MERCH0003,2025-06-14 15:40:35,153.69,EUR,Declined,POS,Refund
TX04404,CUST0492,ACC0492,CARD0453,MERCH0165,2025-05-30 08:57:41,159.16,EUR,Approved,Mobile App,Withdrawal
TX04405,CUST0959,ACC0959,CARD0812,MERCH0143,2025-02-01 00:47:33,110.47,EUR,Approved,Web,Withdrawal
TX04406,CUST0971,ACC0971,CARD0111,MERCH0051,2025-10-20 13:20:22,27.98,GBP,Approved,POS,Transfer
TX04407,CUST0690,ACC0690,CARD0685,MERCH0176,2025-06-26 09:22:04,214.0,GBP,Approved,Web,Withdrawal
TX04408,CUST0141,ACC0141,CARD0503,MERCH0136,2025-06-26 19:38:36,135.76,INR,Approved,ATM,Purchase
TX04409,CUST0436,ACC0436,CARD0992,MERCH0141,2025-03-18 03:14:06,23.95,GBP,Approved,Web,Purchase
TX04410,CUST0115,ACC0115,CARD0392,MERCH0176,2025-03-27 23:48:14,185.76,USD,Approved,POS,Withdrawal
TX04411,CUST0628,ACC0628,CARD1098,MERCH0003,2025-01-07 18:13:40,186.98,GBP,Approved,ATM,Withdrawal
TX04412,CUST0883,ACC0883,CARD0667,MERCH0193,2025-09-19 00:32:15,124.27,EUR,Approved,POS,Purchase
TX04413,CUST0499,ACC0499,CARD0551,MERCH0073,2025-09-16 11:46:16,19.24,EUR,Approved,Mobile App,Purchase
TX04414,CUST0721,ACC0721,CARD1432,MERCH0159,2025-02-16 21:25:40,70.23,EUR,Approved,Mobile App,Withdrawal
TX04415,CUST0344,ACC0344,CARD0017,MERCH0105,2025-04-04 15:28:41,12.84,USD,Approved,Web,Refund
TX04416,CUST0591,ACC0591,CARD0076,MERCH0118,2025-08-12 00:47:18,102.4,INR,Approved,Web,Withdrawal
TX04417,CUST0646,ACC0646,CARD1389,MERCH0154,2025-01-03 21:56:16,360.38,CAD,Approved,POS,Purchase
TX04418,CUST0485,ACC0485,CARD1244,MERCH0184,2025-11-19 10:16:34,5.34,EUR,Approved,ATM,Purchase
TX04419,CUST0597,ACC0597,CARD0851,MERCH0034,2025-08-16 08:26:24,51.52,USD,Approved,POS,Withdrawal
TX04420,CUST0112,ACC0112,CARD1087,MERCH0137,2025-11-19 09:04:03,246.31,GBP,Approved,Web,Purchase
TX04421,CUST0728,ACC0728,CARD0090,MERCH0062,2025-01-31 10:49:37,6.49,EUR,Approved,POS,Refund
TX04422,CUST0976,ACC0976,CARD0748,MERCH0120,2025-07-25 06:34:12,6.53,USD,Approved,POS,Purchase
TX04423,CUST0666,ACC0666,CARD0173,MERCH0115,2025-11-16 02:51:10,146.56,EUR,Approved,Web,Withdrawal
TX04424,CUST0685,ACC0685,CARD0929,MERCH0013,2025-07-10 10:06:57,238.53,GBP,Approved,Mobile App,Refund
TX04425,CUST0043,ACC0043,CARD0958,MERCH0069,2025-10-30 15:34:02,229.76,USD,Approved,POS,Withdrawal
TX04426,CUST0188,ACC0188,CARD1283,MERCH0169,2025-10-05 13:34:01,231.83,GBP,Approved,POS,Withdrawal
TX04427,CUST0647,ACC0647,CARD1366,MERCH0077,2025-12-16 15:16:48,72.18,GBP,Approved,Web,Refund
TX04428,CUST0311,ACC0311,CARD1416,MERCH0001,2025-03-24 12:48:45,326.48,EUR,Approved,Mobile App,Withdrawal
TX04429,CUST0471,ACC0471,CARD1213,MERCH0089,2025-03-30 20:57:29,6.94,USD,Approved,POS,Refund
TX04430,CUST0670,ACC0670,CARD1082,MERCH0047,2025-07-08 22:32:21,61.14,USD,Approved,Web,Withdrawal
TX04431,CUST0145,ACC0145,CARD0795,MERCH0004,2025-02-15 12:19:43,66.69,USD,Approved,POS,Withdrawal
TX04432,CUST0087,ACC0087,CARD1295,MERCH0191,2025-03-02 16:55:41,32.15,USD,Approved,POS,Withdrawal
TX04433,CUST0516,ACC0516,CARD0792,MERCH0180,2025-10-28 20:47:08,66.47,USD,Approved,Web,Purchase
TX04434,CUST0351,ACC0351,CARD0518,MERCH0010,2025-08-18 08:26:14,137.24,EUR,Declined,Mobile App,Transfer
TX04435,CUST0223,ACC0223,CARD1440,MERCH0028,2025-03-07 11:49:51,115.18,USD,Approved,POS,Refund
TX04436,CUST0662,ACC0662,CARD0714,MERCH0121,2025-02-27 20:33:59,62.72,USD,Approved,Web,Withdrawal
TX04437,CUST0867,ACC0867,CARD1474,MERCH0126,2025-05-14 17:56:18,212.54,USD,Approved,Web,Purchase
TX04438,CUST0233,ACC0233,CARD0280,MERCH0134,2025-06-27 01:31:33,193.18,USD,Approved,Web,Purchase
TX04439,CUST0173,ACC0173,CARD0796,MERCH0155,2025-09-04 18:50:18,54.42,GBP,Approved,Web,Purchase
TX04440,CUST0137,ACC0137,CARD1486,MERCH0140,2025-05-11 00:23:51,63.56,EUR,Approved,POS,Purchase
TX04441,CUST0623,ACC0623,CARD0235,MERCH0062,2025-02-23 17:17:21,55.85,USD,Declined,Web,Purchase
TX04442,CUST0868,ACC0868,CARD0205,MERCH0180,2025-08-27 23:55:27,25.69,USD,Approved,Mobile App,Refund
TX04443,CUST0208,ACC0208,CARD1137,MERCH0176,2025-03-29 09:01:23,214.62,GBP,Approved,POS,Refund
TX04444,CUST0549,ACC0549,CARD0115,MERCH0067,2025-10-31 06:18:55,12.11,USD,Approved,POS,Purchase
TX04445,CUST0047,ACC0047,CARD1155,MERCH0174,2025-12-22 01:06:14,29.48,CAD,Approved,Web,Withdrawal
TX04446,CUST0744,ACC0744,CARD0752,MERCH0074,2025-10-01 23:40:22,21.69,GBP,Approved,Mobile App,Withdrawal
TX04447,CUST0227,ACC0227,CARD0203,MERCH0095,2025-10-17 03:30:36,266.74,USD,Approved,Mobile App,Purchase
TX04448,CUST0567,ACC0567,CARD1123,MERCH0143,2025-09-12 08:05:23,11.75,EUR,Approved,Web,Refund
TX04449,CUST0102,ACC0102,CARD0493,MERCH0199,2025-05-22 08:50:12,168.88,EUR,Approved,Web,Purchase
TX04450,CUST0516,ACC0516,CARD0792,MERCH0036,2025-03-30 01:22:46,11.82,USD,Approved,Web,Transfer
TX04451,CUST0303,ACC0303,CARD0822,MERCH0142,2025-05-16 23:19:22,236.58,USD,Approved,POS,Withdrawal
TX04452,CUST0932,ACC0932,CARD1240,MERCH0112,2025-12-05 04:27:38,370.78,EUR,Approved,POS,Withdrawal
TX04453,CUST0456,ACC0456,CARD0791,MERCH0131,2025-01-11 00:49:58,105.08,CAD,Approved,ATM,Transfer
TX04454,CUST0277,ACC0277,CARD1015,MERCH0113,2025-10-19 17:01:05,249.86,USD,Approved,ATM,Purchase
TX04455,CUST0250,ACC0250,CARD1370,MERCH0110,2025-02-07 09:37:28,188.84,EUR,Approved,Web,Transfer
TX04456,CUST0293,ACC0293,CARD0254,MERCH0114,2025-07-27 21:40:33,243.18,USD,Approved,POS,Purchase
TX04457,CUST0774,ACC0774,CARD0689,MERCH0067,2025-01-01 02:05:27,223.36,EUR,Approved,Web,Refund
TX04458,CUST0602,ACC0602,CARD1123,MERCH0126,2025-03-06 00:51:12,39.48,GBP,Approved,Web,Withdrawal
TX04459,CUST0865,ACC0865,CARD0546,MERCH0086,2025-08-31 08:14:12,108.84,EUR,Approved,Web,Purchase
TX04460,CUST0196,ACC0196,CARD1258,MERCH0019,2025-11-12 07:38:02,489.39,GBP,Approved,Web,Withdrawal
TX04461,CUST0417,ACC0417,CARD0314,MERCH0182,2025-02-19 04:30:19,68.13,USD,Approved,POS,Purchase
TX04462,CUST0803,ACC0803,CARD0881,MERCH0069,2025-08-29 22:11:43,533.44,GBP,Approved,POS,Transfer
TX04463,CUST0002,ACC0002,CARD1460,MERCH0010,2025-02-02 01:54:15,136.26,USD,Approved,Mobile App,Transfer
TX04464,CUST0242,ACC0242,CARD0187,MERCH0161,2025-08-22 19:03:53,97.88,GBP,Approved,ATM,Withdrawal
TX04465,CUST0604,ACC0604,CARD1049,MERCH0141,2025-02-11 23:43:45,165.84,GBP,Approved,Mobile App,Transfer
TX04466,CUST0549,ACC0549,CARD0115,MERCH0128,2025-03-02 06:05:44,258.79,GBP,Approved,Web,Purchase
TX04467,CUST0079,ACC0079,CARD0703,MERCH0099,2025-05-10 17:01:22,80.18,USD,Approved,POS,Purchase
TX04468,CUST0645,ACC0645,CARD0339,MERCH0179,2025-12-20 14:16:37,10.03,EUR,Declined,POS,Withdrawal
TX04469,CUST0925,ACC0925,CARD0639,MERCH0032,2025-10-14 05:01:10,190.06,EUR,Reversed,POS,Withdrawal
TX04470,CUST0592,ACC0592,CARD0265,MERCH0112,2025-07-23 15:44:50,474.1,INR,Approved,Web,Purchase
TX04471,CUST0121,ACC0121,CARD0041,MERCH0024,2025-07-26 16:30:39,152.12,USD,Approved,Web,Withdrawal
TX04472,CUST0483,ACC0483,CARD0697,MERCH0035,2025-09-15 06:26:18,36.31,GBP,Approved,Web,Withdrawal
TX04473,CUST0092,ACC0092,CARD0296,MERCH0083,2025-06-21 16:05:56,47.8,USD,Approved,ATM,Purchase
TX04474,CUST0823,ACC0823,CARD0624,MERCH0070,2025-07-06 17:26:18,365.78,USD,Approved,Web,Purchase
TX04475,CUST0985,ACC0985,CARD0877,MERCH0168,2025-10-21 09:21:28,7.05,USD,Approved,POS,Purchase
TX04476,CUST0944,ACC0944,CARD0363,MERCH0182,2025-12-29 12:54:35,124.36,USD,Approved,POS,Purchase
TX04477,CUST0745,ACC0745,CARD0925,MERCH0109,2025-01-10 09:26:18,30.92,USD,Reversed,POS,Transfer
TX04478,CUST0135,ACC0135,CARD0961,MERCH0172,2025-05-13 02:51:12,54.85,USD,Approved,Web,Purchase
TX04479,CUST0787,ACC0787,CARD1047,MERCH0190,2025-03-10 05:51:11,60.0,USD,Approved,Web,Purchase
TX04480,CUST0485,ACC0485,CARD1244,MERCH0099,2025-07-10 20:53:56,42.13,GBP,Approved,Web,Withdrawal
TX04481,CUST0614,ACC0614,CARD1210,MERCH0196,2025-10-12 04:48:17,240.79,EUR,Declined,Mobile App,Refund
TX04482,CUST0063,ACC0063,CARD0092,MERCH0033,2025-08-09 15:48:04,65.57,GBP,Approved,POS,Withdrawal
TX04483,CUST0144,ACC0144,CARD0871,MERCH0056,2025-06-09 15:41:18,68.58,EUR,Declined,Web,Purchase
TX04484,CUST0771,ACC0771,CARD1241,MERCH0164,2025-07-03 12:43:33,95.5,GBP,Approved,Web,Refund
TX04485,CUST0217,ACC0217,CARD1249,MERCH0182,2025-01-11 05:35:21,353.87,EUR,Pending,POS,Purchase
TX04486,CUST0680,ACC0680,CARD0505,MERCH0147,2025-08-08 17:40:42,179.8,USD,Approved,POS,Purchase
TX04487,CUST0738,ACC0738,CARD0959,MERCH0171,2025-12-05 04:46:18,14.56,EUR,Approved,Web,Purchase
TX04488,CUST0742,ACC0742,CARD0461,MERCH0012,2025-07-06 22:03:41,11.01,EUR,Approved,POS,Refund
TX04489,CUST0836,ACC0836,CARD0738,MERCH0011,2025-05-28 13:54:10,130.34,EUR,Approved,Mobile App,Purchase
TX04490,CUST0599,ACC0599,CARD0144,MERCH0070,2025-05-24 18:13:58,332.14,GBP,Declined,POS,Refund
TX04491,CUST0445,ACC0445,CARD0370,MERCH0140,2025-10-27 03:41:02,63.57,GBP,Approved,POS,Purchase
TX04492,CUST0428,ACC0428,CARD0264,MERCH0041,2025-10-13 12:32:54,47.71,EUR,Approved,POS,Purchase
TX04493,CUST0160,ACC0160,CARD0749,MERCH0153,2025-01-29 21:19:48,211.86,GBP,Approved,Web,Purchase
TX04494,CUST0521,ACC0521,CARD0160,MERCH0106,2025-01-30 03:47:57,143.23,EUR,Approved,POS,Purchase
TX04495,CUST0622,ACC0622,CARD0733,MERCH0003,2025-10-15 07:43:05,129.87,USD,Approved,Web,Transfer
TX04496,CUST0982,ACC0982,CARD1344,MERCH0003,2025-02-20 03:14:15,29.25,EUR,Approved,POS,Purchase
TX04497,CUST0449,ACC0449,CARD0120,MERCH0084,2025-10-19 02:37:29,34.03,GBP,Approved,POS,Purchase
TX04498,CUST0264,ACC0264,CARD0263,MERCH0156,2025-02-24 20:44:18,54.65,EUR,Approved,POS,Withdrawal
TX04499,CUST0041,ACC0041,CARD0958,MERCH0151,2025-10-19 03:03:11,39.76,CAD,Approved,POS,Purchase
TX04500,CUST0295,ACC0295,CARD1136,MERCH0176,2025-11-08 03:50:59,538.39,USD,Declined,Web,Purchase
TX04501,CUST0853,ACC0853,CARD1130,MERCH0195,2025-03-30 13:25:39,7.82,GBP,Approved,Web,Purchase
TX04502,CUST0102,ACC0102,CARD0493,MERCH0170,2025-11-14 14:47:15,152.55,GBP,Approved,POS,Transfer
TX04503,CUST0490,ACC0490,CARD0958,MERCH0107,2025-09-02 00:41:52,114.35,GBP,Reversed,POS,Purchase
TX04504,CUST0494,ACC0494,CARD0912,MERCH0168,2025-03-28 06:05:12,63.57,USD,Approved,ATM,Transfer
TX04505,CUST0691,ACC0691,CARD0672,MERCH0134,2025-08-28 09:51:55,332.84,USD,Approved,Mobile App,Withdrawal
TX04506,CUST0109,ACC0109,CARD1153,MERCH0020,2025-02-26 20:13:36,171.37,EUR,Approved,Mobile App,Purchase
TX04507,CUST0603,ACC0603,CARD0396,MERCH0139,2025-08-11 12:09:06,966.44,USD,Approved,POS,Purchase
TX04508,CUST0866,ACC0866,CARD0053,MERCH0096,2025-09-13 03:23:47,32.71,CAD,Approved,POS,Refund
TX04509,CUST0646,ACC0646,CARD1389,MERCH0124,2025-08-20 09:10:00,18.8,USD,Approved,Web,Purchase
TX04510,CUST0536,ACC0536,CARD1326,MERCH0155,2025-02-23 18:46:04,27.52,EUR,Approved,POS,Purchase
TX04511,CUST0989,ACC0989,CARD0662,MERCH0021,2025-03-31 05:05:13,52.06,USD,Approved,Web,Purchase
TX04512,CUST0019,ACC0019,CARD0770,MERCH0114,2025-05-31 20:53:06,85.88,EUR,Approved,POS,Purchase
TX04513,CUST0709,ACC0709,CARD1397,MERCH0013,2025-04-23 16:02:31,302.73,GBP,Approved,POS,Purchase
TX04514,CUST0381,ACC0381,CARD0155,MERCH0086,2025-09-26 08:26:04,55.03,USD,Approved,POS,Purchase
TX04515,CUST0688,ACC0688,CARD0134,MERCH0035,2025-12-13 08:37:50,375.2,GBP,Approved,Web,Withdrawal
TX04516,CUST0241,ACC0241,CARD1148,MERCH0047,2025-10-26 06:13:29,98.24,USD,Approved,Web,Transfer
TX04517,CUST0310,ACC0310,CARD0816,MERCH0156,2025-06-08 08:14:15,161.22,EUR,Approved,POS,Purchase
TX04518,CUST0018,ACC0018,CARD1333,MERCH0149,2025-08-13 10:06:05,51.06,EUR,Approved,POS,Purchase
TX04519,CUST0519,ACC0519,CARD0497,MERCH0146,2025-12-21 18:22:36,30.44,USD,Declined,Web,Withdrawal
TX04520,CUST0599,ACC0599,CARD0144,MERCH0159,2025-04-06 13:14:33,310.41,USD,Approved,POS,Purchase
TX04521,CUST0967,ACC0967,CARD0109,MERCH0188,2025-12-18 07:37:09,22.4,GBP,Declined,Web,Refund
TX04522,CUST0459,ACC0459,CARD1013,MERCH0125,2025-06-03 19:30:07,228.1,USD,Approved,Mobile App,Withdrawal
TX04523,CUST0489,ACC0489,CARD0094,MERCH0110,2025-06-07 15:32:08,135.48,USD,Reversed,POS,Purchase
TX04524,CUST0576,ACC0576,CARD0217,MERCH0037,2025-10-15 20:40:53,301.14,GBP,Approved,POS,Purchase
TX04525,CUST0913,ACC0913,CARD0107,MERCH0021,2025-06-11 02:09:44,194.78,USD,Approved,Web,Purchase
TX04526,CUST0865,ACC0865,CARD0546,MERCH0014,2025-05-27 03:24:51,54.62,GBP,Approved,POS,Purchase
TX04527,CUST0701,ACC0701,CARD1251,MERCH0091,2025-02-12 07:07:30,133.15,EUR,Approved,POS,Withdrawal
TX04528,CUST0783,ACC0783,CARD0476,MERCH0060,2025-09-18 19:05:41,6.97,USD,Approved,POS,Withdrawal
TX04529,CUST0390,ACC0390,CARD0759,MERCH0124,2025-03-28 10:03:21,101.72,USD,Approved,Mobile App,Purchase
TX04530,CUST0061,ACC0061,CARD0898,MERCH0023,2025-02-25 20:15:20,18.49,EUR,Approved,ATM,Transfer
TX04531,CUST0700,ACC0700,CARD1253,MERCH0111,2025-03-09 19:03:15,89.04,USD,Approved,Web,Purchase
TX04532,CUST0867,ACC0867,CARD1474,MERCH0124,2025-12-18 22:37:31,22.41,USD,Approved,POS,Purchase
TX04533,CUST0757,ACC0757,CARD1275,MERCH0157,2025-05-23 11:49:28,471.77,GBP,Approved,Web,Purchase
TX04534,CUST0459,ACC0459,CARD1013,MERCH0175,2025-09-24 07:09:53,116.06,EUR,Approved,POS,Withdrawal
TX04535,CUST0865,ACC0865,CARD0546,MERCH0030,2025-06-04 08:53:09,371.65,USD,Approved,POS,Withdrawal
TX04536,CUST0151,ACC0151,CARD0864,MERCH0115,2025-11-10 17:03:03,8.39,EUR,Approved,Web,Purchase
TX04537,CUST0648,ACC0648,CARD0500,MERCH0090,2025-09-10 23:15:32,157.27,EUR,Pending,Web,Withdrawal
TX04538,CUST0894,ACC0894,CARD0534,MERCH0038,2025-10-04 03:43:03,60.0,EUR,Approved,POS,Purchase
TX04539,CUST0527,ACC0527,CARD0691,MERCH0083,2025-05-09 16:41:29,89.8,EUR,Reversed,ATM,Purchase
TX04540,CUST0791,ACC0791,CARD1482,MERCH0027,2025-01-13 07:20:40,314.64,CAD,Approved,POS,Withdrawal
TX04541,CUST0537,ACC0537,CARD1277,MERCH0104,2025-08-08 15:38:45,591.96,USD,Approved,Web,Purchase
TX04542,CUST0376,ACC0376,CARD0686,MERCH0116,2025-08-27 15:31:59,47.45,USD,Approved,Mobile App,Purchase
TX04543,CUST0356,ACC0356,CARD0497,MERCH0015,2025-08-16 17:38:03,449.21,USD,Approved,POS,Purchase
TX04544,CUST0658,ACC0658,CARD0876,MERCH0187,2025-01-17 15:14:16,180.06,USD,Approved,POS,Purchase
TX04545,CUST0305,ACC0305,CARD0957,MERCH0003,2025-01-12 11:15:33,458.66,USD,Approved,POS,Transfer
TX04546,CUST0621,ACC0621,CARD1239,MERCH0010,2025-06-29 07:51:21,128.96,USD,Approved,ATM,Transfer
TX04547,CUST0211,ACC0211,CARD0699,MERCH0120,2025-07-23 00:25:25,490.69,EUR,Approved,Web,Transfer
TX04548,CUST0860,ACC0860,CARD1425,MERCH0145,2025-03-11 01:44:11,339.48,USD,Approved,POS,Purchase
TX04549,CUST0768,ACC0768,CARD0853,MERCH0128,2025-07-20 05:25:07,25.65,GBP,Pending,Mobile App,Refund
TX04550,CUST0073,ACC0073,CARD1412,MERCH0011,2025-02-06 07:45:06,60.83,USD,Approved,Web,Purchase
TX04551,CUST0632,ACC0632,CARD1277,MERCH0176,2025-09-21 03:39:53,46.77,INR,Approved,POS,Transfer
TX04552,CUST0610,ACC0610,CARD0569,MERCH0133,2025-10-30 22:37:29,132.33,EUR,Approved,Web,Refund
TX04553,CUST0353,ACC0353,CARD1061,MERCH0069,2025-02-12 16:31:56,248.53,GBP,Approved,Web,Purchase
TX04554,CUST0959,ACC0959,CARD0812,MERCH0064,2025-09-27 08:31:32,218.7,CAD,Approved,POS,Purchase
TX04555,CUST0371,ACC0371,CARD0128,MERCH0014,2025-12-13 09:18:32,199.6,CAD,Approved,Web,Purchase
TX04556,CUST0585,ACC0585,CARD0699,MERCH0050,2025-05-12 07:40:49,75.56,EUR,Approved,POS,Purchase
TX04557,CUST0215,ACC0215,CARD0220,MERCH0154,2025-04-25 02:33:36,27.56,USD,Approved,Web,Purchase
TX04558,CUST0430,ACC0430,CARD1004,MERCH0072,2025-11-27 13:54:53,40.47,EUR,Approved,POS,Purchase
TX04559,CUST0226,ACC0226,CARD1463,MERCH0069,2025-05-05 00:40:38,208.03,EUR,Approved,POS,Purchase
TX04560,CUST0370,ACC0370,CARD1347,MERCH0135,2025-11-18 13:10:31,28.94,USD,Approved,ATM,Purchase
TX04561,CUST0141,ACC0141,CARD0503,MERCH0127,2025-09-03 04:39:20,42.84,USD,Approved,Web,Transfer
TX04562,CUST0176,ACC0176,CARD1355,MERCH0016,2025-10-30 04:34:33,87.89,USD,Approved,POS,Purchase
TX04563,CUST0524,ACC0524,CARD0690,MERCH0183,2025-10-23 17:21:00,16.23,USD,Approved,Mobile App,Purchase
TX04564,CUST0120,ACC0120,CARD1018,MERCH0078,2025-02-11 07:07:14,40.87,USD,Approved,Mobile App,Purchase
TX04565,CUST0763,ACC0763,CARD1089,MERCH0101,2025-02-10 13:36:20,29.34,EUR,Approved,POS,Transfer
TX04566,CUST0336,ACC0336,CARD0960,MERCH0056,2025-05-04 02:51:36,458.38,USD,Approved,Web,Withdrawal
TX04567,CUST0083,ACC0083,CARD0202,MERCH0105,2025-10-21 06:05:59,36.89,EUR,Approved,Web,Purchase
TX04568,CUST0817,ACC0817,CARD1078,MERCH0132,2025-08-23 09:50:23,301.83,GBP,Approved,Web,Withdrawal
TX04569,CUST0137,ACC0137,CARD1486,MERCH0048,2025-11-15 17:26:46,23.29,EUR,Approved,Mobile App,Purchase
TX04570,CUST0234,ACC0234,CARD0884,MERCH0017,2025-05-12 21:37:55,310.66,INR,Approved,Web,Withdrawal
TX04571,CUST0316,ACC0316,CARD1057,MERCH0111,2025-02-07 01:33:17,142.23,USD,Reversed,ATM,Purchase
TX04572,CUST0284,ACC0284,CARD0404,MERCH0164,2025-12-09 02:50:44,289.27,CAD,Approved,Mobile App,Purchase
TX04573,CUST0934,ACC0934,CARD0365,MERCH0070,2025-08-01 20:59:49,308.0,USD,Approved,POS,Purchase
TX04574,CUST0242,ACC0242,CARD0187,MERCH0080,2025-07-28 05:10:48,141.09,CAD,Approved,ATM,Purchase
TX04575,CUST0610,ACC0610,CARD0569,MERCH0093,2025-01-24 13:27:49,379.6,USD,Approved,POS,Withdrawal
TX04576,CUST0180,ACC0180,CARD0190,MERCH0038,2025-07-24 18:01:52,137.08,GBP,Approved,Web,Withdrawal
TX04577,CUST0243,ACC0243,CARD1350,MERCH0101,2025-08-14 12:43:05,192.01,USD,Approved,Mobile App,Withdrawal
TX04578,CUST0001,ACC0001,CARD1127,MERCH0062,2025-07-30 23:36:57,85.7,EUR,Approved,Web,Transfer
TX04579,CUST0030,ACC0030,CARD0022,MERCH0121,2025-09-09 18:29:21,373.13,USD,Approved,POS,Withdrawal
TX04580,CUST0560,ACC0560,CARD0761,MERCH0048,2025-05-30 18:04:54,265.73,EUR,Approved,ATM,Purchase
TX04581,CUST0580,ACC0580,CARD0062,MERCH0010,2025-01-04 08:23:12,32.36,EUR,Reversed,POS,Transfer
TX04582,CUST0196,ACC0196,CARD1258,MERCH0036,2025-02-07 22:12:21,133.84,CAD,Approved,POS,Transfer
TX04583,CUST0715,ACC0715,CARD1354,MERCH0157,2025-07-20 01:13:23,345.7,EUR,Approved,Web,Withdrawal
TX04584,CUST0885,ACC0885,CARD0672,MERCH0004,2025-09-09 14:35:10,241.3,EUR,Approved,POS,Refund
TX04585,CUST0476,ACC0476,CARD0861,MERCH0044,2025-10-19 15:41:13,497.72,USD,Approved,Mobile App,Refund
TX04586,CUST0024,ACC0024,CARD1216,MERCH0056,2025-05-13 12:45:38,44.46,EUR,Approved,POS,Purchase
TX04587,CUST0381,ACC0381,CARD0155,MERCH0042,2025-03-15 23:41:05,73.7,USD,Declined,ATM,Purchase
TX04588,CUST0558,ACC0558,CARD1301,MERCH0114,2025-09-28 10:22:52,111.15,GBP,Approved,ATM,Purchase
TX04589,CUST0943,ACC0943,CARD0750,MERCH0141,2025-12-19 14:47:32,44.73,USD,Approved,Web,Refund
TX04590,CUST0618,ACC0618,CARD0634,MERCH0174,2025-10-20 03:28:21,80.14,EUR,Declined,Web,Purchase
TX04591,CUST0476,ACC0476,CARD0861,MERCH0161,2025-01-15 18:59:08,120.68,EUR,Declined,Web,Withdrawal
TX04592,CUST0876,ACC0876,CARD1398,MERCH0021,2025-02-14 02:36:42,36.86,USD,Approved,POS,Transfer
TX04593,CUST0039,ACC0039,CARD0976,MERCH0079,2025-08-02 15:32:36,49.5,EUR,Approved,POS,Refund
TX04594,CUST0845,ACC0845,CARD1332,MERCH0185,2025-06-19 14:25:20,25.0,USD,Approved,Mobile App,Withdrawal
TX04595,CUST0886,ACC0886,CARD0061,MERCH0069,2025-03-23 07:13:20,192.44,USD,Declined,Web,Purchase
TX04596,CUST0638,ACC0638,CARD0946,MERCH0070,2025-07-15 18:44:22,72.31,INR,Approved,Mobile App,Purchase
TX04597,CUST0267,ACC0267,CARD0624,MERCH0067,2025-12-11 01:39:48,42.32,USD,Approved,Web,Refund
TX04598,CUST0589,ACC0589,CARD0445,MERCH0048,2025-02-09 15:49:59,111.19,GBP,Approved,POS,Refund
TX04599,CUST0942,ACC0942,CARD0919,MERCH0161,2025-02-12 22:40:18,15.6,EUR,Approved,POS,Transfer
TX04600,CUST0934,ACC0934,CARD0365,MERCH0036,2025-06-28 16:20:24,390.39,EUR,Approved,POS,Refund
TX04601,CUST0634,ACC0634,CARD1198,MERCH0161,2025-01-23 20:39:59,57.32,USD,Approved,Mobile App,Purchase
TX04602,CUST0515,ACC0515,CARD1040,MERCH0159,2025-09-01 10:29:50,331.35,EUR,Approved,Web,Withdrawal
TX04603,CUST0236,ACC0236,CARD0982,MERCH0149,2025-01-17 06:08:38,108.26,USD,Approved,Mobile App,Purchase
TX04604,CUST0769,ACC0769,CARD1306,MERCH0027,2025-11-10 16:38:58,289.72,EUR,Approved,Mobile App,Withdrawal
TX04605,CUST0407,ACC0407,CARD1116,MERCH0072,2025-01-30 10:34:39,47.57,INR,Approved,POS,Purchase
TX04606,CUST0208,ACC0208,CARD1137,MERCH0101,2025-06-28 13:30:01,33.9,USD,Approved,POS,Purchase
TX04607,CUST0251,ACC0251,CARD0147,MERCH0190,2025-05-02 12:10:09,288.98,GBP,Approved,POS,Transfer
TX04608,CUST0161,ACC0161,CARD1195,MERCH0096,2025-11-08 19:15:43,40.91,USD,Approved,POS,Withdrawal
TX04609,CUST0827,ACC0827,CARD1231,MERCH0128,2025-01-25 08:38:10,210.68,USD,Approved,POS,Refund
TX04610,CUST0892,ACC0892,CARD0604,MERCH0026,2025-01-13 04:57:37,68.37,USD,Approved,POS,Withdrawal
TX04611,CUST0666,ACC0666,CARD0173,MERCH0066,2025-07-22 11:56:07,211.86,USD,Approved,Mobile App,Purchase
TX04612,CUST0049,ACC0049,CARD0021,MERCH0140,2025-08-10 19:05:18,362.32,USD,Approved,Web,Purchase
TX04613,CUST0776,ACC0776,CARD0105,MERCH0022,2025-03-10 22:59:49,604.62,USD,Approved,POS,Refund
TX04614,CUST0769,ACC0769,CARD1306,MERCH0017,2025-09-15 18:59:48,71.9,EUR,Approved,Web,Withdrawal
TX04615,CUST0518,ACC0518,CARD0258,MERCH0007,2025-02-18 18:33:29,73.72,USD,Approved,POS,Transfer
TX04616,CUST0065,ACC0065,CARD0956,MERCH0107,2025-11-27 09:38:43,602.59,USD,Approved,Web,Purchase
TX04617,CUST0202,ACC0202,CARD1137,MERCH0068,2025-03-16 19:28:05,301.56,USD,Approved,POS,Purchase
TX04618,CUST0264,ACC0264,CARD0263,MERCH0128,2025-02-03 16:09:29,11.92,GBP,Declined,ATM,Refund
TX04619,CUST0139,ACC0139,CARD1029,MERCH0037,2025-04-21 02:15:00,132.8,USD,Approved,POS,Purchase
TX04620,CUST0160,ACC0160,CARD0749,MERCH0038,2025-12-18 21:33:47,35.0,CAD,Approved,Mobile App,Purchase
TX04621,CUST0128,ACC0128,CARD1072,MERCH0096,2025-08-25 01:34:23,772.71,USD,Approved,Web,Purchase
TX04622,CUST0117,ACC0117,CARD0289,MERCH0139,2025-07-28 12:24:09,27.44,USD,Approved,Web,Withdrawal
TX04623,CUST0634,ACC0634,CARD1198,MERCH0001,2025-02-02 10:01:44,127.92,USD,Approved,ATM,Purchase
TX04624,CUST0375,ACC0375,CARD1347,MERCH0153,2025-08-14 00:42:14,169.13,USD,Approved,POS,Withdrawal
TX04625,CUST0334,ACC0334,CARD0284,MERCH0042,2025-06-28 14:34:05,419.85,GBP,Approved,POS,Refund
TX04626,CUST0508,ACC0508,CARD1247,MERCH0180,2025-05-05 21:13:58,286.85,EUR,Approved,POS,Purchase
TX04627,CUST0528,ACC0528,CARD1451,MERCH0152,2025-02-10 23:24:27,47.31,USD,Approved,Mobile App,Purchase
TX04628,CUST0825,ACC0825,CARD1327,MERCH0181,2025-02-04 08:38:46,132.51,USD,Approved,POS,Purchase
TX04629,CUST0963,ACC0963,CARD0025,MERCH0184,2025-11-10 12:43:18,465.48,USD,Approved,POS,Purchase
TX04630,CUST0500,ACC0500,CARD1313,MERCH0063,2025-08-03 02:30:17,204.61,CAD,Approved,Web,Purchase
TX04631,CUST0019,ACC0019,CARD0770,MERCH0081,2025-04-11 10:08:27,179.87,GBP,Approved,Web,Purchase
TX04632,CUST0313,ACC0313,CARD1219,MERCH0008,2025-03-05 10:20:32,215.91,EUR,Approved,POS,Purchase
TX04633,CUST0115,ACC0115,CARD0392,MERCH0187,2025-03-03 06:40:20,63.4,EUR,Approved,Web,Purchase
TX04634,CUST0050,ACC0050,CARD0841,MERCH0173,2025-12-07 03:49:06,200.99,CAD,Approved,POS,Withdrawal
TX04635,CUST0693,ACC0693,CARD0815,MERCH0027,2025-05-01 17:38:57,44.76,EUR,Pending,POS,Refund
TX04636,CUST0888,ACC0888,CARD1075,MERCH0052,2025-09-09 08:32:35,88.82,CAD,Reversed,Web,Purchase
TX04637,CUST0994,ACC0994,CARD0843,MERCH0146,2025-10-16 16:31:31,335.99,EUR,Approved,Web,Withdrawal
TX04638,CUST0517,ACC0517,CARD0336,MERCH0091,2025-11-20 08:03:20,7.87,USD,Approved,Mobile App,Purchase
TX04639,CUST0079,ACC0079,CARD0703,MERCH0086,2025-05-16 14:59:13,85.25,GBP,Approved,Web,Purchase
TX04640,CUST0526,ACC0526,CARD0957,MERCH0016,2025-08-09 03:55:02,51.55,EUR,Approved,POS,Purchase
TX04641,CUST0491,ACC0491,CARD1012,MERCH0066,2025-11-22 12:06:14,38.21,EUR,Declined,Web,Withdrawal
TX04642,CUST0140,ACC0140,CARD1242,MERCH0005,2025-04-20 21:39:32,278.56,USD,Approved,ATM,Purchase
TX04643,CUST0571,ACC0571,CARD0663,MERCH0082,2025-09-22 18:06:25,183.86,EUR,Approved,POS,Purchase
TX04644,CUST0857,ACC0857,CARD0900,MERCH0131,2025-07-06 13:22:00,22.92,USD,Approved,Web,Transfer
TX04645,CUST0232,ACC0232,CARD0294,MERCH0118,2025-05-09 02:18:19,107.32,USD,Approved,Web,Purchase
TX04646,CUST0113,ACC0113,CARD1163,MERCH0081,2025-03-09 09:04:47,99.36,EUR,Approved,POS,Purchase
TX04647,CUST0329,ACC0329,CARD1307,MERCH0070,2025-03-07 16:40:47,28.06,EUR,Pending,Web,Withdrawal
TX04648,CUST0204,ACC0204,CARD0564,MERCH0115,2025-02-22 15:15:11,246.24,EUR,Approved,Web,Purchase
TX04649,CUST0676,ACC0676,CARD1025,MERCH0007,2025-11-17 12:08:46,73.52,INR,Approved,POS,Purchase
TX04650,CUST0422,ACC0422,CARD0838,MERCH0050,2025-11-16 23:11:57,220.28,GBP,Approved,POS,Purchase
TX04651,CUST0086,ACC0086,CARD0816,MERCH0142,2025-07-29 13:53:20,36.99,EUR,Approved,ATM,Withdrawal
TX04652,CUST0974,ACC0974,CARD0623,MERCH0166,2025-11-23 22:17:21,61.77,EUR,Approved,POS,Purchase
TX04653,CUST0375,ACC0375,CARD1347,MERCH0111,2025-02-21 16:23:15,20.0,USD,Approved,Web,Withdrawal
TX04654,CUST0124,ACC0124,CARD0201,MERCH0047,2025-03-06 18:23:44,28.23,GBP,Approved,Mobile App,Transfer
TX04655,CUST0851,ACC0851,CARD0542,MERCH0112,2025-10-05 08:14:23,327.07,USD,Approved,POS,Refund
TX04656,CUST0035,ACC0035,CARD1083,MERCH0161,2025-06-12 23:07:55,22.33,GBP,Approved,ATM,Purchase
TX04657,CUST0125,ACC0125,CARD0780,MERCH0043,2025-06-01 17:33:31,20.09,USD,Approved,Web,Withdrawal
TX04658,CUST0614,ACC0614,CARD1210,MERCH0091,2025-06-07 16:54:43,427.96,USD,Approved,Web,Purchase
TX04659,CUST0826,ACC0826,CARD0919,MERCH0029,2025-11-23 05:45:34,160.73,USD,Approved,Web,Transfer
TX04660,CUST0610,ACC0610,CARD0569,MERCH0128,2025-12-24 19:53:42,20.96,EUR,Approved,Mobile App,Transfer
TX04661,CUST0368,ACC0368,CARD1185,MERCH0185,2025-04-23 03:42:21,539.82,USD,Approved,ATM,Purchase
TX04662,CUST0427,ACC0427,CARD0993,MERCH0133,2025-01-12 03:36:16,28.87,USD,Approved,POS,Withdrawal
TX04663,CUST0452,ACC0452,CARD1370,MERCH0096,2025-12-04 21:37:49,223.09,EUR,Approved,Web,Transfer
TX04664,CUST0381,ACC0381,CARD0155,MERCH0188,2025-06-20 12:43:32,10.32,USD,Declined,POS,Purchase
TX04665,CUST0632,ACC0632,CARD1277,MERCH0117,2025-12-19 16:16:10,151.94,USD,Approved,POS,Withdrawal
TX04666,CUST0593,ACC0593,CARD0455,MERCH0070,2025-08-14 15:39:59,123.68,USD,Approved,POS,Transfer
TX04667,CUST0650,ACC0650,CARD1351,MERCH0130,2025-11-06 16:05:07,39.98,GBP,Approved,Mobile App,Transfer
TX04668,CUST0659,ACC0659,CARD1206,MERCH0070,2025-06-10 22:44:36,159.56,EUR,Approved,ATM,Purchase
TX04669,CUST0329,ACC0329,CARD1307,MERCH0110,2025-03-25 09:54:15,148.98,CAD,Approved,Mobile App,Refund
TX04670,CUST0001,ACC0001,CARD1127,MERCH0171,2025-01-26 22:14:56,245.18,USD,Approved,Web,Withdrawal
TX04671,CUST1000,ACC1000,CARD0899,MERCH0132,2025-11-13 07:13:33,317.97,USD,Approved,Mobile App,Purchase
TX04672,CUST0390,ACC0390,CARD0759,MERCH0056,2025-04-05 14:34:08,112.03,USD,Approved,Mobile App,Withdrawal
TX04673,CUST0755,ACC0755,CARD0798,MERCH0187,2025-09-24 12:40:08,106.09,INR,Approved,Web,Purchase
TX04674,CUST0364,ACC0364,CARD0191,MERCH0089,2025-05-13 11:21:34,150.77,EUR,Approved,ATM,Purchase
TX04675,CUST0208,ACC0208,CARD1137,MERCH0137,2025-07-29 14:04:09,200.96,EUR,Reversed,POS,Transfer
TX04676,CUST0460,ACC0460,CARD1082,MERCH0131,2025-06-02 21:14:19,71.05,CAD,Approved,POS,Refund
TX04677,CUST0993,ACC0993,CARD1374,MERCH0176,2025-11-21 03:02:15,110.37,USD,Approved,POS,Transfer
TX04678,CUST0759,ACC0759,CARD1029,MERCH0171,2025-06-29 03:04:33,136.96,USD,Approved,POS,Purchase
TX04679,CUST0782,ACC0782,CARD0518,MERCH0100,2025-11-20 02:08:11,673.23,EUR,Approved,Web,Purchase
TX04680,CUST0112,ACC0112,CARD1087,MERCH0129,2025-03-09 06:48:10,137.91,GBP,Approved,ATM,Refund
TX04681,CUST0602,ACC0602,CARD1123,MERCH0057,2025-11-25 14:04:10,43.08,EUR,Approved,Web,Refund
TX04682,CUST0259,ACC0259,CARD0641,MERCH0181,2025-01-06 00:51:26,138.01,GBP,Approved,Web,Refund
TX04683,CUST0627,ACC0627,CARD1033,MERCH0144,2025-02-11 00:43:10,261.8,EUR,Pending,POS,Purchase
TX04684,CUST0777,ACC0777,CARD1123,MERCH0051,2025-06-30 10:36:16,297.16,CAD,Approved,Web,Transfer
TX04685,CUST0958,ACC0958,CARD0126,MERCH0112,2025-01-21 07:18:15,246.6,EUR,Approved,POS,Transfer
TX04686,CUST0113,ACC0113,CARD1163,MERCH0104,2025-09-01 12:28:13,333.67,USD,Approved,Web,Purchase
TX04687,CUST0698,ACC0698,CARD0203,MERCH0127,2025-05-29 03:00:51,66.14,EUR,Approved,Web,Purchase
TX04688,CUST0043,ACC0043,CARD0958,MERCH0055,2025-02-24 11:51:21,111.26,GBP,Declined,Web,Transfer
TX04689,CUST0369,ACC0369,CARD1280,MERCH0001,2025-11-16 01:28:13,231.84,EUR,Approved,Web,Purchase
TX04690,CUST0198,ACC0198,CARD0664,MERCH0090,2025-01-22 03:50:20,51.07,USD,Reversed,Mobile App,Purchase
TX04691,CUST0676,ACC0676,CARD1025,MERCH0156,2025-09-01 13:06:03,74.68,USD,Approved,POS,Purchase
TX04692,CUST0855,ACC0855,CARD0133,MERCH0053,2025-04-14 11:39:30,271.82,USD,Reversed,Web,Purchase
TX04693,CUST0882,ACC0882,CARD1219,MERCH0186,2025-08-20 08:33:16,225.51,INR,Approved,ATM,Purchase
TX04694,CUST0201,ACC0201,CARD1257,MERCH0073,2025-01-18 23:05:27,537.1,USD,Approved,ATM,Purchase
TX04695,CUST0001,ACC0001,CARD1127,MERCH0188,2025-05-25 10:06:29,832.25,EUR,Approved,POS,Purchase
TX04696,CUST0865,ACC0865,CARD0546,MERCH0187,2025-10-08 23:13:18,46.31,EUR,Approved,Web,Transfer
TX04697,CUST0311,ACC0311,CARD1416,MERCH0108,2025-01-13 03:02:17,351.06,CAD,Approved,POS,Purchase
TX04698,CUST0860,ACC0860,CARD1425,MERCH0150,2025-09-24 18:28:01,19.89,GBP,Approved,POS,Purchase
TX04699,CUST0607,ACC0607,CARD1493,MERCH0008,2025-12-23 20:25:09,190.58,CAD,Approved,Web,Purchase
TX04700,CUST0175,ACC0175,CARD1364,MERCH0177,2025-01-01 03:55:18,42.29,EUR,Pending,Web,Withdrawal
TX04701,CUST0224,ACC0224,CARD0247,MERCH0042,2025-01-27 06:58:43,58.57,CAD,Approved,Web,Purchase
TX04702,CUST0918,ACC0918,CARD0804,MERCH0155,2025-06-09 14:28:56,443.71,USD,Declined,POS,Purchase
TX04703,CUST0561,ACC0561,CARD0676,MERCH0167,2025-01-31 21:05:02,50.81,EUR,Approved,ATM,Purchase
TX04704,CUST0735,ACC0735,CARD0041,MERCH0025,2025-09-19 12:13:36,172.75,GBP,Approved,Web,Refund
TX04705,CUST0268,ACC0268,CARD1017,MERCH0038,2025-07-29 18:48:53,34.43,USD,Approved,Web,Withdrawal
TX04706,CUST0093,ACC0093,CARD0720,MERCH0085,2025-01-31 06:59:47,19.71,CAD,Reversed,Web,Purchase
TX04707,CUST0689,ACC0689,CARD0058,MERCH0152,2025-11-25 05:46:21,67.17,USD,Approved,ATM,Transfer
TX04708,CUST0590,ACC0590,CARD1257,MERCH0024,2025-12-19 03:03:24,151.8,USD,Approved,ATM,Purchase
TX04709,CUST0419,ACC0419,CARD1366,MERCH0060,2025-06-20 16:00:00,47.74,USD,Approved,Web,Purchase
TX04710,CUST0184,ACC0184,CARD1307,MERCH0178,2025-02-26 19:54:48,58.54,EUR,Approved,Web,Purchase
TX04711,CUST0899,ACC0899,CARD0524,MERCH0111,2025-01-05 00:53:05,190.03,USD,Approved,Web,Purchase
TX04712,CUST0801,ACC0801,CARD1470,MERCH0066,2025-09-22 15:07:56,21.27,USD,Approved,POS,Withdrawal
TX04713,CUST0681,ACC0681,CARD1215,MERCH0142,2025-01-24 08:40:12,93.83,CAD,Approved,POS,Purchase
TX04714,CUST0628,ACC0628,CARD1098,MERCH0053,2025-06-19 13:28:53,431.41,CAD,Approved,Web,Withdrawal
TX04715,CUST0664,ACC0664,CARD1150,MERCH0160,2025-04-13 23:03:23,80.87,USD,Approved,Web,Purchase
TX04716,CUST0288,ACC0288,CARD0628,MERCH0106,2025-03-27 10:27:10,90.43,EUR,Approved,POS,Purchase
TX04717,CUST0509,ACC0509,CARD0762,MERCH0096,2025-06-14 20:34:59,206.03,EUR,Approved,Web,Withdrawal
TX04718,CUST0167,ACC0167,CARD1110,MERCH0176,2025-06-16 04:36:25,231.45,USD,Approved,Web,Refund
TX04719,CUST0407,ACC0407,CARD1116,MERCH0039,2025-03-31 13:40:40,225.19,EUR,Approved,Web,Purchase
TX04720,CUST0223,ACC0223,CARD1440,MERCH0168,2025-04-30 19:57:15,927.54,EUR,Approved,Mobile App,Purchase
TX04721,CUST0519,ACC0519,CARD0497,MERCH0042,2025-07-07 04:58:58,16.12,EUR,Approved,POS,Withdrawal
TX04722,CUST0973,ACC0973,CARD0034,MERCH0111,2025-03-16 16:54:56,609.73,GBP,Declined,Mobile App,Transfer
TX04723,CUST0303,ACC0303,CARD0822,MERCH0104,2025-05-10 09:07:02,454.93,EUR,Approved,Web,Purchase
TX04724,CUST0434,ACC0434,CARD0774,MERCH0077,2025-09-28 11:41:23,291.72,USD,Approved,POS,Purchase
TX04725,CUST0620,ACC0620,CARD1187,MERCH0008,2025-03-10 07:45:46,95.8,EUR,Approved,Web,Withdrawal
TX04726,CUST0220,ACC0220,CARD1154,MERCH0026,2025-01-17 20:22:11,312.08,EUR,Approved,Web,Purchase
TX04727,CUST0779,ACC0779,CARD0385,MERCH0140,2025-06-01 22:16:41,42.43,EUR,Approved,Web,Purchase
TX04728,CUST0277,ACC0277,CARD1015,MERCH0043,2025-04-26 08:03:14,240.28,EUR,Approved,Web,Purchase
TX04729,CUST0629,ACC0629,CARD0954,MERCH0179,2025-02-20 08:24:27,35.73,EUR,Declined,ATM,Transfer
TX04730,CUST0440,ACC0440,CARD0867,MERCH0110,2025-08-17 06:55:35,258.4,USD,Approved,ATM,Withdrawal
TX04731,CUST0353,ACC0353,CARD1061,MERCH0100,2025-01-05 01:03:57,147.99,EUR,Approved,ATM,Purchase
TX04732,CUST0702,ACC0702,CARD1465,MERCH0063,2025-12-30 17:24:54,20.48,EUR,Approved,Mobile App,Purchase
TX04733,CUST0537,ACC0537,CARD1277,MERCH0049,2025-12-23 06:12:27,343.53,GBP,Approved,POS,Withdrawal
TX04734,CUST0153,ACC0153,CARD1265,MERCH0115,2025-09-28 15:18:42,134.4,EUR,Approved,Web,Withdrawal
TX04735,CUST0272,ACC0272,CARD1328,MERCH0155,2025-10-31 20:18:06,165.18,USD,Approved,Mobile App,Purchase
TX04736,CUST0130,ACC0130,CARD0407,MERCH0137,2025-02-15 05:07:39,55.01,GBP,Approved,Mobile App,Purchase
TX04737,CUST0971,ACC0971,CARD0111,MERCH0167,2025-01-07 06:35:50,312.93,USD,Approved,Web,Transfer
TX04738,CUST0803,ACC0803,CARD0881,MERCH0065,2025-04-04 07:42:09,123.18,USD,Approved,Mobile App,Purchase
TX04739,CUST0804,ACC0804,CARD0488,MERCH0199,2025-03-29 10:43:05,87.0,EUR,Approved,POS,Purchase
TX04740,CUST0582,ACC0582,CARD0729,MERCH0071,2025-08-31 12:40:35,119.63,USD,Approved,Web,Withdrawal
TX04741,CUST0376,ACC0376,CARD0686,MERCH0007,2025-11-07 21:10:26,187.26,USD,Approved,Web,Withdrawal
TX04742,CUST0977,ACC0977,CARD0595,MERCH0200,2025-07-06 21:06:33,183.14,USD,Approved,Web,Withdrawal
TX04743,CUST0521,ACC0521,CARD0160,MERCH0080,2025-04-18 04:59:17,71.38,GBP,Approved,Web,Purchase
TX04744,CUST0559,ACC0559,CARD1021,MERCH0067,2025-12-15 04:46:11,77.98,USD,Approved,ATM,Refund
TX04745,CUST0715,ACC0715,CARD1354,MERCH0138,2025-01-10 17:04:25,128.91,EUR,Approved,POS,Purchase
TX04746,CUST0665,ACC0665,CARD1475,MERCH0199,2025-02-17 03:39:06,392.36,EUR,Approved,Mobile App,Purchase
TX04747,CUST0753,ACC0753,CARD0010,MERCH0181,2025-01-14 12:51:06,210.23,EUR,Declined,Web,Purchase
TX04748,CUST0659,ACC0659,CARD1206,MERCH0101,2025-01-12 12:45:39,79.25,USD,Approved,Web,Purchase
TX04749,CUST0387,ACC0387,CARD0246,MERCH0095,2025-10-06 17:43:48,66.65,GBP,Approved,Web,Purchase
TX04750,CUST0272,ACC0272,CARD1328,MERCH0087,2025-11-24 16:24:06,116.24,USD,Approved,ATM,Purchase
TX04751,CUST0222,ACC0222,CARD0730,MERCH0185,2025-05-02 16:27:52,311.02,USD,Approved,Web,Purchase
TX04752,CUST0277,ACC0277,CARD1015,MERCH0091,2025-04-05 21:54:32,6.31,USD,Approved,POS,Purchase
TX04753,CUST0310,ACC0310,CARD0816,MERCH0103,2025-01-17 14:47:56,190.93,USD,Reversed,Web,Withdrawal
TX04754,CUST0611,ACC0611,CARD1063,MERCH0126,2025-11-19 21:00:04,57.33,GBP,Approved,POS,Refund
TX04755,CUST0489,ACC0489,CARD0094,MERCH0155,2025-11-09 04:42:47,40.05,EUR,Approved,POS,Purchase
TX04756,CUST0841,ACC0841,CARD1359,MERCH0182,2025-09-27 20:39:43,6.83,USD,Approved,POS,Refund
TX04757,CUST0148,ACC0148,CARD1039,MERCH0113,2025-10-01 11:26:22,345.36,INR,Approved,Web,Refund
TX04758,CUST0787,ACC0787,CARD1047,MERCH0004,2025-03-16 17:39:49,369.99,USD,Approved,POS,Purchase
TX04759,CUST0500,ACC0500,CARD1313,MERCH0088,2025-01-20 06:43:00,14.51,EUR,Approved,POS,Refund
TX04760,CUST0320,ACC0320,CARD0470,MERCH0151,2025-06-23 17:52:52,115.66,GBP,Approved,Mobile App,Purchase
TX04761,CUST0206,ACC0206,CARD1410,MERCH0176,2025-06-22 19:11:26,29.83,GBP,Declined,Web,Transfer
TX04762,CUST0023,ACC0023,CARD0386,MERCH0170,2025-05-28 17:31:29,218.25,USD,Approved,Web,Refund
TX04763,CUST0226,ACC0226,CARD1463,MERCH0003,2025-11-17 09:08:54,169.22,EUR,Approved,Mobile App,Transfer
TX04764,CUST0987,ACC0987,CARD1313,MERCH0091,2025-10-27 07:23:12,57.89,USD,Approved,Web,Purchase
TX04765,CUST0306,ACC0306,CARD0161,MERCH0003,2025-04-28 06:23:59,23.66,USD,Approved,Web,Withdrawal
TX04766,CUST0739,ACC0739,CARD1169,MERCH0156,2025-04-10 09:26:58,271.87,EUR,Approved,POS,Purchase
TX04767,CUST0132,ACC0132,CARD0099,MERCH0191,2025-02-07 01:15:58,173.24,GBP,Approved,Web,Purchase
TX04768,CUST0412,ACC0412,CARD0051,MERCH0081,2025-07-17 11:50:31,6.03,USD,Approved,Web,Purchase
TX04769,CUST0617,ACC0617,CARD1247,MERCH0159,2025-04-14 04:19:12,153.28,USD,Approved,POS,Purchase
TX04770,CUST0744,ACC0744,CARD0752,MERCH0138,2025-09-07 00:43:34,254.34,USD,Approved,Web,Transfer
TX04771,CUST0524,ACC0524,CARD0690,MERCH0177,2025-12-10 16:05:40,139.02,USD,Declined,Web,Transfer
TX04772,CUST0174,ACC0174,CARD1052,MERCH0094,2025-04-19 06:24:42,87.93,USD,Approved,Web,Refund
TX04773,CUST0164,ACC0164,CARD0525,MERCH0126,2025-03-12 17:19:55,136.53,CAD,Approved,Web,Purchase
TX04774,CUST0276,ACC0276,CARD1184,MERCH0113,2025-09-25 08:58:34,150.02,USD,Approved,POS,Withdrawal
TX04775,CUST0831,ACC0831,CARD0075,MERCH0149,2025-02-13 17:59:43,158.26,USD,Approved,Web,Withdrawal
TX04776,CUST0342,ACC0342,CARD1216,MERCH0100,2025-01-14 05:26:07,516.89,EUR,Approved,Web,Purchase
TX04777,CUST0384,ACC0384,CARD0785,MERCH0053,2025-11-10 02:40:30,34.52,GBP,Approved,POS,Purchase
TX04778,CUST0420,ACC0420,CARD0305,MERCH0087,2025-08-16 11:30:44,151.36,GBP,Approved,Web,Purchase
TX04779,CUST0393,ACC0393,CARD0408,MERCH0089,2025-06-18 08:46:47,36.24,GBP,Approved,Mobile App,Refund
TX04780,CUST0956,ACC0956,CARD0086,MERCH0054,2025-10-18 06:53:41,40.35,USD,Approved,POS,Refund
TX04781,CUST0293,ACC0293,CARD0254,MERCH0185,2025-09-23 12:45:04,170.96,GBP,Approved,Mobile App,Transfer
TX04782,CUST0335,ACC0335,CARD0879,MERCH0020,2025-08-31 19:54:17,376.46,EUR,Approved,POS,Purchase
TX04783,CUST0273,ACC0273,CARD0254,MERCH0113,2025-06-07 14:35:23,30.98,EUR,Approved,Mobile App,Purchase
TX04784,CUST0871,ACC0871,CARD0111,MERCH0049,2025-11-23 06:08:18,497.37,INR,Approved,POS,Refund
TX04785,CUST0533,ACC0533,CARD0285,MERCH0135,2025-12-01 10:54:13,62.71,GBP,Approved,POS,Purchase
TX04786,CUST0571,ACC0571,CARD0663,MERCH0029,2025-09-10 12:18:00,79.47,GBP,Approved,POS,Purchase
TX04787,CUST0825,ACC0825,CARD1327,MERCH0048,2025-09-05 02:15:17,30.03,USD,Approved,Mobile App,Purchase
TX04788,CUST0651,ACC0651,CARD0217,MERCH0013,2025-10-13 04:41:55,148.5,EUR,Approved,Web,Refund
TX04789,CUST0387,ACC0387,CARD0246,MERCH0003,2025-12-18 20:16:04,141.11,CAD,Approved,Web,Purchase
TX04790,CUST0254,ACC0254,CARD0489,MERCH0002,2025-11-02 19:34:00,92.58,EUR,Pending,Mobile App,Purchase
TX04791,CUST0581,ACC0581,CARD0596,MERCH0016,2025-12-16 13:50:30,101.97,USD,Approved,POS,Withdrawal
TX04792,CUST0406,ACC0406,CARD1167,MERCH0094,2025-11-09 02:28:42,151.32,GBP,Reversed,POS,Purchase
TX04793,CUST0279,ACC0279,CARD1257,MERCH0102,2025-05-13 00:46:06,136.38,USD,Approved,Web,Refund
TX04794,CUST0859,ACC0859,CARD0184,MERCH0134,2025-02-20 09:12:39,75.32,GBP,Approved,Web,Purchase
TX04795,CUST0852,ACC0852,CARD0759,MERCH0045,2025-07-03 01:03:04,328.27,CAD,Approved,POS,Refund
TX04796,CUST0290,ACC0290,CARD1444,MERCH0071,2025-01-11 05:37:01,170.24,EUR,Approved,Web,Withdrawal
TX04797,CUST0993,ACC0993,CARD1374,MERCH0133,2025-05-30 09:54:42,39.49,EUR,Approved,POS,Withdrawal
TX04798,CUST0982,ACC0982,CARD1344,MERCH0056,2025-04-06 21:36:58,62.83,USD,Approved,POS,Refund
TX04799,CUST0065,ACC0065,CARD0956,MERCH0199,2025-05-23 08:40:32,237.59,CAD,Approved,POS,Purchase
TX04800,CUST0605,ACC0605,CARD0948,MERCH0127,2025-02-15 12:17:53,21.56,EUR,Approved,POS,Purchase
TX04801,CUST0875,ACC0875,CARD0095,MERCH0032,2025-12-10 15:20:10,213.08,EUR,Approved,Web,Purchase
TX04802,CUST0449,ACC0449,CARD0120,MERCH0049,2025-10-05 01:16:50,71.67,EUR,Approved,POS,Purchase
TX04803,CUST0281,ACC0281,CARD0816,MERCH0013,2025-05-22 23:03:24,125.34,USD,Approved,POS,Withdrawal
TX04804,CUST0087,ACC0087,CARD1295,MERCH0158,2025-10-21 01:54:40,54.39,EUR,Approved,Mobile App,Purchase
TX04805,CUST0049,ACC0049,CARD0021,MERCH0025,2025-10-29 14:24:05,650.28,GBP,Declined,Mobile App,Purchase
TX04806,CUST0905,ACC0905,CARD0794,MERCH0060,2025-02-10 20:06:57,359.41,INR,Approved,Mobile App,Purchase
TX04807,CUST0271,ACC0271,CARD0897,MERCH0059,2025-05-19 05:34:37,400.6,USD,Approved,Web,Withdrawal
TX04808,CUST0575,ACC0575,CARD0279,MERCH0156,2025-10-24 03:40:29,35.64,USD,Approved,Web,Purchase
TX04809,CUST0926,ACC0926,CARD0056,MERCH0058,2025-05-03 17:07:59,281.48,EUR,Approved,Web,Transfer
TX04810,CUST0686,ACC0686,CARD0934,MERCH0020,2025-03-27 03:10:39,119.99,EUR,Approved,ATM,Purchase
TX04811,CUST0095,ACC0095,CARD0879,MERCH0162,2025-03-04 00:43:18,189.58,USD,Approved,Mobile App,Withdrawal
TX04812,CUST0615,ACC0615,CARD0935,MERCH0133,2025-05-18 01:07:32,41.79,INR,Approved,Web,Transfer
TX04813,CUST0445,ACC0445,CARD0370,MERCH0188,2025-08-29 10:04:48,191.71,USD,Approved,Web,Purchase
TX04814,CUST0138,ACC0138,CARD0643,MERCH0171,2025-08-14 06:22:50,373.48,USD,Approved,Web,Transfer
TX04815,CUST0055,ACC0055,CARD0316,MERCH0057,2025-07-25 15:49:55,51.69,USD,Approved,POS,Withdrawal
TX04816,CUST0281,ACC0281,CARD0816,MERCH0185,2025-01-27 14:20:56,44.86,CAD,Approved,ATM,Transfer
TX04817,CUST0188,ACC0188,CARD1283,MERCH0054,2025-07-02 12:42:45,21.54,USD,Approved,Web,Purchase
TX04818,CUST0101,ACC0101,CARD0380,MERCH0112,2025-12-03 03:53:32,51.55,EUR,Reversed,Web,Purchase
TX04819,CUST0459,ACC0459,CARD1013,MERCH0173,2025-02-05 15:58:18,120.11,EUR,Approved,POS,Refund
TX04820,CUST0120,ACC0120,CARD1018,MERCH0086,2025-06-18 17:08:31,273.21,EUR,Declined,POS,Withdrawal
TX04821,CUST0084,ACC0084,CARD0996,MERCH0037,2025-02-04 22:01:07,54.03,USD,Approved,POS,Purchase
TX04822,CUST0874,ACC0874,CARD0848,MERCH0084,2025-07-03 05:00:18,150.59,EUR,Approved,POS,Refund
TX04823,CUST0803,ACC0803,CARD0881,MERCH0048,2025-08-25 04:58:36,102.97,USD,Approved,Web,Refund
TX04824,CUST0086,ACC0086,CARD0816,MERCH0118,2025-05-02 18:04:06,56.07,CAD,Approved,POS,Purchase
TX04825,CUST0048,ACC0048,CARD0647,MERCH0182,2025-03-04 21:25:25,112.11,GBP,Approved,ATM,Purchase
TX04826,CUST0685,ACC0685,CARD0929,MERCH0048,2025-05-30 17:15:46,32.58,USD,Approved,Web,Purchase
TX04827,CUST0075,ACC0075,CARD1022,MERCH0112,2025-03-21 02:41:45,158.07,INR,Approved,POS,Refund
TX04828,CUST0538,ACC0538,CARD0499,MERCH0110,2025-11-11 22:28:32,23.44,USD,Approved,Web,Purchase
TX04829,CUST0700,ACC0700,CARD1253,MERCH0006,2025-02-08 12:19:39,201.95,GBP,Approved,POS,Purchase
TX04830,CUST0637,ACC0637,CARD1417,MERCH0162,2025-07-21 15:48:39,34.35,EUR,Pending,Mobile App,Withdrawal
TX04831,CUST0485,ACC0485,CARD1244,MERCH0191,2025-10-27 05:54:43,949.63,EUR,Approved,Web,Purchase
TX04832,CUST0251,ACC0251,CARD0147,MERCH0078,2025-12-21 14:53:45,265.31,USD,Approved,POS,Purchase
TX04833,CUST0932,ACC0932,CARD1240,MERCH0176,2025-05-04 02:32:59,68.2,EUR,Approved,POS,Purchase
TX04834,CUST0336,ACC0336,CARD0960,MERCH0023,2025-08-21 03:19:15,88.32,USD,Approved,POS,Purchase
TX04835,CUST0661,ACC0661,CARD0091,MERCH0126,2025-01-31 18:39:16,50.0,EUR,Approved,Web,Purchase
TX04836,CUST0279,ACC0279,CARD1257,MERCH0084,2025-02-14 03:16:06,223.58,USD,Approved,Web,Purchase
TX04837,CUST0760,ACC0760,CARD1143,MERCH0013,2025-11-19 19:24:34,76.88,GBP,Approved,Web,Transfer
TX04838,CUST0929,ACC0929,CARD0474,MERCH0047,2025-02-09 01:28:21,216.09,EUR,Approved,Web,Purchase
TX04839,CUST0637,ACC0637,CARD1417,MERCH0044,2025-10-24 03:49:44,7.79,GBP,Approved,Web,Withdrawal
TX04840,CUST0989,ACC0989,CARD0662,MERCH0105,2025-03-22 00:26:13,26.86,GBP,Approved,Web,Withdrawal
TX04841,CUST0958,ACC0958,CARD0126,MERCH0160,2025-12-22 22:52:19,73.11,USD,Approved,Web,Purchase
TX04842,CUST0778,ACC0778,CARD0511,MERCH0154,2025-02-26 10:02:41,22.3,USD,Approved,POS,Purchase
TX04843,CUST0011,ACC0011,CARD0331,MERCH0181,2025-01-30 16:21:02,142.87,USD,Approved,Web,Purchase
TX04844,CUST0859,ACC0859,CARD0184,MERCH0014,2025-09-23 04:12:44,12.83,CAD,Approved,POS,Purchase
TX04845,CUST0019,ACC0019,CARD0770,MERCH0180,2025-10-19 23:12:32,299.66,EUR,Approved,POS,Transfer
TX04846,CUST0013,ACC0013,CARD0088,MERCH0121,2025-01-04 18:02:30,219.89,GBP,Approved,Web,Withdrawal
TX04847,CUST0775,ACC0775,CARD1485,MERCH0036,2025-11-06 20:13:12,41.55,CAD,Approved,Web,Transfer
TX04848,CUST0170,ACC0170,CARD0557,MERCH0008,2025-11-16 12:54:14,104.19,CAD,Approved,POS,Withdrawal
TX04849,CUST0344,ACC0344,CARD0017,MERCH0168,2025-04-02 12:59:01,95.17,EUR,Approved,POS,Purchase
TX04850,CUST0154,ACC0154,CARD0564,MERCH0150,2025-08-22 01:51:54,198.57,EUR,Approved,ATM,Purchase
TX04851,CUST0729,ACC0729,CARD0698,MERCH0016,2025-07-04 21:27:17,82.0,CAD,Approved,POS,Purchase
TX04852,CUST0828,ACC0828,CARD1253,MERCH0091,2025-02-13 14:31:39,10.02,GBP,Approved,POS,Purchase
TX04853,CUST0873,ACC0873,CARD1207,MERCH0120,2025-05-24 18:05:24,52.98,EUR,Approved,POS,Purchase
TX04854,CUST0802,ACC0802,CARD0449,MERCH0188,2025-09-29 11:21:52,99.16,EUR,Declined,Web,Purchase
TX04855,CUST0693,ACC0693,CARD0815,MERCH0060,2025-02-24 20:57:32,555.32,EUR,Approved,Web,Purchase
TX04856,CUST0017,ACC0017,CARD0131,MERCH0010,2025-12-17 23:16:30,324.49,USD,Approved,POS,Purchase
TX04857,CUST0116,ACC0116,CARD0419,MERCH0153,2025-03-18 12:17:30,35.03,GBP,Approved,Web,Purchase
TX04858,CUST0659,ACC0659,CARD1206,MERCH0031,2025-10-04 23:12:01,197.71,EUR,Approved,Web,Purchase
TX04859,CUST0930,ACC0930,CARD0028,MERCH0021,2025-05-16 19:49:26,419.28,USD,Approved,Web,Purchase
TX04860,CUST0590,ACC0590,CARD1257,MERCH0081,2025-09-23 11:21:28,6.32,USD,Approved,ATM,Purchase
TX04861,CUST0921,ACC0921,CARD0625,MERCH0033,2025-02-12 19:43:36,196.45,CAD,Approved,POS,Purchase
TX04862,CUST0177,ACC0177,CARD1372,MERCH0031,2025-08-16 15:05:34,97.24,EUR,Declined,ATM,Purchase
TX04863,CUST0202,ACC0202,CARD1137,MERCH0149,2025-06-20 18:59:05,176.03,USD,Approved,Mobile App,Purchase
TX04864,CUST0679,ACC0679,CARD0190,MERCH0036,2025-12-04 07:28:50,144.55,USD,Approved,Web,Purchase
TX04865,CUST0017,ACC0017,CARD0131,MERCH0193,2025-08-26 06:24:55,631.65,EUR,Approved,Mobile App,Purchase
TX04866,CUST0629,ACC0629,CARD0954,MERCH0132,2025-06-20 01:06:31,56.12,USD,Approved,Web,Refund
TX04867,CUST0757,ACC0757,CARD1275,MERCH0068,2025-02-03 00:13:46,236.37,EUR,Approved,Mobile App,Purchase
TX04868,CUST0045,ACC0045,CARD1268,MERCH0090,2025-05-10 22:47:29,45.11,EUR,Reversed,Web,Refund
TX04869,CUST0893,ACC0893,CARD0682,MERCH0132,2025-05-31 10:59:26,90.8,EUR,Approved,POS,Purchase
TX04870,CUST0670,ACC0670,CARD1082,MERCH0009,2025-04-28 07:52:43,560.63,CAD,Approved,Web,Purchase
TX04871,CUST0059,ACC0059,CARD1370,MERCH0030,2025-08-23 01:25:36,222.95,USD,Approved,POS,Withdrawal
TX04872,CUST0893,ACC0893,CARD0682,MERCH0115,2025-03-23 04:50:21,61.93,USD,Approved,POS,Withdrawal
TX04873,CUST0601,ACC0601,CARD1093,MERCH0045,2025-03-22 21:40:27,149.89,USD,Approved,Web,Purchase
TX04874,CUST0968,ACC0968,CARD1170,MERCH0004,2025-09-29 12:57:03,12.65,USD,Approved,ATM,Purchase
TX04875,CUST0463,ACC0463,CARD0802,MERCH0069,2025-01-23 22:21:25,51.47,USD,Approved,Web,Withdrawal
TX04876,CUST0667,ACC0667,CARD0653,MERCH0023,2025-06-11 02:43:45,195.09,GBP,Approved,Mobile App,Purchase
TX04877,CUST0235,ACC0235,CARD0198,MERCH0016,2025-05-24 09:29:33,131.63,USD,Approved,POS,Purchase
TX04878,CUST0396,ACC0396,CARD0903,MERCH0022,2025-11-20 23:05:14,100.14,CAD,Approved,Web,Refund
TX04879,CUST0700,ACC0700,CARD1253,MERCH0072,2025-03-05 02:12:03,181.1,USD,Pending,Web,Purchase
TX04880,CUST0406,ACC0406,CARD1167,MERCH0048,2025-03-12 17:08:33,81.24,EUR,Approved,POS,Purchase
TX04881,CUST0157,ACC0157,CARD0485,MERCH0190,2025-05-05 02:55:56,8.98,INR,Approved,POS,Purchase
TX04882,CUST0137,ACC0137,CARD1486,MERCH0188,2025-11-27 07:04:42,92.25,USD,Approved,Mobile App,Purchase
TX04883,CUST0764,ACC0764,CARD0146,MERCH0107,2025-07-11 09:01:21,353.62,EUR,Approved,Web,Withdrawal
TX04884,CUST0554,ACC0554,CARD0413,MERCH0133,2025-08-30 11:13:51,296.33,GBP,Declined,Web,Purchase
TX04885,CUST0678,ACC0678,CARD0348,MERCH0007,2025-12-28 21:51:22,83.89,EUR,Approved,ATM,Purchase
TX04886,CUST0156,ACC0156,CARD0096,MERCH0051,2025-06-01 19:42:57,8.37,EUR,Approved,ATM,Purchase
TX04887,CUST0209,ACC0209,CARD0952,MERCH0065,2025-04-05 11:09:09,156.72,USD,Approved,Mobile App,Purchase
TX04888,CUST0944,ACC0944,CARD0363,MERCH0009,2025-03-05 08:12:44,207.75,GBP,Approved,Mobile App,Refund
TX04889,CUST0193,ACC0193,CARD0649,MERCH0082,2025-09-27 06:14:59,57.27,EUR,Approved,POS,Purchase
TX04890,CUST0082,ACC0082,CARD0162,MERCH0045,2025-04-10 08:55:32,102.13,USD,Approved,POS,Purchase
TX04891,CUST0504,ACC0504,CARD0522,MERCH0122,2025-11-17 01:15:33,726.59,INR,Approved,ATM,Purchase
TX04892,CUST0902,ACC0902,CARD0546,MERCH0175,2025-01-19 22:14:56,133.82,EUR,Approved,Web,Purchase
TX04893,CUST0009,ACC0009,CARD0467,MERCH0195,2025-04-16 22:37:41,69.87,EUR,Approved,Web,Refund
TX04894,CUST0541,ACC0541,CARD0727,MERCH0152,2025-08-14 15:36:47,153.12,GBP,Approved,POS,Purchase
TX04895,CUST0829,ACC0829,CARD0853,MERCH0010,2025-12-26 01:06:36,34.77,EUR,Approved,Mobile App,Withdrawal
TX04896,CUST0903,ACC0903,CARD1102,MERCH0073,2025-01-15 22:20:31,38.33,USD,Approved,POS,Purchase
TX04897,CUST0318,ACC0318,CARD0460,MERCH0048,2025-05-19 10:31:07,393.39,EUR,Approved,POS,Withdrawal
TX04898,CUST0672,ACC0672,CARD0456,MERCH0163,2025-02-03 15:54:11,46.01,GBP,Approved,POS,Transfer
TX04899,CUST0306,ACC0306,CARD0161,MERCH0182,2025-12-21 04:57:44,60.83,EUR,Approved,Web,Purchase
TX04900,CUST0673,ACC0673,CARD0829,MERCH0087,2025-07-29 06:41:22,122.72,INR,Approved,Web,Purchase
TX04901,CUST0703,ACC0703,CARD1426,MERCH0111,2025-07-15 19:51:33,349.93,USD,Approved,Web,Purchase
TX04902,CUST0086,ACC0086,CARD0816,MERCH0199,2025-04-25 17:56:26,233.11,USD,Approved,POS,Purchase
TX04903,CUST0676,ACC0676,CARD1025,MERCH0016,2025-05-30 09:40:51,11.72,EUR,Approved,Mobile App,Purchase
TX04904,CUST0681,ACC0681,CARD1215,MERCH0053,2025-08-30 23:13:26,182.15,EUR,Approved,ATM,Refund
TX04905,CUST0354,ACC0354,CARD0280,MERCH0040,2025-03-04 16:04:12,110.2,USD,Approved,POS,Purchase
TX04906,CUST0937,ACC0937,CARD0699,MERCH0100,2025-07-07 05:42:52,101.81,GBP,Approved,Mobile App,Withdrawal
TX04907,CUST0810,ACC0810,CARD0250,MERCH0020,2025-01-05 12:21:09,181.43,USD,Approved,ATM,Purchase
TX04908,CUST0716,ACC0716,CARD0736,MERCH0069,2025-06-15 16:54:21,37.77,USD,Approved,POS,Purchase
TX04909,CUST0805,ACC0805,CARD0034,MERCH0045,2025-01-25 15:30:03,603.41,INR,Approved,POS,Withdrawal
TX04910,CUST0001,ACC0001,CARD1127,MERCH0006,2025-04-08 20:50:19,160.48,USD,Approved,ATM,Refund
TX04911,CUST0008,ACC0008,CARD0122,MERCH0197,2025-05-30 10:03:52,73.27,INR,Approved,POS,Purchase
TX04912,CUST0160,ACC0160,CARD0749,MERCH0177,2025-09-09 06:03:08,142.52,USD,Approved,POS,Purchase
TX04913,CUST0261,ACC0261,CARD0151,MERCH0039,2025-06-21 04:28:12,41.59,USD,Approved,Web,Withdrawal
TX04914,CUST0520,ACC0520,CARD0896,MERCH0102,2025-04-19 21:37:30,155.7,GBP,Approved,Web,Withdrawal
TX04915,CUST0930,ACC0930,CARD0028,MERCH0130,2025-09-03 03:37:48,9.29,GBP,Approved,Web,Transfer
TX04916,CUST0550,ACC0550,CARD0617,MERCH0107,2025-10-25 13:28:46,67.6,EUR,Approved,Web,Purchase
TX04917,CUST0245,ACC0245,CARD1373,MERCH0039,2025-03-20 21:16:33,211.46,USD,Approved,Web,Withdrawal
TX04918,CUST0446,ACC0446,CARD0636,MERCH0118,2025-09-15 17:36:12,252.52,EUR,Reversed,POS,Purchase
TX04919,CUST0386,ACC0386,CARD1417,MERCH0149,2025-02-16 18:54:46,48.74,USD,Pending,POS,Purchase
TX04920,CUST0469,ACC0469,CARD0897,MERCH0168,2025-03-30 01:58:09,121.29,GBP,Pending,Web,Purchase
TX04921,CUST0730,ACC0730,CARD1340,MERCH0082,2025-08-28 13:47:21,117.77,USD,Declined,Mobile App,Purchase
TX04922,CUST0797,ACC0797,CARD0001,MERCH0054,2025-09-25 18:29:32,87.09,GBP,Approved,ATM,Refund
TX04923,CUST0883,ACC0883,CARD0667,MERCH0110,2025-05-17 15:51:01,43.9,EUR,Approved,Web,Purchase
TX04924,CUST0687,ACC0687,CARD1141,MERCH0012,2025-07-17 01:42:02,187.22,EUR,Approved,POS,Purchase
TX04925,CUST0202,ACC0202,CARD1137,MERCH0165,2025-08-31 04:29:10,48.63,GBP,Approved,ATM,Withdrawal
TX04926,CUST0731,ACC0731,CARD1202,MERCH0110,2025-03-20 21:27:08,367.91,USD,Approved,POS,Withdrawal
TX04927,CUST0886,ACC0886,CARD0061,MERCH0038,2025-10-06 00:29:27,117.78,GBP,Approved,POS,Purchase
TX04928,CUST0870,ACC0870,CARD0043,MERCH0143,2025-04-11 16:06:39,311.59,USD,Approved,Mobile App,Purchase
TX04929,CUST0357,ACC0357,CARD0302,MERCH0007,2025-04-19 07:48:02,56.53,USD,Approved,Web,Purchase
TX04930,CUST0129,ACC0129,CARD0503,MERCH0078,2025-08-21 06:31:01,251.82,EUR,Approved,POS,Purchase
TX04931,CUST0242,ACC0242,CARD0187,MERCH0178,2025-08-20 13:03:51,23.1,CAD,Approved,ATM,Refund
TX04932,CUST0371,ACC0371,CARD0128,MERCH0065,2025-08-26 22:57:08,223.4,USD,Declined,ATM,Purchase
TX04933,CUST0914,ACC0914,CARD0831,MERCH0102,2025-09-30 11:01:58,78.4,EUR,Approved,POS,Transfer
TX04934,CUST0474,ACC0474,CARD0581,MERCH0195,2025-02-10 03:32:57,100.23,EUR,Approved,Mobile App,Purchase
TX04935,CUST0601,ACC0601,CARD1093,MERCH0101,2025-09-14 02:18:28,32.37,USD,Approved,Web,Withdrawal
TX04936,CUST0217,ACC0217,CARD1249,MERCH0044,2025-01-19 22:27:45,7.82,USD,Declined,POS,Purchase
TX04937,CUST0809,ACC0809,CARD0154,MERCH0031,2025-02-28 01:18:34,169.58,EUR,Approved,ATM,Purchase
TX04938,CUST0981,ACC0981,CARD1306,MERCH0171,2025-10-11 22:16:06,137.91,USD,Approved,POS,Withdrawal
TX04939,CUST0066,ACC0066,CARD1479,MERCH0077,2025-09-08 19:14:05,151.1,EUR,Approved,POS,Purchase
TX04940,CUST0533,ACC0533,CARD0285,MERCH0048,2025-12-05 21:23:47,49.16,GBP,Approved,POS,Withdrawal
TX04941,CUST0463,ACC0463,CARD0802,MERCH0082,2025-05-01 10:58:50,46.02,GBP,Approved,Web,Purchase
TX04942,CUST0620,ACC0620,CARD1187,MERCH0127,2025-05-11 03:59:18,271.06,USD,Approved,POS,Transfer
TX04943,CUST0904,ACC0904,CARD1097,MERCH0189,2025-05-25 16:18:14,219.85,EUR,Approved,Mobile App,Refund
TX04944,CUST0493,ACC0493,CARD1228,MERCH0084,2025-06-03 13:58:41,66.6,USD,Approved,Web,Withdrawal
TX04945,CUST0161,ACC0161,CARD1195,MERCH0010,2025-09-09 20:28:29,157.34,EUR,Approved,POS,Purchase
TX04946,CUST0365,ACC0365,CARD0253,MERCH0029,2025-10-29 03:08:53,269.17,INR,Declined,Web,Purchase
TX04947,CUST0078,ACC0078,CARD1130,MERCH0048,2025-01-31 03:09:16,334.5,USD,Approved,Web,Withdrawal
TX04948,CUST0926,ACC0926,CARD0056,MERCH0190,2025-05-17 14:16:02,5.87,EUR,Approved,POS,Refund
TX04949,CUST0222,ACC0222,CARD0730,MERCH0116,2025-03-22 12:23:39,256.87,GBP,Approved,POS,Purchase
TX04950,CUST0693,ACC0693,CARD0815,MERCH0013,2025-03-04 22:35:31,69.71,EUR,Approved,Web,Withdrawal
TX04951,CUST0100,ACC0100,CARD0188,MERCH0172,2025-02-17 00:32:23,195.08,EUR,Approved,POS,Purchase
TX04952,CUST0324,ACC0324,CARD0038,MERCH0047,2025-03-15 16:43:37,74.64,USD,Approved,Mobile App,Withdrawal
TX04953,CUST0305,ACC0305,CARD0957,MERCH0103,2025-07-11 05:50:21,144.81,EUR,Declined,POS,Transfer
TX04954,CUST0086,ACC0086,CARD0816,MERCH0192,2025-06-06 21:28:06,161.1,USD,Approved,Web,Transfer
TX04955,CUST0984,ACC0984,CARD0315,MERCH0091,2025-09-23 04:37:19,82.88,EUR,Declined,Web,Withdrawal
TX04956,CUST0753,ACC0753,CARD0010,MERCH0053,2025-02-08 17:56:06,112.86,EUR,Approved,Web,Purchase
TX04957,CUST0366,ACC0366,CARD0981,MERCH0092,2025-01-28 05:10:40,199.37,GBP,Declined,POS,Transfer
TX04958,CUST0535,ACC0535,CARD0012,MERCH0077,2025-03-16 18:04:48,102.03,USD,Approved,POS,Purchase
TX04959,CUST0797,ACC0797,CARD0001,MERCH0044,2025-12-03 00:31:31,7.11,EUR,Approved,POS,Purchase
TX04960,CUST0079,ACC0079,CARD0703,MERCH0156,2025-04-10 17:30:21,6.95,EUR,Approved,Web,Refund
TX04961,CUST0159,ACC0159,CARD0231,MERCH0002,2025-11-12 14:36:56,167.4,USD,Approved,POS,Purchase
TX04962,CUST0207,ACC0207,CARD1411,MERCH0101,2025-06-05 02:46:07,286.83,EUR,Approved,POS,Withdrawal
TX04963,CUST0157,ACC0157,CARD0485,MERCH0057,2025-12-19 11:09:54,235.76,USD,Approved,POS,Purchase
TX04964,CUST0705,ACC0705,CARD1257,MERCH0057,2025-05-16 23:51:13,60.75,USD,Approved,Mobile App,Purchase
TX04965,CUST0798,ACC0798,CARD0051,MERCH0034,2025-07-17 20:05:07,100.55,USD,Approved,ATM,Purchase
TX04966,CUST0736,ACC0736,CARD0740,MERCH0058,2025-02-27 08:41:41,45.02,USD,Approved,Web,Purchase
TX04967,CUST0137,ACC0137,CARD1486,MERCH0180,2025-04-03 08:44:20,683.54,CAD,Pending,Web,Purchase
TX04968,CUST0159,ACC0159,CARD0231,MERCH0157,2025-05-17 02:43:52,50.27,USD,Approved,POS,Purchase
TX04969,CUST0816,ACC0816,CARD0268,MERCH0035,2025-11-01 03:30:26,85.75,CAD,Approved,Web,Purchase
TX04970,CUST0958,ACC0958,CARD0126,MERCH0075,2025-01-17 23:20:21,176.45,USD,Approved,Web,Withdrawal
TX04971,CUST0493,ACC0493,CARD1228,MERCH0176,2025-04-22 04:40:02,318.14,EUR,Reversed,Web,Purchase
TX04972,CUST0216,ACC0216,CARD0855,MERCH0033,2025-11-01 06:09:19,12.93,EUR,Approved,POS,Refund
TX04973,CUST0173,ACC0173,CARD0796,MERCH0115,2025-03-26 15:47:23,58.72,CAD,Approved,Web,Purchase
TX04974,CUST0785,ACC0785,CARD0771,MERCH0075,2025-09-09 09:35:19,131.24,GBP,Approved,POS,Refund
TX04975,CUST0491,ACC0491,CARD1012,MERCH0073,2025-05-06 23:29:37,149.47,INR,Approved,POS,Withdrawal
TX04976,CUST0278,ACC0278,CARD0009,MERCH0078,2025-10-31 15:53:43,15.89,GBP,Approved,POS,Purchase
TX04977,CUST0183,ACC0183,CARD1401,MERCH0009,2025-01-28 04:54:33,168.63,USD,Approved,POS,Purchase
TX04978,CUST0038,ACC0038,CARD0700,MERCH0048,2025-02-21 09:51:10,117.64,INR,Approved,POS,Transfer
TX04979,CUST0920,ACC0920,CARD0008,MERCH0067,2025-05-12 23:33:45,268.71,INR,Approved,POS,Refund
TX04980,CUST0461,ACC0461,CARD0634,MERCH0164,2025-07-26 17:03:27,42.69,USD,Approved,POS,Refund
TX04981,CUST0026,ACC0026,CARD0277,MERCH0199,2025-03-03 09:54:50,37.54,CAD,Approved,POS,Purchase
TX04982,CUST0075,ACC0075,CARD1022,MERCH0119,2025-05-12 23:45:44,241.5,EUR,Reversed,POS,Purchase
TX04983,CUST0683,ACC0683,CARD1433,MERCH0172,2025-07-20 07:37:26,187.54,CAD,Approved,POS,Purchase
TX04984,CUST0402,ACC0402,CARD0400,MERCH0188,2025-10-11 13:28:04,240.3,CAD,Approved,POS,Purchase
TX04985,CUST0130,ACC0130,CARD0407,MERCH0191,2025-02-16 01:10:25,233.44,CAD,Approved,Web,Purchase
TX04986,CUST0233,ACC0233,CARD0280,MERCH0133,2025-07-14 20:45:45,21.47,CAD,Approved,ATM,Purchase
TX04987,CUST0278,ACC0278,CARD0009,MERCH0119,2025-04-27 22:34:19,53.98,USD,Approved,ATM,Withdrawal
TX04988,CUST0588,ACC0588,CARD0396,MERCH0086,2025-03-10 03:15:21,50.18,USD,Approved,Web,Withdrawal
TX04989,CUST0437,ACC0437,CARD0884,MERCH0106,2025-01-28 10:57:17,414.06,USD,Approved,Web,Purchase
TX04990,CUST0228,ACC0228,CARD1208,MERCH0076,2025-02-15 09:05:26,105.26,USD,Pending,POS,Purchase
TX04991,CUST0980,ACC0980,CARD0692,MERCH0040,2025-01-16 22:10:37,22.66,USD,Approved,ATM,Purchase
TX04992,CUST0564,ACC0564,CARD0920,MERCH0019,2025-07-28 17:57:49,56.28,EUR,Approved,Mobile App,Transfer
TX04993,CUST0003,ACC0003,CARD0861,MERCH0047,2025-12-03 19:53:36,313.24,USD,Approved,Mobile App,Refund
TX04994,CUST0383,ACC0383,CARD1410,MERCH0065,2025-08-29 01:09:13,286.66,GBP,Approved,POS,Purchase
TX04995,CUST0631,ACC0631,CARD0913,MERCH0195,2025-10-31 05:29:20,350.9,GBP,Declined,Web,Purchase
TX04996,CUST0393,ACC0393,CARD0408,MERCH0146,2025-12-11 01:03:20,78.78,EUR,Approved,POS,Purchase
TX04997,CUST0516,ACC0516,CARD0792,MERCH0178,2025-01-14 08:20:54,158.81,EUR,Approved,ATM,Purchase
TX04998,CUST0356,ACC0356,CARD0497,MERCH0030,2025-08-31 00:16:32,53.9,USD,Approved,POS,Purchase
TX04999,CUST0349,ACC0349,CARD1070,MERCH0126,2025-05-25 16:44:42,34.92,USD,Approved,Web,Purchase
TX05000,CUST0846,ACC0846,CARD0249,MERCH0066,2025-11-22 14:40:38,8.32,EUR,Approved,POS,Purchase
